[
    {
        "productId": "0007565600205",
        "upc": "0007565600205",
        "productPageURI": "/p/ja-ru-super-sport-basketball-game/0007565600205?cid=dis.api.tpi_products-api_20240521_b:all_c:np_t:lookupproduct-243261",
        "aisleLocations": [
            {
                "description": "DRUG/GM",
                "number": "0"
            }
        ],
        "brand": "JA-RU",
        "categories": [
            "Entertainment"
        ],
        "description": "JA-RU Super Sport Basketball Game",
        "images": [
            {
                "perspective": "front",
                "featured": true,
                "sizes": [
                    {
                        "size": "xlarge",
                        "url": "https://www.kroger.com/product/images/xlarge/front/0007565600205"
                    },
                    {
                        "size": "large",
                        "url": "https://www.kroger.com/product/images/large/front/0007565600205"
                    },
                    {
                        "size": "medium",
                        "url": "https://www.kroger.com/product/images/medium/front/0007565600205"
                    },
                    {
                        "size": "small",
                        "url": "https://www.kroger.com/product/images/small/front/0007565600205"
                    },
                    {
                        "size": "thumbnail",
                        "url": "https://www.kroger.com/product/images/thumbnail/front/0007565600205"
                    }
                ]
            }
        ],
        "items": [
            {
                "itemId": "0007565600205",
                "inventory": {
                    "stockLevel": "HIGH"
                },
                "favorite": false,
                "fulfillment": {
                    "curbside": true,
                    "delivery": true,
                    "inStore": true,
                    "shipToHome": false
                },
                "price": {
                    "regular": 5.49,
                    "promo": 0
                },
                "size": "2 pc",
                "soldBy": "UNIT"
            }
        ],
        "itemInformation": {},
        "temperature": {
            "indicator": "Ambient",
            "heatSensitive": false
        }
    },
    {
        "productId": "0008332106483",
        "upc": "0008332106483",
        "productPageURI": "/p/rawlings-brown-indoor-and-outdoor-basketball-case-of-1-/0008332106483?cid=dis.api.tpi_products-api_20240521_b:all_c:np_t:lookupproduct-243261",
        "aisleLocations": [],
        "categories": [
            "Sporting Goods"
        ],
        "description": "Rawlings Brown Indoor and Outdoor Basketball - Case Of: 1;",
        "images": [
            {
                "perspective": "front",
                "featured": true,
                "sizes": [
                    {
                        "size": "xlarge",
                        "url": "https://www.kroger.com/product/images/xlarge/front/0008332106483"
                    },
                    {
                        "size": "large",
                        "url": "https://www.kroger.com/product/images/large/front/0008332106483"
                    },
                    {
                        "size": "medium",
                        "url": "https://www.kroger.com/product/images/medium/front/0008332106483"
                    },
                    {
                        "size": "small",
                        "url": "https://www.kroger.com/product/images/small/front/0008332106483"
                    },
                    {
                        "size": "thumbnail",
                        "url": "https://www.kroger.com/product/images/thumbnail/front/0008332106483"
                    }
                ]
            }
        ],
        "items": [
            {
                "itemId": "0008332106483",
                "favorite": false,
                "fulfillment": {
                    "curbside": false,
                    "delivery": false,
                    "inStore": false,
                    "shipToHome": false
                },
                "size": "1"
            }
        ],
        "itemInformation": {},
        "temperature": {
            "indicator": "Ambient",
            "heatSensitive": false
        }
    },
    {
        "productId": "0003314910562",
        "upc": "0003314910562",
        "productPageURI": "/p/hedstrom-8-5-in-playground-ball-3-year-total-qty-1-each-pack-qty-1/0003314910562?cid=dis.api.tpi_products-api_20240521_b:all_c:np_t:lookupproduct-243261",
        "aisleLocations": [],
        "categories": [
            "Sporting Goods"
        ],
        "description": "Hedstrom 8.5 in. Playground Ball 3+ year - Total Qty: 1; Each Pack Qty: 1",
        "images": [
            {
                "perspective": "front",
                "featured": true,
                "sizes": [
                    {
                        "size": "xlarge",
                        "url": "https://www.kroger.com/product/images/xlarge/front/0003314910562"
                    },
                    {
                        "size": "large",
                        "url": "https://www.kroger.com/product/images/large/front/0003314910562"
                    },
                    {
                        "size": "medium",
                        "url": "https://www.kroger.com/product/images/medium/front/0003314910562"
                    },
                    {
                        "size": "small",
                        "url": "https://www.kroger.com/product/images/small/front/0003314910562"
                    },
                    {
                        "size": "thumbnail",
                        "url": "https://www.kroger.com/product/images/thumbnail/front/0003314910562"
                    }
                ]
            }
        ],
        "items": [
            {
                "itemId": "0003314910562",
                "favorite": false,
                "fulfillment": {
                    "curbside": false,
                    "delivery": false,
                    "inStore": false,
                    "shipToHome": false
                },
                "size": "1"
            }
        ],
        "itemInformation": {},
        "temperature": {
            "indicator": "Ambient",
            "heatSensitive": false
        }
    },
    {
        "productId": "0061329799221",
        "upc": "0061329799221",
        "productPageURI": "/p/2021-panini-chronicles-draft-picks-collegiate-basketball-hanger-box/0061329799221?cid=dis.api.tpi_products-api_20240521_b:all_c:np_t:lookupproduct-243261",
        "aisleLocations": [],
        "categories": [
            "Entertainment"
        ],
        "description": "2021 Panini Chronicles Draft Picks Collegiate Basketball Hanger Box",
        "images": [
            {
                "perspective": "front",
                "featured": true,
                "sizes": [
                    {
                        "size": "xlarge",
                        "url": "https://www.kroger.com/product/images/xlarge/front/0061329799221"
                    },
                    {
                        "size": "large",
                        "url": "https://www.kroger.com/product/images/large/front/0061329799221"
                    },
                    {
                        "size": "medium",
                        "url": "https://www.kroger.com/product/images/medium/front/0061329799221"
                    },
                    {
                        "size": "small",
                        "url": "https://www.kroger.com/product/images/small/front/0061329799221"
                    },
                    {
                        "size": "thumbnail",
                        "url": "https://www.kroger.com/product/images/thumbnail/front/0061329799221"
                    }
                ]
            }
        ],
        "items": [
            {
                "itemId": "0061329799221",
                "favorite": false,
                "fulfillment": {
                    "curbside": false,
                    "delivery": false,
                    "inStore": false,
                    "shipToHome": false
                },
                "size": "1"
            }
        ],
        "itemInformation": {},
        "temperature": {
            "indicator": "Ambient",
            "heatSensitive": false
        }
    },
    {
        "productId": "0005074361232",
        "upc": "0005074361232",
        "productPageURI": "/p/little-tikes-totsports-easy-score-adjustable-basketball-set-with-round-backboard/0005074361232?cid=dis.api.tpi_products-api_20240521_b:all_c:np_t:lookupproduct-243261",
        "aisleLocations": [],
        "categories": [
            "Entertainment"
        ],
        "description": "Little Tikes TotSports Easy Score Adjustable Basketball Set with Round Backboard",
        "images": [
            {
                "perspective": "front",
                "featured": true,
                "sizes": [
                    {
                        "size": "xlarge",
                        "url": "https://www.kroger.com/product/images/xlarge/front/0005074361232"
                    },
                    {
                        "size": "large",
                        "url": "https://www.kroger.com/product/images/large/front/0005074361232"
                    },
                    {
                        "size": "medium",
                        "url": "https://www.kroger.com/product/images/medium/front/0005074361232"
                    },
                    {
                        "size": "small",
                        "url": "https://www.kroger.com/product/images/small/front/0005074361232"
                    },
                    {
                        "size": "thumbnail",
                        "url": "https://www.kroger.com/product/images/thumbnail/front/0005074361232"
                    }
                ]
            }
        ],
        "items": [
            {
                "itemId": "0005074361232",
                "favorite": false,
                "fulfillment": {
                    "curbside": false,
                    "delivery": false,
                    "inStore": false,
                    "shipToHome": false
                },
                "size": "1"
            }
        ],
        "itemInformation": {},
        "temperature": {
            "indicator": "Ambient",
            "heatSensitive": false
        }
    },
    {
        "productId": "0008148300075",
        "upc": "0008148300075",
        "productPageURI": "/p/lifetime-black-backboard-and-rim-set-total-qty-1/0008148300075?cid=dis.api.tpi_products-api_20240521_b:all_c:np_t:lookupproduct-243261",
        "aisleLocations": [],
        "categories": [
            "Sporting Goods"
        ],
        "description": "Lifetime Black Backboard and Rim Set - Total Qty: 1",
        "images": [
            {
                "perspective": "front",
                "featured": true,
                "sizes": [
                    {
                        "size": "xlarge",
                        "url": "https://www.kroger.com/product/images/xlarge/front/0008148300075"
                    },
                    {
                        "size": "large",
                        "url": "https://www.kroger.com/product/images/large/front/0008148300075"
                    },
                    {
                        "size": "medium",
                        "url": "https://www.kroger.com/product/images/medium/front/0008148300075"
                    },
                    {
                        "size": "small",
                        "url": "https://www.kroger.com/product/images/small/front/0008148300075"
                    },
                    {
                        "size": "thumbnail",
                        "url": "https://www.kroger.com/product/images/thumbnail/front/0008148300075"
                    }
                ]
            }
        ],
        "items": [
            {
                "itemId": "0008148300075",
                "favorite": false,
                "fulfillment": {
                    "curbside": false,
                    "delivery": false,
                    "inStore": false,
                    "shipToHome": false
                },
                "size": "1"
            }
        ],
        "itemInformation": {},
        "temperature": {
            "indicator": "Ambient",
            "heatSensitive": false
        }
    }
]