[
    {
        "productId": "0064201650010",
        "upc": "0064201650010",
        "productPageURI": "/p/planet-bike-358451-ars-ladies-saddle-silver-black/0064201650010?cid=dis.api.tpi_products-api_20240521_b:all_c:np_t:lookupproduct-243261",
        "aisleLocations": [],
        "categories": [
            "Entertainment"
        ],
        "description": "Planet Bike 358451 ARS Ladies Saddle, Silver & Black",
        "items": [
            {
                "itemId": "0064201650010",
                "favorite": false,
                "fulfillment": {
                    "curbside": false,
                    "delivery": false,
                    "inStore": false,
                    "shipToHome": false
                },
                "size": "1"
            }
        ],
        "itemInformation": {},
        "temperature": {
            "indicator": "Ambient",
            "heatSensitive": false
        }
    },
    {
        "productId": "0002891464209",
        "upc": "0002891464209",
        "productPageURI": "/p/huffy-granite-boys-mountain-bicycle-charcoal-orange-black/0002891464209?cid=dis.api.tpi_products-api_20240521_b:all_c:np_t:lookupproduct-243261",
        "aisleLocations": [],
        "brand": "Huffy (19119)",
        "categories": [
            "Sporting Goods"
        ],
        "countryOrigin": "CHINA",
        "description": "Huffy Granite Boys' Mountain Bicycle - Charcoal/Orange/Black",
        "images": [
            {
                "perspective": "front",
                "featured": true,
                "sizes": [
                    {
                        "size": "xlarge",
                        "url": "https://www.kroger.com/product/images/xlarge/front/0002891464209"
                    },
                    {
                        "size": "large",
                        "url": "https://www.kroger.com/product/images/large/front/0002891464209"
                    },
                    {
                        "size": "medium",
                        "url": "https://www.kroger.com/product/images/medium/front/0002891464209"
                    },
                    {
                        "size": "small",
                        "url": "https://www.kroger.com/product/images/small/front/0002891464209"
                    },
                    {
                        "size": "thumbnail",
                        "url": "https://www.kroger.com/product/images/thumbnail/front/0002891464209"
                    }
                ]
            }
        ],
        "items": [
            {
                "itemId": "0002891464209",
                "inventory": {
                    "stockLevel": "HIGH"
                },
                "favorite": false,
                "fulfillment": {
                    "curbside": true,
                    "delivery": true,
                    "inStore": true,
                    "shipToHome": false
                },
                "size": "24 in"
            }
        ],
        "itemInformation": {},
        "temperature": {
            "indicator": "Ambient",
            "heatSensitive": false
        }
    },
    {
        "productId": "0079782410186",
        "upc": "0079782410186",
        "productPageURI": "/p/trimax-rmbr4-hitch-mount-tray-style-4-bike-carrier/0079782410186?cid=dis.api.tpi_products-api_20240521_b:all_c:np_t:lookupproduct-243261",
        "aisleLocations": [],
        "categories": [
            "Entertainment"
        ],
        "description": "Trimax RMBR4 Hitch Mount Tray Style 4 Bike Carrier",
        "items": [
            {
                "itemId": "0079782410186",
                "favorite": false,
                "fulfillment": {
                    "curbside": false,
                    "delivery": false,
                    "inStore": false,
                    "shipToHome": false
                },
                "size": "1"
            }
        ],
        "itemInformation": {},
        "temperature": {
            "indicator": "Ambient",
            "heatSensitive": false
        }
    },
    {
        "productId": "0002891426209",
        "upc": "0002891426209",
        "productPageURI": "/p/huffy-granite-men-s-mountain-bicycle-silver-blue-black/0002891426209?cid=dis.api.tpi_products-api_20240521_b:all_c:np_t:lookupproduct-243261",
        "aisleLocations": [],
        "brand": "Huffy (19119)",
        "categories": [
            "Sporting Goods"
        ],
        "countryOrigin": "CHINA",
        "description": "Huffy Granite Men's Mountain Bicycle - Silver/Blue/Black",
        "images": [
            {
                "perspective": "back",
                "sizes": [
                    {
                        "size": "xlarge",
                        "url": "https://www.kroger.com/product/images/xlarge/back/0002891426209"
                    },
                    {
                        "size": "large",
                        "url": "https://www.kroger.com/product/images/large/back/0002891426209"
                    },
                    {
                        "size": "medium",
                        "url": "https://www.kroger.com/product/images/medium/back/0002891426209"
                    },
                    {
                        "size": "small",
                        "url": "https://www.kroger.com/product/images/small/back/0002891426209"
                    },
                    {
                        "size": "thumbnail",
                        "url": "https://www.kroger.com/product/images/thumbnail/back/0002891426209"
                    }
                ]
            },
            {
                "perspective": "right",
                "sizes": [
                    {
                        "size": "xlarge",
                        "url": "https://www.kroger.com/product/images/xlarge/right/0002891426209"
                    },
                    {
                        "size": "large",
                        "url": "https://www.kroger.com/product/images/large/right/0002891426209"
                    },
                    {
                        "size": "medium",
                        "url": "https://www.kroger.com/product/images/medium/right/0002891426209"
                    },
                    {
                        "size": "small",
                        "url": "https://www.kroger.com/product/images/small/right/0002891426209"
                    },
                    {
                        "size": "thumbnail",
                        "url": "https://www.kroger.com/product/images/thumbnail/right/0002891426209"
                    }
                ]
            },
            {
                "perspective": "front",
                "featured": true,
                "sizes": [
                    {
                        "size": "xlarge",
                        "url": "https://www.kroger.com/product/images/xlarge/front/0002891426209"
                    },
                    {
                        "size": "large",
                        "url": "https://www.kroger.com/product/images/large/front/0002891426209"
                    },
                    {
                        "size": "medium",
                        "url": "https://www.kroger.com/product/images/medium/front/0002891426209"
                    },
                    {
                        "size": "small",
                        "url": "https://www.kroger.com/product/images/small/front/0002891426209"
                    },
                    {
                        "size": "thumbnail",
                        "url": "https://www.kroger.com/product/images/thumbnail/front/0002891426209"
                    }
                ]
            },
            {
                "perspective": "top",
                "sizes": [
                    {
                        "size": "xlarge",
                        "url": "https://www.kroger.com/product/images/xlarge/top/0002891426209"
                    },
                    {
                        "size": "large",
                        "url": "https://www.kroger.com/product/images/large/top/0002891426209"
                    },
                    {
                        "size": "medium",
                        "url": "https://www.kroger.com/product/images/medium/top/0002891426209"
                    },
                    {
                        "size": "small",
                        "url": "https://www.kroger.com/product/images/small/top/0002891426209"
                    },
                    {
                        "size": "thumbnail",
                        "url": "https://www.kroger.com/product/images/thumbnail/top/0002891426209"
                    }
                ]
            },
            {
                "perspective": "left",
                "sizes": [
                    {
                        "size": "xlarge",
                        "url": "https://www.kroger.com/product/images/xlarge/left/0002891426209"
                    },
                    {
                        "size": "large",
                        "url": "https://www.kroger.com/product/images/large/left/0002891426209"
                    },
                    {
                        "size": "medium",
                        "url": "https://www.kroger.com/product/images/medium/left/0002891426209"
                    },
                    {
                        "size": "small",
                        "url": "https://www.kroger.com/product/images/small/left/0002891426209"
                    },
                    {
                        "size": "thumbnail",
                        "url": "https://www.kroger.com/product/images/thumbnail/left/0002891426209"
                    }
                ]
            }
        ],
        "items": [
            {
                "itemId": "0002891426209",
                "favorite": false,
                "fulfillment": {
                    "curbside": true,
                    "delivery": true,
                    "inStore": true,
                    "shipToHome": false
                },
                "size": "26 in"
            }
        ],
        "itemInformation": {},
        "temperature": {
            "indicator": "Ambient",
            "heatSensitive": false
        }
    },
    {
        "productId": "0074372419240",
        "upc": "0074372419240",
        "productPageURI": "/p/micargi-skeeter-gre-12-in-bicycle-green-frame-black-wheel/0074372419240?cid=dis.api.tpi_products-api_20240521_b:all_c:np_t:lookupproduct-243261",
        "aisleLocations": [],
        "categories": [
            "Entertainment"
        ],
        "description": "Micargi SKEETER-GRE 12 in. Bicycle, Green Frame & Black Wheel",
        "items": [
            {
                "itemId": "0074372419240",
                "favorite": false,
                "fulfillment": {
                    "curbside": false,
                    "delivery": false,
                    "inStore": false,
                    "shipToHome": false
                },
                "size": "1"
            }
        ],
        "itemInformation": {},
        "temperature": {
            "indicator": "Ambient",
            "heatSensitive": false
        }
    },
    {
        "productId": "0074372419360",
        "upc": "0074372419360",
        "productPageURI": "/p/micargi-mbr12y-b-bl-12-in-boys-bmx-bicycle-blue/0074372419360?cid=dis.api.tpi_products-api_20240521_b:all_c:np_t:lookupproduct-243261",
        "aisleLocations": [],
        "categories": [
            "Entertainment"
        ],
        "description": "Micargi MBR12Y-B-BL 12 in. Boys BMX Bicycle, Blue",
        "images": [
            {
                "perspective": "front",
                "featured": true,
                "sizes": [
                    {
                        "size": "xlarge",
                        "url": "https://www.kroger.com/product/images/xlarge/front/0074372419360"
                    },
                    {
                        "size": "large",
                        "url": "https://www.kroger.com/product/images/large/front/0074372419360"
                    },
                    {
                        "size": "medium",
                        "url": "https://www.kroger.com/product/images/medium/front/0074372419360"
                    },
                    {
                        "size": "small",
                        "url": "https://www.kroger.com/product/images/small/front/0074372419360"
                    },
                    {
                        "size": "thumbnail",
                        "url": "https://www.kroger.com/product/images/thumbnail/front/0074372419360"
                    }
                ]
            }
        ],
        "items": [
            {
                "itemId": "0074372419360",
                "favorite": false,
                "fulfillment": {
                    "curbside": false,
                    "delivery": false,
                    "inStore": false,
                    "shipToHome": false
                },
                "size": "1"
            }
        ],
        "itemInformation": {},
        "temperature": {
            "indicator": "Ambient",
            "heatSensitive": false
        }
    },
    {
        "productId": "0074372419162",
        "upc": "0074372419162",
        "productPageURI": "/p/micargi-kiddy-g-pk-16-in-girls-bmx-bicycle-pink/0074372419162?cid=dis.api.tpi_products-api_20240521_b:all_c:np_t:lookupproduct-243261",
        "aisleLocations": [],
        "categories": [
            "Entertainment"
        ],
        "description": "Micargi KIDDY-G-PK 16 in. Girls BMX Bicycle, Pink",
        "images": [
            {
                "perspective": "front",
                "featured": true,
                "sizes": [
                    {
                        "size": "xlarge",
                        "url": "https://www.kroger.com/product/images/xlarge/front/0074372419162"
                    },
                    {
                        "size": "large",
                        "url": "https://www.kroger.com/product/images/large/front/0074372419162"
                    },
                    {
                        "size": "medium",
                        "url": "https://www.kroger.com/product/images/medium/front/0074372419162"
                    },
                    {
                        "size": "small",
                        "url": "https://www.kroger.com/product/images/small/front/0074372419162"
                    },
                    {
                        "size": "thumbnail",
                        "url": "https://www.kroger.com/product/images/thumbnail/front/0074372419162"
                    }
                ]
            }
        ],
        "items": [
            {
                "itemId": "0074372419162",
                "favorite": false,
                "fulfillment": {
                    "curbside": false,
                    "delivery": false,
                    "inStore": false,
                    "shipToHome": false
                },
                "size": "1"
            }
        ],
        "itemInformation": {},
        "temperature": {
            "indicator": "Ambient",
            "heatSensitive": false
        }
    },
    {
        "productId": "0074372419165",
        "upc": "0074372419165",
        "productPageURI": "/p/micargi-jakster-b-20-rd-20-in-boys-bmx-bicycle-red-21-x-7-x-45-in-/0074372419165?cid=dis.api.tpi_products-api_20240521_b:all_c:np_t:lookupproduct-243261",
        "aisleLocations": [],
        "categories": [
            "Entertainment"
        ],
        "description": "Micargi JAKSTER-B-20-RD 20 in. Boys BMX Bicycle, Red - 21 x 7 x 45 in.",
        "items": [
            {
                "itemId": "0074372419165",
                "favorite": false,
                "fulfillment": {
                    "curbside": false,
                    "delivery": false,
                    "inStore": false,
                    "shipToHome": false
                },
                "size": "1"
            }
        ],
        "itemInformation": {},
        "temperature": {
            "indicator": "Ambient",
            "heatSensitive": false
        }
    },
    {
        "productId": "0074372419167",
        "upc": "0074372419167",
        "productPageURI": "/p/micargi-mbr12y-b-bk-12-in-boys-bmx-bicycle-black-12-x-7-x-28-in-/0074372419167?cid=dis.api.tpi_products-api_20240521_b:all_c:np_t:lookupproduct-243261",
        "aisleLocations": [],
        "categories": [
            "Entertainment"
        ],
        "description": "Micargi MBR12Y-B-BK 12 in. Boys BMX Bicycle, Black - 12 x 7 x 28 in.",
        "images": [
            {
                "perspective": "front",
                "featured": true,
                "sizes": [
                    {
                        "size": "xlarge",
                        "url": "https://www.kroger.com/product/images/xlarge/front/0074372419167"
                    },
                    {
                        "size": "large",
                        "url": "https://www.kroger.com/product/images/large/front/0074372419167"
                    },
                    {
                        "size": "medium",
                        "url": "https://www.kroger.com/product/images/medium/front/0074372419167"
                    },
                    {
                        "size": "small",
                        "url": "https://www.kroger.com/product/images/small/front/0074372419167"
                    },
                    {
                        "size": "thumbnail",
                        "url": "https://www.kroger.com/product/images/thumbnail/front/0074372419167"
                    }
                ]
            }
        ],
        "items": [
            {
                "itemId": "0074372419167",
                "favorite": false,
                "fulfillment": {
                    "curbside": false,
                    "delivery": false,
                    "inStore": false,
                    "shipToHome": false
                },
                "size": "1"
            }
        ],
        "itemInformation": {},
        "temperature": {
            "indicator": "Ambient",
            "heatSensitive": false
        }
    },
    {
        "productId": "0074372419168",
        "upc": "0074372419168",
        "productPageURI": "/p/micargi-ellie-g-20-hpk-pk-20-in-girls-bicycle-hot-pink-pink/0074372419168?cid=dis.api.tpi_products-api_20240521_b:all_c:np_t:lookupproduct-243261",
        "aisleLocations": [],
        "categories": [
            "Entertainment"
        ],
        "description": "Micargi ELLIE-G-20-HPK-PK 20 in. Girls Bicycle, Hot Pink & Pink",
        "items": [
            {
                "itemId": "0074372419168",
                "favorite": false,
                "fulfillment": {
                    "curbside": false,
                    "delivery": false,
                    "inStore": false,
                    "shipToHome": false
                },
                "size": "1"
            }
        ],
        "itemInformation": {},
        "temperature": {
            "indicator": "Ambient",
            "heatSensitive": false
        }
    },
    {
        "productId": "0079133424086",
        "upc": "0079133424086",
        "productPageURI": "/p/beberoad-roadkid-5-in-1-multifunctional-scooter-balance-bike-for-kids-yellow/0079133424086?cid=dis.api.tpi_products-api_20240521_b:all_c:np_t:lookupproduct-243261",
        "aisleLocations": [],
        "categories": [
            "Entertainment"
        ],
        "description": "Beberoad Roadkid 5 in 1 Multifunctional Scooter & Balance Bike for Kids, Yellow",
        "items": [
            {
                "itemId": "0079133424086",
                "favorite": false,
                "fulfillment": {
                    "curbside": false,
                    "delivery": false,
                    "inStore": false,
                    "shipToHome": false
                },
                "size": "1"
            }
        ],
        "itemInformation": {},
        "temperature": {
            "indicator": "Ambient",
            "heatSensitive": false
        }
    },
    {
        "productId": "0061070814550",
        "upc": "0061070814550",
        "productPageURI": "/p/rad-cycle-products-83-dt5248-2024-aluminum-bike-stand-bicycle-rack-storage-or-display-holds-t/0061070814550?cid=dis.api.tpi_products-api_20240521_b:all_c:np_t:lookupproduct-243261",
        "aisleLocations": [],
        "categories": [
            "Entertainment"
        ],
        "description": "RAD Cycle Products 83-DT5248 2024 Aluminum Bike Stand Bicycle Rack Storage or Display Holds T",
        "items": [
            {
                "itemId": "0061070814550",
                "favorite": false,
                "fulfillment": {
                    "curbside": false,
                    "delivery": false,
                    "inStore": false,
                    "shipToHome": false
                },
                "size": "1"
            }
        ],
        "itemInformation": {},
        "temperature": {
            "indicator": "Ambient",
            "heatSensitive": false
        }
    },
    {
        "productId": "0084718204667",
        "upc": "0084718204667",
        "productPageURI": "/p/joystar-vintage-12-inch-ages-2-to-7-kids-training-wheel-bike-with-basket-beige/0084718204667?cid=dis.api.tpi_products-api_20240521_b:all_c:np_t:lookupproduct-243261",
        "aisleLocations": [],
        "categories": [
            "Entertainment"
        ],
        "description": "Joystar Vintage 12 Inch Ages 2 to 7 Kids Training Wheel Bike with Basket, Beige",
        "images": [
            {
                "perspective": "front",
                "featured": true,
                "sizes": [
                    {
                        "size": "xlarge",
                        "url": "https://www.kroger.com/product/images/xlarge/front/0084718204667"
                    },
                    {
                        "size": "large",
                        "url": "https://www.kroger.com/product/images/large/front/0084718204667"
                    },
                    {
                        "size": "medium",
                        "url": "https://www.kroger.com/product/images/medium/front/0084718204667"
                    },
                    {
                        "size": "small",
                        "url": "https://www.kroger.com/product/images/small/front/0084718204667"
                    },
                    {
                        "size": "thumbnail",
                        "url": "https://www.kroger.com/product/images/thumbnail/front/0084718204667"
                    }
                ]
            }
        ],
        "items": [
            {
                "itemId": "0084718204667",
                "favorite": false,
                "fulfillment": {
                    "curbside": false,
                    "delivery": false,
                    "inStore": false,
                    "shipToHome": false
                },
                "size": "1"
            }
        ],
        "itemInformation": {},
        "temperature": {
            "indicator": "Ambient",
            "heatSensitive": false
        }
    },
    {
        "productId": "0007385460088",
        "upc": "0007385460088",
        "productPageURI": "/p/bicycle-jumbo-playing-cards/0007385460088?cid=dis.api.tpi_products-api_20240521_b:all_c:np_t:lookupproduct-243261",
        "aisleLocations": [],
        "brand": "Bicycle\u00ae",
        "categories": [
            "Entertainment"
        ],
        "countryOrigin": "UNITED STATES",
        "description": "Bicycle Jumbo Playing Cards",
        "images": [
            {
                "perspective": "front",
                "featured": true,
                "sizes": [
                    {
                        "size": "large",
                        "url": "https://www.kroger.com/product/images/large/front/0007385460088"
                    },
                    {
                        "size": "medium",
                        "url": "https://www.kroger.com/product/images/medium/front/0007385460088"
                    },
                    {
                        "size": "small",
                        "url": "https://www.kroger.com/product/images/small/front/0007385460088"
                    },
                    {
                        "size": "thumbnail",
                        "url": "https://www.kroger.com/product/images/thumbnail/front/0007385460088"
                    }
                ]
            }
        ],
        "items": [
            {
                "itemId": "0007385460088",
                "favorite": false,
                "fulfillment": {
                    "curbside": true,
                    "delivery": true,
                    "inStore": true,
                    "shipToHome": false
                },
                "price": {
                    "regular": 5.99,
                    "promo": 0
                },
                "size": "2 pk",
                "soldBy": "UNIT"
            }
        ],
        "itemInformation": {},
        "temperature": {
            "indicator": "Ambient",
            "heatSensitive": false
        }
    },
    {
        "productId": "0064201652000",
        "upc": "0064201652000",
        "productPageURI": "/p/planet-bike-sa7426-175-mm-ars-lift-saddle-black/0064201652000?cid=dis.api.tpi_products-api_20240521_b:all_c:np_t:lookupproduct-243261",
        "aisleLocations": [],
        "categories": [
            "Entertainment"
        ],
        "description": "Planet Bike SA7426 175 mm ARS Lift Saddle, Black",
        "items": [
            {
                "itemId": "0064201652000",
                "favorite": false,
                "fulfillment": {
                    "curbside": false,
                    "delivery": false,
                    "inStore": false,
                    "shipToHome": false
                },
                "size": "1"
            }
        ],
        "itemInformation": {},
        "temperature": {
            "indicator": "Ambient",
            "heatSensitive": false
        }
    },
    {
        "productId": "0007385402375",
        "upc": "0007385402375",
        "productPageURI": "/p/bicycle-purple-unicorn-card-deck/0007385402375?cid=dis.api.tpi_products-api_20240521_b:all_c:np_t:lookupproduct-243261",
        "aisleLocations": [],
        "brand": "Bicycle\u00ae",
        "categories": [
            "Entertainment"
        ],
        "countryOrigin": "UNITED STATES",
        "description": "Bicycle\u00ae Purple Unicorn Card Deck",
        "images": [
            {
                "perspective": "front",
                "featured": true,
                "sizes": [
                    {
                        "size": "xlarge",
                        "url": "https://www.kroger.com/product/images/xlarge/front/0007385402375"
                    },
                    {
                        "size": "large",
                        "url": "https://www.kroger.com/product/images/large/front/0007385402375"
                    },
                    {
                        "size": "medium",
                        "url": "https://www.kroger.com/product/images/medium/front/0007385402375"
                    },
                    {
                        "size": "small",
                        "url": "https://www.kroger.com/product/images/small/front/0007385402375"
                    },
                    {
                        "size": "thumbnail",
                        "url": "https://www.kroger.com/product/images/thumbnail/front/0007385402375"
                    }
                ]
            }
        ],
        "items": [
            {
                "itemId": "0007385402375",
                "favorite": false,
                "fulfillment": {
                    "curbside": false,
                    "delivery": false,
                    "inStore": false,
                    "shipToHome": false
                },
                "price": {
                    "regular": 4.99,
                    "promo": 0
                },
                "size": "1 ct",
                "soldBy": "UNIT"
            }
        ],
        "itemInformation": {},
        "temperature": {
            "indicator": "Ambient",
            "heatSensitive": false
        }
    },
    {
        "productId": "0002891426219",
        "upc": "0002891426219",
        "productPageURI": "/p/huffy-granite-ladies-mountain-bike-blue-white/0002891426219?cid=dis.api.tpi_products-api_20240521_b:all_c:np_t:lookupproduct-243261",
        "aisleLocations": [],
        "brand": "Huffy (19119)",
        "categories": [
            "Sporting Goods"
        ],
        "countryOrigin": "CHINA",
        "description": "Huffy Granite Ladies' Mountain Bike - Blue/White",
        "images": [
            {
                "perspective": "front",
                "featured": true,
                "sizes": [
                    {
                        "size": "xlarge",
                        "url": "https://www.kroger.com/product/images/xlarge/front/0002891426219"
                    },
                    {
                        "size": "large",
                        "url": "https://www.kroger.com/product/images/large/front/0002891426219"
                    },
                    {
                        "size": "medium",
                        "url": "https://www.kroger.com/product/images/medium/front/0002891426219"
                    },
                    {
                        "size": "small",
                        "url": "https://www.kroger.com/product/images/small/front/0002891426219"
                    },
                    {
                        "size": "thumbnail",
                        "url": "https://www.kroger.com/product/images/thumbnail/front/0002891426219"
                    }
                ]
            }
        ],
        "items": [
            {
                "itemId": "0002891426219",
                "favorite": false,
                "fulfillment": {
                    "curbside": true,
                    "delivery": true,
                    "inStore": true,
                    "shipToHome": false
                },
                "size": "26 in"
            }
        ],
        "itemInformation": {},
        "temperature": {
            "indicator": "Ambient",
            "heatSensitive": false
        }
    },
    {
        "productId": "0079133424087",
        "upc": "0079133424087",
        "productPageURI": "/p/beberoad-roadkid-5-in-1-multifunctional-scooter-balance-bike-for-kids-blue/0079133424087?cid=dis.api.tpi_products-api_20240521_b:all_c:np_t:lookupproduct-243261",
        "aisleLocations": [],
        "categories": [
            "Entertainment"
        ],
        "description": "Beberoad Roadkid 5 in 1 Multifunctional Scooter & Balance Bike for Kids, Blue",
        "items": [
            {
                "itemId": "0079133424087",
                "favorite": false,
                "fulfillment": {
                    "curbside": false,
                    "delivery": false,
                    "inStore": false,
                    "shipToHome": false
                },
                "size": "1"
            }
        ],
        "itemInformation": {},
        "temperature": {
            "indicator": "Ambient",
            "heatSensitive": false
        }
    },
    {
        "productId": "0084718204669",
        "upc": "0084718204669",
        "productPageURI": "/p/joystar-vintage-14-inch-ages-3-to-6-kids-training-wheel-bike-with-basket-pink/0084718204669?cid=dis.api.tpi_products-api_20240521_b:all_c:np_t:lookupproduct-243261",
        "aisleLocations": [],
        "categories": [
            "Entertainment"
        ],
        "description": "Joystar Vintage 14 Inch Ages 3 to 6 Kids Training Wheel Bike with Basket, Pink",
        "images": [
            {
                "perspective": "front",
                "featured": true,
                "sizes": [
                    {
                        "size": "xlarge",
                        "url": "https://www.kroger.com/product/images/xlarge/front/0084718204669"
                    },
                    {
                        "size": "large",
                        "url": "https://www.kroger.com/product/images/large/front/0084718204669"
                    },
                    {
                        "size": "medium",
                        "url": "https://www.kroger.com/product/images/medium/front/0084718204669"
                    },
                    {
                        "size": "small",
                        "url": "https://www.kroger.com/product/images/small/front/0084718204669"
                    },
                    {
                        "size": "thumbnail",
                        "url": "https://www.kroger.com/product/images/thumbnail/front/0084718204669"
                    }
                ]
            }
        ],
        "items": [
            {
                "itemId": "0084718204669",
                "favorite": false,
                "fulfillment": {
                    "curbside": false,
                    "delivery": false,
                    "inStore": false,
                    "shipToHome": false
                },
                "size": "1"
            }
        ],
        "itemInformation": {},
        "temperature": {
            "indicator": "Ambient",
            "heatSensitive": false
        }
    },
    {
        "productId": "0084718204668",
        "upc": "0084718204668",
        "productPageURI": "/p/joystar-vintage-12-inch-ages-2-to-7-kids-training-wheel-bike-with-basket-pink/0084718204668?cid=dis.api.tpi_products-api_20240521_b:all_c:np_t:lookupproduct-243261",
        "aisleLocations": [],
        "categories": [
            "Entertainment"
        ],
        "description": "Joystar Vintage 12 Inch Ages 2 to 7 Kids Training Wheel Bike with Basket, Pink",
        "images": [
            {
                "perspective": "front",
                "featured": true,
                "sizes": [
                    {
                        "size": "xlarge",
                        "url": "https://www.kroger.com/product/images/xlarge/front/0084718204668"
                    },
                    {
                        "size": "large",
                        "url": "https://www.kroger.com/product/images/large/front/0084718204668"
                    },
                    {
                        "size": "medium",
                        "url": "https://www.kroger.com/product/images/medium/front/0084718204668"
                    },
                    {
                        "size": "small",
                        "url": "https://www.kroger.com/product/images/small/front/0084718204668"
                    },
                    {
                        "size": "thumbnail",
                        "url": "https://www.kroger.com/product/images/thumbnail/front/0084718204668"
                    }
                ]
            }
        ],
        "items": [
            {
                "itemId": "0084718204668",
                "favorite": false,
                "fulfillment": {
                    "curbside": false,
                    "delivery": false,
                    "inStore": false,
                    "shipToHome": false
                },
                "size": "1"
            }
        ],
        "itemInformation": {},
        "temperature": {
            "indicator": "Ambient",
            "heatSensitive": false
        }
    },
    {
        "productId": "0084718204670",
        "upc": "0084718204670",
        "productPageURI": "/p/joystar-vintage-12-inch-ages-2-to-7-kids-training-wheel-bike-with-basket-green/0084718204670?cid=dis.api.tpi_products-api_20240521_b:all_c:np_t:lookupproduct-243261",
        "aisleLocations": [],
        "categories": [
            "Entertainment"
        ],
        "description": "Joystar Vintage 12 Inch Ages 2 to 7 Kids Training Wheel Bike with Basket, Green",
        "images": [
            {
                "perspective": "front",
                "featured": true,
                "sizes": [
                    {
                        "size": "xlarge",
                        "url": "https://www.kroger.com/product/images/xlarge/front/0084718204670"
                    },
                    {
                        "size": "large",
                        "url": "https://www.kroger.com/product/images/large/front/0084718204670"
                    },
                    {
                        "size": "medium",
                        "url": "https://www.kroger.com/product/images/medium/front/0084718204670"
                    },
                    {
                        "size": "small",
                        "url": "https://www.kroger.com/product/images/small/front/0084718204670"
                    },
                    {
                        "size": "thumbnail",
                        "url": "https://www.kroger.com/product/images/thumbnail/front/0084718204670"
                    }
                ]
            }
        ],
        "items": [
            {
                "itemId": "0084718204670",
                "favorite": false,
                "fulfillment": {
                    "curbside": false,
                    "delivery": false,
                    "inStore": false,
                    "shipToHome": false
                },
                "size": "1"
            }
        ],
        "itemInformation": {},
        "temperature": {
            "indicator": "Ambient",
            "heatSensitive": false
        }
    },
    {
        "productId": "0002891476029",
        "upc": "0002891476029",
        "productPageURI": "/p/royce-union-76029-rht-aluminum-mountain-bike-29-in-wheel-22-speed-19-in-frame/0002891476029?cid=dis.api.tpi_products-api_20240521_b:all_c:np_t:lookupproduct-243261",
        "aisleLocations": [],
        "categories": [
            "Entertainment"
        ],
        "description": "Royce Union 76029 RHT Aluminum Mountain Bike, 29 in. Wheel - 22 Speed, 19 in. Frame",
        "items": [
            {
                "itemId": "0002891476029",
                "favorite": false,
                "fulfillment": {
                    "curbside": false,
                    "delivery": false,
                    "inStore": false,
                    "shipToHome": false
                },
                "size": "1"
            }
        ],
        "itemInformation": {},
        "temperature": {
            "indicator": "Ambient",
            "heatSensitive": false
        }
    },
    {
        "productId": "0084002380372",
        "upc": "0084002380372",
        "productPageURI": "/p/razor-dirt-rocket-kid-electric-motorcycle-dirt-bike-1-black-mx400-1red-mx350/0084002380372?cid=dis.api.tpi_products-api_20240521_b:all_c:np_t:lookupproduct-243261",
        "aisleLocations": [],
        "categories": [
            "Entertainment"
        ],
        "description": "Razor Dirt Rocket Kid Electric Motorcycle Dirt Bike, 1 Black MX400 & 1Red MX350",
        "images": [
            {
                "perspective": "front",
                "featured": true,
                "sizes": [
                    {
                        "size": "xlarge",
                        "url": "https://www.kroger.com/product/images/xlarge/front/0084002380372"
                    },
                    {
                        "size": "large",
                        "url": "https://www.kroger.com/product/images/large/front/0084002380372"
                    },
                    {
                        "size": "medium",
                        "url": "https://www.kroger.com/product/images/medium/front/0084002380372"
                    },
                    {
                        "size": "small",
                        "url": "https://www.kroger.com/product/images/small/front/0084002380372"
                    },
                    {
                        "size": "thumbnail",
                        "url": "https://www.kroger.com/product/images/thumbnail/front/0084002380372"
                    }
                ]
            }
        ],
        "items": [
            {
                "itemId": "0084002380372",
                "favorite": false,
                "fulfillment": {
                    "curbside": false,
                    "delivery": false,
                    "inStore": false,
                    "shipToHome": false
                },
                "size": "1"
            }
        ],
        "itemInformation": {},
        "temperature": {
            "indicator": "Ambient",
            "heatSensitive": false
        }
    },
    {
        "productId": "0088796137683",
        "upc": "0088796137683",
        "productPageURI": "/p/barbie-bike/0088796137683?cid=dis.api.tpi_products-api_20240521_b:all_c:np_t:lookupproduct-243261",
        "aisleLocations": [],
        "brand": "Barbie",
        "categories": [
            "Entertainment",
            "Entertainment"
        ],
        "countryOrigin": "CHINA",
        "description": "Barbie Bike",
        "images": [
            {
                "perspective": "front",
                "featured": true,
                "sizes": [
                    {
                        "size": "xlarge",
                        "url": "https://www.kroger.com/product/images/xlarge/front/0088796137683"
                    },
                    {
                        "size": "large",
                        "url": "https://www.kroger.com/product/images/large/front/0088796137683"
                    },
                    {
                        "size": "medium",
                        "url": "https://www.kroger.com/product/images/medium/front/0088796137683"
                    },
                    {
                        "size": "small",
                        "url": "https://www.kroger.com/product/images/small/front/0088796137683"
                    },
                    {
                        "size": "thumbnail",
                        "url": "https://www.kroger.com/product/images/thumbnail/front/0088796137683"
                    }
                ]
            }
        ],
        "items": [
            {
                "itemId": "0088796137683",
                "favorite": false,
                "fulfillment": {
                    "curbside": false,
                    "delivery": false,
                    "inStore": false,
                    "shipToHome": false
                },
                "size": "1 ct"
            }
        ],
        "itemInformation": {},
        "temperature": {
            "indicator": "Ambient",
            "heatSensitive": false
        }
    },
    {
        "productId": "0064201650060",
        "upc": "0064201650060",
        "productPageURI": "/p/planet-bike-sa7403-womens-comfort-gel-bicycle-saddle-black/0064201650060?cid=dis.api.tpi_products-api_20240521_b:all_c:np_t:lookupproduct-243261",
        "aisleLocations": [],
        "categories": [
            "Entertainment"
        ],
        "description": "Planet Bike SA7403 Womens Comfort Gel Bicycle Saddle, Black",
        "items": [
            {
                "itemId": "0064201650060",
                "favorite": false,
                "fulfillment": {
                    "curbside": false,
                    "delivery": false,
                    "inStore": false,
                    "shipToHome": false
                },
                "size": "1"
            }
        ],
        "itemInformation": {},
        "temperature": {
            "indicator": "Ambient",
            "heatSensitive": false
        }
    },
    {
        "productId": "0007385460808",
        "upc": "0007385460808",
        "productPageURI": "/p/bicycle-standard-playing-cards/0007385460808?cid=dis.api.tpi_products-api_20240521_b:all_c:np_t:lookupproduct-243261",
        "aisleLocations": [],
        "brand": "Bicycle\u00ae",
        "categories": [
            "Entertainment"
        ],
        "description": "Bicycle\u00ae Standard Playing Cards",
        "images": [
            {
                "perspective": "front",
                "featured": true,
                "sizes": [
                    {
                        "size": "xlarge",
                        "url": "https://www.kroger.com/product/images/xlarge/front/0007385460808"
                    },
                    {
                        "size": "large",
                        "url": "https://www.kroger.com/product/images/large/front/0007385460808"
                    },
                    {
                        "size": "medium",
                        "url": "https://www.kroger.com/product/images/medium/front/0007385460808"
                    },
                    {
                        "size": "small",
                        "url": "https://www.kroger.com/product/images/small/front/0007385460808"
                    },
                    {
                        "size": "thumbnail",
                        "url": "https://www.kroger.com/product/images/thumbnail/front/0007385460808"
                    }
                ]
            }
        ],
        "items": [
            {
                "itemId": "0007385460808",
                "inventory": {
                    "stockLevel": "HIGH"
                },
                "favorite": false,
                "fulfillment": {
                    "curbside": true,
                    "delivery": true,
                    "inStore": true,
                    "shipToHome": false
                },
                "price": {
                    "regular": 5.99,
                    "promo": 0
                },
                "size": "2 pk",
                "soldBy": "UNIT"
            }
        ],
        "itemInformation": {},
        "temperature": {
            "indicator": "Ambient",
            "heatSensitive": false
        }
    },
    {
        "productId": "0065304627252",
        "upc": "0065304627252",
        "productPageURI": "/p/babyjoy-4-wheels-baby-balance-bike-children-walker-no-pedal-toddler-toys-rides-orange/0065304627252?cid=dis.api.tpi_products-api_20240521_b:all_c:np_t:lookupproduct-243261",
        "aisleLocations": [],
        "categories": [
            "Entertainment"
        ],
        "description": "Babyjoy 4 Wheels Baby Balance Bike Children Walker No-Pedal Toddler Toys Rides Orange",
        "images": [
            {
                "perspective": "front",
                "featured": true,
                "sizes": [
                    {
                        "size": "xlarge",
                        "url": "https://www.kroger.com/product/images/xlarge/front/0065304627252"
                    },
                    {
                        "size": "large",
                        "url": "https://www.kroger.com/product/images/large/front/0065304627252"
                    },
                    {
                        "size": "medium",
                        "url": "https://www.kroger.com/product/images/medium/front/0065304627252"
                    },
                    {
                        "size": "small",
                        "url": "https://www.kroger.com/product/images/small/front/0065304627252"
                    },
                    {
                        "size": "thumbnail",
                        "url": "https://www.kroger.com/product/images/thumbnail/front/0065304627252"
                    }
                ]
            }
        ],
        "items": [
            {
                "itemId": "0065304627252",
                "favorite": false,
                "fulfillment": {
                    "curbside": false,
                    "delivery": false,
                    "inStore": false,
                    "shipToHome": false
                },
                "size": "1"
            }
        ],
        "itemInformation": {},
        "temperature": {
            "indicator": "Ambient",
            "heatSensitive": false
        }
    },
    {
        "productId": "0074372419239",
        "upc": "0074372419239",
        "productPageURI": "/p/micargi-skeeter-bl-12-in-bicycle-blue-frame-black-wheel/0074372419239?cid=dis.api.tpi_products-api_20240521_b:all_c:np_t:lookupproduct-243261",
        "aisleLocations": [],
        "categories": [
            "Entertainment"
        ],
        "description": "Micargi SKEETER-BL 12 in. Bicycle, Blue Frame & Black Wheel",
        "items": [
            {
                "itemId": "0074372419239",
                "favorite": false,
                "fulfillment": {
                    "curbside": false,
                    "delivery": false,
                    "inStore": false,
                    "shipToHome": false
                },
                "size": "1"
            }
        ],
        "itemInformation": {},
        "temperature": {
            "indicator": "Ambient",
            "heatSensitive": false
        }
    },
    {
        "productId": "0084718202091",
        "upc": "0084718202091",
        "productPageURI": "/p/joystar-vintage-14-inch-ages-3-to-6-kids-training-wheel-bike-with-basket-beige/0084718202091?cid=dis.api.tpi_products-api_20240521_b:all_c:np_t:lookupproduct-243261",
        "aisleLocations": [],
        "categories": [
            "Entertainment"
        ],
        "description": "Joystar Vintage 14 Inch Ages 3 to 6 Kids Training Wheel Bike with Basket, Beige",
        "images": [
            {
                "perspective": "front",
                "featured": true,
                "sizes": [
                    {
                        "size": "xlarge",
                        "url": "https://www.kroger.com/product/images/xlarge/front/0084718202091"
                    },
                    {
                        "size": "large",
                        "url": "https://www.kroger.com/product/images/large/front/0084718202091"
                    },
                    {
                        "size": "medium",
                        "url": "https://www.kroger.com/product/images/medium/front/0084718202091"
                    },
                    {
                        "size": "small",
                        "url": "https://www.kroger.com/product/images/small/front/0084718202091"
                    },
                    {
                        "size": "thumbnail",
                        "url": "https://www.kroger.com/product/images/thumbnail/front/0084718202091"
                    }
                ]
            }
        ],
        "items": [
            {
                "itemId": "0084718202091",
                "favorite": false,
                "fulfillment": {
                    "curbside": false,
                    "delivery": false,
                    "inStore": false,
                    "shipToHome": false
                },
                "size": "1"
            }
        ],
        "itemInformation": {},
        "temperature": {
            "indicator": "Ambient",
            "heatSensitive": false
        }
    },
    {
        "productId": "0074372419238",
        "upc": "0074372419238",
        "productPageURI": "/p/micargi-skeeter-bk-12-in-bicycle-black-frame-black-wheel/0074372419238?cid=dis.api.tpi_products-api_20240521_b:all_c:np_t:lookupproduct-243261",
        "aisleLocations": [],
        "categories": [
            "Entertainment"
        ],
        "description": "Micargi SKEETER-BK 12 in. Bicycle, Black Frame & Black Wheel",
        "items": [
            {
                "itemId": "0074372419238",
                "favorite": false,
                "fulfillment": {
                    "curbside": false,
                    "delivery": false,
                    "inStore": false,
                    "shipToHome": false
                },
                "size": "1"
            }
        ],
        "itemInformation": {},
        "temperature": {
            "indicator": "Ambient",
            "heatSensitive": false
        }
    },
    {
        "productId": "0002891421818",
        "upc": "0002891421818",
        "productPageURI": "/p/huffy-so-sweet-16-bike/0002891421818?cid=dis.api.tpi_products-api_20240521_b:all_c:np_t:lookupproduct-243261",
        "aisleLocations": [],
        "brand": "Huffy (19119)",
        "categories": [
            "Entertainment"
        ],
        "countryOrigin": "CHINA",
        "description": "Huffy So Sweet 16\" Bike",
        "images": [
            {
                "perspective": "front",
                "featured": true,
                "sizes": [
                    {
                        "size": "xlarge",
                        "url": "https://www.kroger.com/product/images/xlarge/front/0002891421818"
                    },
                    {
                        "size": "large",
                        "url": "https://www.kroger.com/product/images/large/front/0002891421818"
                    },
                    {
                        "size": "medium",
                        "url": "https://www.kroger.com/product/images/medium/front/0002891421818"
                    },
                    {
                        "size": "small",
                        "url": "https://www.kroger.com/product/images/small/front/0002891421818"
                    },
                    {
                        "size": "thumbnail",
                        "url": "https://www.kroger.com/product/images/thumbnail/front/0002891421818"
                    }
                ]
            }
        ],
        "items": [
            {
                "itemId": "0002891421818",
                "favorite": false,
                "fulfillment": {
                    "curbside": true,
                    "delivery": true,
                    "inStore": true,
                    "shipToHome": false
                },
                "size": "1 ct"
            }
        ],
        "itemInformation": {},
        "temperature": {
            "indicator": "Ambient",
            "heatSensitive": false
        }
    },
    {
        "productId": "0069333155127",
        "upc": "0069333155127",
        "productPageURI": "/p/goplus-12-balance-bike-classic-kids-no-pedal-learn-to-ride-pre-bike-w-adjustable-seat/0069333155127?cid=dis.api.tpi_products-api_20240521_b:all_c:np_t:lookupproduct-243261",
        "aisleLocations": [],
        "categories": [
            "Entertainment"
        ],
        "description": "Goplus 12'' Balance Bike Classic Kids No-Pedal Learn To Ride Pre Bike w/ Adjustable Seat",
        "items": [
            {
                "itemId": "0069333155127",
                "favorite": false,
                "fulfillment": {
                    "curbside": false,
                    "delivery": false,
                    "inStore": false,
                    "shipToHome": false
                },
                "size": "1"
            }
        ],
        "itemInformation": {},
        "temperature": {
            "indicator": "Ambient",
            "heatSensitive": false
        }
    },
    {
        "productId": "0008787611035",
        "upc": "0008787611035",
        "productPageURI": "/p/dynacraft-shockzone-girls-mountain-bicycle-pink/0008787611035?cid=dis.api.tpi_products-api_20240521_b:all_c:np_t:lookupproduct-243261",
        "aisleLocations": [],
        "brand": "Dynacraft",
        "categories": [
            "Entertainment"
        ],
        "countryOrigin": "CHINA",
        "description": "Dynacraft Shockzone Girls' Mountain Bicycle - Pink",
        "images": [
            {
                "perspective": "front",
                "featured": true,
                "sizes": [
                    {
                        "size": "xlarge",
                        "url": "https://www.kroger.com/product/images/xlarge/front/0008787611035"
                    },
                    {
                        "size": "large",
                        "url": "https://www.kroger.com/product/images/large/front/0008787611035"
                    },
                    {
                        "size": "medium",
                        "url": "https://www.kroger.com/product/images/medium/front/0008787611035"
                    },
                    {
                        "size": "small",
                        "url": "https://www.kroger.com/product/images/small/front/0008787611035"
                    },
                    {
                        "size": "thumbnail",
                        "url": "https://www.kroger.com/product/images/thumbnail/front/0008787611035"
                    }
                ]
            }
        ],
        "items": [
            {
                "itemId": "0008787611035",
                "favorite": false,
                "fulfillment": {
                    "curbside": true,
                    "delivery": true,
                    "inStore": true,
                    "shipToHome": false
                },
                "size": "20 in"
            }
        ],
        "itemInformation": {},
        "temperature": {
            "indicator": "Ambient",
            "heatSensitive": false
        }
    },
    {
        "productId": "0075315339390",
        "upc": "0075315339390",
        "productPageURI": "/p/3-wheel-battery-powered-fx-sport-bike-blue/0075315339390?cid=dis.api.tpi_products-api_20240521_b:all_c:np_t:lookupproduct-243261",
        "aisleLocations": [],
        "categories": [
            "Entertainment"
        ],
        "description": "3 Wheel Battery Powered FX Sport Bike, Blue",
        "images": [
            {
                "perspective": "front",
                "featured": true,
                "sizes": [
                    {
                        "size": "xlarge",
                        "url": "https://www.kroger.com/product/images/xlarge/front/0075315339390"
                    },
                    {
                        "size": "large",
                        "url": "https://www.kroger.com/product/images/large/front/0075315339390"
                    },
                    {
                        "size": "medium",
                        "url": "https://www.kroger.com/product/images/medium/front/0075315339390"
                    },
                    {
                        "size": "small",
                        "url": "https://www.kroger.com/product/images/small/front/0075315339390"
                    },
                    {
                        "size": "thumbnail",
                        "url": "https://www.kroger.com/product/images/thumbnail/front/0075315339390"
                    }
                ]
            }
        ],
        "items": [
            {
                "itemId": "0075315339390",
                "favorite": false,
                "fulfillment": {
                    "curbside": false,
                    "delivery": false,
                    "inStore": false,
                    "shipToHome": false
                },
                "size": "1"
            }
        ],
        "itemInformation": {},
        "temperature": {
            "indicator": "Ambient",
            "heatSensitive": false
        }
    },
    {
        "productId": "0064201652010",
        "upc": "0064201652010",
        "productPageURI": "/p/planet-bike-sa7427-210-mm-ars-lift-saddle-black/0064201652010?cid=dis.api.tpi_products-api_20240521_b:all_c:np_t:lookupproduct-243261",
        "aisleLocations": [],
        "categories": [
            "Entertainment"
        ],
        "description": "Planet Bike SA7427 210 mm ARS Lift Saddle, Black",
        "items": [
            {
                "itemId": "0064201652010",
                "favorite": false,
                "fulfillment": {
                    "curbside": false,
                    "delivery": false,
                    "inStore": false,
                    "shipToHome": false
                },
                "size": "1"
            }
        ],
        "itemInformation": {},
        "temperature": {
            "indicator": "Ambient",
            "heatSensitive": false
        }
    },
    {
        "productId": "0002891476019",
        "upc": "0002891476019",
        "productPageURI": "/p/royce-union-76019-rht-aluminum-mountain-bike-29-in-wheel-22-speed-15-in-frame/0002891476019?cid=dis.api.tpi_products-api_20240521_b:all_c:np_t:lookupproduct-243261",
        "aisleLocations": [],
        "categories": [
            "Entertainment"
        ],
        "description": "Royce Union 76019 RHT Aluminum Mountain Bike, 29 in. Wheel - 22 Speed, 15 in. Frame",
        "items": [
            {
                "itemId": "0002891476019",
                "favorite": false,
                "fulfillment": {
                    "curbside": false,
                    "delivery": false,
                    "inStore": false,
                    "shipToHome": false
                },
                "size": "1"
            }
        ],
        "itemInformation": {},
        "temperature": {
            "indicator": "Ambient",
            "heatSensitive": false
        }
    },
    {
        "productId": "0074442916008",
        "upc": "0074442916008",
        "productPageURI": "/p/euromini-16008-zizzo-campo-28-lbs-lightweight-aluminum-frame-shimano-7-speed-folding-bike-wh/0074442916008?cid=dis.api.tpi_products-api_20240521_b:all_c:np_t:lookupproduct-243261",
        "aisleLocations": [],
        "categories": [
            "Entertainment"
        ],
        "description": "EuroMini 16008 Zizzo Campo 28 lbs Lightweight Aluminum Frame Shimano 7-Speed Folding Bike, Wh",
        "items": [
            {
                "itemId": "0074442916008",
                "favorite": false,
                "fulfillment": {
                    "curbside": false,
                    "delivery": false,
                    "inStore": false,
                    "shipToHome": false
                },
                "size": "1"
            }
        ],
        "itemInformation": {},
        "temperature": {
            "indicator": "Ambient",
            "heatSensitive": false
        }
    },
    {
        "productId": "0007385400808",
        "upc": "0007385400808",
        "productPageURI": "/p/bicycle-playing-cards-red/0007385400808?cid=dis.api.tpi_products-api_20240521_b:all_c:np_t:lookupproduct-243261",
        "aisleLocations": [
            {
                "bayNumber": "15",
                "description": "AISLE 12",
                "number": "12",
                "numberOfFacings": "1",
                "side": "L",
                "shelfNumber": "5",
                "shelfPositionInBay": "17"
            },
            {
                "bayNumber": "15",
                "description": "AISLE 12",
                "number": "12",
                "numberOfFacings": "1",
                "side": "L",
                "shelfNumber": "5",
                "shelfPositionInBay": "18"
            }
        ],
        "brand": "Bicycle\u00ae",
        "categories": [
            "Entertainment"
        ],
        "description": "Bicycle\u00ae Playing Cards - Red",
        "images": [
            {
                "perspective": "front",
                "featured": true,
                "sizes": [
                    {
                        "size": "xlarge",
                        "url": "https://www.kroger.com/product/images/xlarge/front/0007385400808"
                    },
                    {
                        "size": "large",
                        "url": "https://www.kroger.com/product/images/large/front/0007385400808"
                    },
                    {
                        "size": "medium",
                        "url": "https://www.kroger.com/product/images/medium/front/0007385400808"
                    },
                    {
                        "size": "small",
                        "url": "https://www.kroger.com/product/images/small/front/0007385400808"
                    },
                    {
                        "size": "thumbnail",
                        "url": "https://www.kroger.com/product/images/thumbnail/front/0007385400808"
                    }
                ]
            }
        ],
        "items": [
            {
                "itemId": "0007385400808",
                "inventory": {
                    "stockLevel": "HIGH"
                },
                "favorite": false,
                "fulfillment": {
                    "curbside": true,
                    "delivery": true,
                    "inStore": true,
                    "shipToHome": false
                },
                "price": {
                    "regular": 3.99,
                    "promo": 0
                },
                "size": "1 ct",
                "soldBy": "UNIT"
            }
        ],
        "itemInformation": {
            "depth": "0.71",
            "height": "3.58",
            "width": "2.57"
        },
        "temperature": {
            "indicator": "Ambient",
            "heatSensitive": false
        }
    },
    {
        "productId": "0065420426077",
        "upc": "0065420426077",
        "productPageURI": "/p/silver-cross-bike-with-brake-and-air-tires/0065420426077?cid=dis.api.tpi_products-api_20240521_b:all_c:np_t:lookupproduct-243261",
        "aisleLocations": [],
        "categories": [
            "Entertainment"
        ],
        "description": "Silver Cross Bike With Brake And Air Tires",
        "images": [
            {
                "perspective": "front",
                "featured": true,
                "sizes": [
                    {
                        "size": "xlarge",
                        "url": "https://www.kroger.com/product/images/xlarge/front/0065420426077"
                    },
                    {
                        "size": "large",
                        "url": "https://www.kroger.com/product/images/large/front/0065420426077"
                    },
                    {
                        "size": "medium",
                        "url": "https://www.kroger.com/product/images/medium/front/0065420426077"
                    },
                    {
                        "size": "small",
                        "url": "https://www.kroger.com/product/images/small/front/0065420426077"
                    },
                    {
                        "size": "thumbnail",
                        "url": "https://www.kroger.com/product/images/thumbnail/front/0065420426077"
                    }
                ]
            }
        ],
        "items": [
            {
                "itemId": "0065420426077",
                "favorite": false,
                "fulfillment": {
                    "curbside": false,
                    "delivery": false,
                    "inStore": false,
                    "shipToHome": false
                },
                "size": "1"
            }
        ],
        "itemInformation": {},
        "temperature": {
            "indicator": "Ambient",
            "heatSensitive": false
        }
    },
    {
        "productId": "0065724805523",
        "upc": "0065724805523",
        "productPageURI": "/p/yellow-beach-cruiser-handle-bar-grip-for-bicycles/0065724805523?cid=dis.api.tpi_products-api_20240521_b:all_c:np_t:lookupproduct-243261",
        "aisleLocations": [],
        "categories": [
            "Entertainment"
        ],
        "description": "Yellow Beach Cruiser Handle Bar Grip For Bicycles",
        "items": [
            {
                "itemId": "0065724805523",
                "favorite": false,
                "fulfillment": {
                    "curbside": false,
                    "delivery": false,
                    "inStore": false,
                    "shipToHome": false
                },
                "size": "1"
            }
        ],
        "itemInformation": {},
        "temperature": {
            "indicator": "Ambient",
            "heatSensitive": false
        }
    },
    {
        "productId": "0084002380303",
        "upc": "0084002380303",
        "productPageURI": "/p/razor-mx350-dirt-rocket-kids-electric-toy-motorcycle-dirt-bike-1-red-1-blue/0084002380303?cid=dis.api.tpi_products-api_20240521_b:all_c:np_t:lookupproduct-243261",
        "aisleLocations": [],
        "categories": [
            "Entertainment"
        ],
        "description": "Razor MX350 Dirt Rocket Kids Electric Toy Motorcycle Dirt Bike, 1 Red & 1 Blue",
        "images": [
            {
                "perspective": "front",
                "featured": true,
                "sizes": [
                    {
                        "size": "xlarge",
                        "url": "https://www.kroger.com/product/images/xlarge/front/0084002380303"
                    },
                    {
                        "size": "large",
                        "url": "https://www.kroger.com/product/images/large/front/0084002380303"
                    },
                    {
                        "size": "medium",
                        "url": "https://www.kroger.com/product/images/medium/front/0084002380303"
                    },
                    {
                        "size": "small",
                        "url": "https://www.kroger.com/product/images/small/front/0084002380303"
                    },
                    {
                        "size": "thumbnail",
                        "url": "https://www.kroger.com/product/images/thumbnail/front/0084002380303"
                    }
                ]
            }
        ],
        "items": [
            {
                "itemId": "0084002380303",
                "favorite": false,
                "fulfillment": {
                    "curbside": false,
                    "delivery": false,
                    "inStore": false,
                    "shipToHome": false
                },
                "size": "1"
            }
        ],
        "itemInformation": {},
        "temperature": {
            "indicator": "Ambient",
            "heatSensitive": false
        }
    },
    {
        "productId": "0064201631820",
        "upc": "0064201631820",
        "productPageURI": "/p/planet-bike-305792-superflash-usb-210sl-planet-bike-blaze-headlight/0064201631820?cid=dis.api.tpi_products-api_20240521_b:all_c:np_t:lookupproduct-243261",
        "aisleLocations": [],
        "categories": [
            "Entertainment"
        ],
        "description": "Planet Bike 305792 Superflash USB & 210SL Planet Bike Blaze Headlight",
        "items": [
            {
                "itemId": "0064201631820",
                "favorite": false,
                "fulfillment": {
                    "curbside": false,
                    "delivery": false,
                    "inStore": false,
                    "shipToHome": false
                },
                "size": "1"
            }
        ],
        "itemInformation": {},
        "temperature": {
            "indicator": "Ambient",
            "heatSensitive": false
        }
    },
    {
        "productId": "0084542302229",
        "upc": "0084542302229",
        "productPageURI": "/p/razor-sx500-dirt-rocket-jeremy-mcgrath-electric-motorcycle-motocross-bike-green/0084542302229?cid=dis.api.tpi_products-api_20240521_b:all_c:np_t:lookupproduct-243261",
        "aisleLocations": [],
        "brand": "Razor",
        "categories": [
            "Entertainment",
            "Baby"
        ],
        "description": "Razor SX500 Dirt Rocket Jeremy McGrath Electric Motorcycle Motocross Bike, Green",
        "images": [
            {
                "perspective": "front",
                "featured": true,
                "sizes": [
                    {
                        "size": "xlarge",
                        "url": "https://www.kroger.com/product/images/xlarge/front/0084542302229"
                    },
                    {
                        "size": "large",
                        "url": "https://www.kroger.com/product/images/large/front/0084542302229"
                    },
                    {
                        "size": "medium",
                        "url": "https://www.kroger.com/product/images/medium/front/0084542302229"
                    },
                    {
                        "size": "small",
                        "url": "https://www.kroger.com/product/images/small/front/0084542302229"
                    },
                    {
                        "size": "thumbnail",
                        "url": "https://www.kroger.com/product/images/thumbnail/front/0084542302229"
                    }
                ]
            },
            {
                "perspective": "back",
                "sizes": [
                    {
                        "size": "xlarge",
                        "url": "https://www.kroger.com/product/images/xlarge/back/0084542302229"
                    },
                    {
                        "size": "large",
                        "url": "https://www.kroger.com/product/images/large/back/0084542302229"
                    },
                    {
                        "size": "medium",
                        "url": "https://www.kroger.com/product/images/medium/back/0084542302229"
                    },
                    {
                        "size": "small",
                        "url": "https://www.kroger.com/product/images/small/back/0084542302229"
                    },
                    {
                        "size": "thumbnail",
                        "url": "https://www.kroger.com/product/images/thumbnail/back/0084542302229"
                    }
                ]
            },
            {
                "perspective": "right",
                "sizes": [
                    {
                        "size": "xlarge",
                        "url": "https://www.kroger.com/product/images/xlarge/right/0084542302229"
                    },
                    {
                        "size": "large",
                        "url": "https://www.kroger.com/product/images/large/right/0084542302229"
                    },
                    {
                        "size": "medium",
                        "url": "https://www.kroger.com/product/images/medium/right/0084542302229"
                    },
                    {
                        "size": "small",
                        "url": "https://www.kroger.com/product/images/small/right/0084542302229"
                    },
                    {
                        "size": "thumbnail",
                        "url": "https://www.kroger.com/product/images/thumbnail/right/0084542302229"
                    }
                ]
            },
            {
                "perspective": "bottom",
                "sizes": [
                    {
                        "size": "xlarge",
                        "url": "https://www.kroger.com/product/images/xlarge/bottom/0084542302229"
                    },
                    {
                        "size": "large",
                        "url": "https://www.kroger.com/product/images/large/bottom/0084542302229"
                    },
                    {
                        "size": "medium",
                        "url": "https://www.kroger.com/product/images/medium/bottom/0084542302229"
                    },
                    {
                        "size": "small",
                        "url": "https://www.kroger.com/product/images/small/bottom/0084542302229"
                    },
                    {
                        "size": "thumbnail",
                        "url": "https://www.kroger.com/product/images/thumbnail/bottom/0084542302229"
                    }
                ]
            },
            {
                "perspective": "left",
                "sizes": [
                    {
                        "size": "xlarge",
                        "url": "https://www.kroger.com/product/images/xlarge/left/0084542302229"
                    },
                    {
                        "size": "large",
                        "url": "https://www.kroger.com/product/images/large/left/0084542302229"
                    },
                    {
                        "size": "medium",
                        "url": "https://www.kroger.com/product/images/medium/left/0084542302229"
                    },
                    {
                        "size": "small",
                        "url": "https://www.kroger.com/product/images/small/left/0084542302229"
                    },
                    {
                        "size": "thumbnail",
                        "url": "https://www.kroger.com/product/images/thumbnail/left/0084542302229"
                    }
                ]
            },
            {
                "perspective": "top",
                "sizes": [
                    {
                        "size": "xlarge",
                        "url": "https://www.kroger.com/product/images/xlarge/top/0084542302229"
                    },
                    {
                        "size": "large",
                        "url": "https://www.kroger.com/product/images/large/top/0084542302229"
                    },
                    {
                        "size": "medium",
                        "url": "https://www.kroger.com/product/images/medium/top/0084542302229"
                    },
                    {
                        "size": "small",
                        "url": "https://www.kroger.com/product/images/small/top/0084542302229"
                    },
                    {
                        "size": "thumbnail",
                        "url": "https://www.kroger.com/product/images/thumbnail/top/0084542302229"
                    }
                ]
            }
        ],
        "items": [
            {
                "itemId": "0084542302229",
                "favorite": false,
                "fulfillment": {
                    "curbside": false,
                    "delivery": false,
                    "inStore": false,
                    "shipToHome": false
                },
                "size": "1 unit"
            }
        ],
        "itemInformation": {},
        "temperature": {
            "indicator": "Ambient",
            "heatSensitive": false
        }
    },
    {
        "productId": "0074372419171",
        "upc": "0074372419171",
        "productPageURI": "/p/micargi-ellie-g-20-bbl-pp-16-in-girls-bicycle-purple-baby-blue/0074372419171?cid=dis.api.tpi_products-api_20240521_b:all_c:np_t:lookupproduct-243261",
        "aisleLocations": [],
        "categories": [
            "Entertainment"
        ],
        "description": "Micargi ELLIE-G-20-BBL-PP 16 in. Girls Bicycle, Purple & Baby Blue",
        "items": [
            {
                "itemId": "0074372419171",
                "favorite": false,
                "fulfillment": {
                    "curbside": false,
                    "delivery": false,
                    "inStore": false,
                    "shipToHome": false
                },
                "size": "1"
            }
        ],
        "itemInformation": {},
        "temperature": {
            "indicator": "Ambient",
            "heatSensitive": false
        }
    },
    {
        "productId": "0002891476049",
        "upc": "0002891476049",
        "productPageURI": "/p/royce-union-76049-rht-aluminum-mountain-bike-29-in-wheel-22-speed-21-in-frame/0002891476049?cid=dis.api.tpi_products-api_20240521_b:all_c:np_t:lookupproduct-243261",
        "aisleLocations": [],
        "categories": [
            "Entertainment"
        ],
        "description": "Royce Union 76049 RHT Aluminum Mountain Bike, 29 in. Wheel - 22 Speed, 21 in. Frame",
        "items": [
            {
                "itemId": "0002891476049",
                "favorite": false,
                "fulfillment": {
                    "curbside": false,
                    "delivery": false,
                    "inStore": false,
                    "shipToHome": false
                },
                "size": "1"
            }
        ],
        "itemInformation": {},
        "temperature": {
            "indicator": "Ambient",
            "heatSensitive": false
        }
    },
    {
        "productId": "0074721609591",
        "upc": "0074721609591",
        "productPageURI": "/p/toyni-balance-bike/0074721609591?cid=dis.api.tpi_products-api_20240521_b:all_c:np_t:lookupproduct-243261",
        "aisleLocations": [],
        "categories": [
            "Entertainment"
        ],
        "description": "Toyni Balance Bike",
        "images": [
            {
                "perspective": "front",
                "featured": true,
                "sizes": [
                    {
                        "size": "xlarge",
                        "url": "https://www.kroger.com/product/images/xlarge/front/0074721609591"
                    },
                    {
                        "size": "large",
                        "url": "https://www.kroger.com/product/images/large/front/0074721609591"
                    },
                    {
                        "size": "medium",
                        "url": "https://www.kroger.com/product/images/medium/front/0074721609591"
                    },
                    {
                        "size": "small",
                        "url": "https://www.kroger.com/product/images/small/front/0074721609591"
                    },
                    {
                        "size": "thumbnail",
                        "url": "https://www.kroger.com/product/images/thumbnail/front/0074721609591"
                    }
                ]
            }
        ],
        "items": [
            {
                "itemId": "0074721609591",
                "favorite": false,
                "fulfillment": {
                    "curbside": false,
                    "delivery": false,
                    "inStore": false,
                    "shipToHome": false
                },
                "size": "1"
            }
        ],
        "itemInformation": {},
        "temperature": {
            "indicator": "Ambient",
            "heatSensitive": false
        }
    },
    {
        "productId": "0002891476009",
        "upc": "0002891476009",
        "productPageURI": "/p/royce-union-76009-rht-aluminum-mountain-bike-29-in-wheel-22-speed-17-5-in-frame/0002891476009?cid=dis.api.tpi_products-api_20240521_b:all_c:np_t:lookupproduct-243261",
        "aisleLocations": [],
        "categories": [
            "Entertainment"
        ],
        "description": "Royce Union 76009 RHT Aluminum Mountain Bike, 29 in. Wheel - 22 Speed, 17.5 in. Frame",
        "items": [
            {
                "itemId": "0002891476009",
                "favorite": false,
                "fulfillment": {
                    "curbside": false,
                    "delivery": false,
                    "inStore": false,
                    "shipToHome": false
                },
                "size": "1"
            }
        ],
        "itemInformation": {},
        "temperature": {
            "indicator": "Ambient",
            "heatSensitive": false
        }
    },
    {
        "productId": "0064201650160",
        "upc": "0064201650160",
        "productPageURI": "/p/planet-bike-sa7418-womens-comfort-classic-saddle-black/0064201650160?cid=dis.api.tpi_products-api_20240521_b:all_c:np_t:lookupproduct-243261",
        "aisleLocations": [],
        "categories": [
            "Entertainment"
        ],
        "description": "Planet Bike SA7418 Womens Comfort Classic Saddle, Black",
        "items": [
            {
                "itemId": "0064201650160",
                "favorite": false,
                "fulfillment": {
                    "curbside": false,
                    "delivery": false,
                    "inStore": false,
                    "shipToHome": false
                },
                "size": "1"
            }
        ],
        "itemInformation": {},
        "temperature": {
            "indicator": "Ambient",
            "heatSensitive": false
        }
    },
    {
        "productId": "0008787609393",
        "upc": "0008787609393",
        "productPageURI": "/p/dynacraft-spellbound-girls-bicycle-blue-pink/0008787609393?cid=dis.api.tpi_products-api_20240521_b:all_c:np_t:lookupproduct-243261",
        "aisleLocations": [],
        "brand": "Dynacraft",
        "categories": [
            "Entertainment"
        ],
        "countryOrigin": "CHINA",
        "description": "Dynacraft Spellbound Girls' Bicycle - Blue Pink",
        "images": [
            {
                "perspective": "front",
                "featured": true,
                "sizes": [
                    {
                        "size": "xlarge",
                        "url": "https://www.kroger.com/product/images/xlarge/front/0008787609393"
                    },
                    {
                        "size": "large",
                        "url": "https://www.kroger.com/product/images/large/front/0008787609393"
                    },
                    {
                        "size": "medium",
                        "url": "https://www.kroger.com/product/images/medium/front/0008787609393"
                    },
                    {
                        "size": "small",
                        "url": "https://www.kroger.com/product/images/small/front/0008787609393"
                    },
                    {
                        "size": "thumbnail",
                        "url": "https://www.kroger.com/product/images/thumbnail/front/0008787609393"
                    }
                ]
            }
        ],
        "items": [
            {
                "itemId": "0008787609393",
                "inventory": {
                    "stockLevel": "HIGH"
                },
                "favorite": false,
                "fulfillment": {
                    "curbside": true,
                    "delivery": true,
                    "inStore": true,
                    "shipToHome": false
                },
                "size": "18 in"
            }
        ],
        "itemInformation": {},
        "temperature": {
            "indicator": "Ambient",
            "heatSensitive": false
        }
    }
]