[
    {
        "productId": "0088969600872",
        "upc": "0088969600872",
        "productPageURI": "/p/starcadia-quest-the-board-game/0088969600872?cid=dis.api.tpi_products-api_20240521_b:all_c:np_t:lookupproduct-243261",
        "aisleLocations": [],
        "brand": "Asmodee Editions",
        "categories": [
            "Entertainment"
        ],
        "description": "Starcadia Quest The Board Game",
        "images": [
            {
                "perspective": "front",
                "featured": true,
                "sizes": [
                    {
                        "size": "xlarge",
                        "url": "https://www.kroger.com/product/images/xlarge/front/0088969600872"
                    },
                    {
                        "size": "large",
                        "url": "https://www.kroger.com/product/images/large/front/0088969600872"
                    },
                    {
                        "size": "medium",
                        "url": "https://www.kroger.com/product/images/medium/front/0088969600872"
                    },
                    {
                        "size": "small",
                        "url": "https://www.kroger.com/product/images/small/front/0088969600872"
                    },
                    {
                        "size": "thumbnail",
                        "url": "https://www.kroger.com/product/images/thumbnail/front/0088969600872"
                    }
                ]
            }
        ],
        "items": [
            {
                "itemId": "0088969600872",
                "favorite": false,
                "fulfillment": {
                    "curbside": false,
                    "delivery": false,
                    "inStore": false,
                    "shipToHome": false
                },
                "size": "1 unit"
            }
        ],
        "itemInformation": {},
        "temperature": {
            "indicator": "Ambient",
            "heatSensitive": false
        }
    },
    {
        "productId": "0084542301283",
        "upc": "0084542301283",
        "productPageURI": "/p/razor-ripstik-brights-2-wheel-twisty-360-degree-caster-board-red-and-blue/0084542301283?cid=dis.api.tpi_products-api_20240521_b:all_c:np_t:lookupproduct-243261",
        "aisleLocations": [],
        "brand": "Razor",
        "categories": [
            "Entertainment"
        ],
        "description": "Razor RipStik Brights 2 Wheel Twisty 360 Degree Caster Board, Red and Blue",
        "images": [
            {
                "perspective": "front",
                "featured": true,
                "sizes": [
                    {
                        "size": "xlarge",
                        "url": "https://www.kroger.com/product/images/xlarge/front/0084542301283"
                    },
                    {
                        "size": "large",
                        "url": "https://www.kroger.com/product/images/large/front/0084542301283"
                    },
                    {
                        "size": "medium",
                        "url": "https://www.kroger.com/product/images/medium/front/0084542301283"
                    },
                    {
                        "size": "small",
                        "url": "https://www.kroger.com/product/images/small/front/0084542301283"
                    },
                    {
                        "size": "thumbnail",
                        "url": "https://www.kroger.com/product/images/thumbnail/front/0084542301283"
                    }
                ]
            }
        ],
        "items": [
            {
                "itemId": "0084542301283",
                "favorite": false,
                "fulfillment": {
                    "curbside": false,
                    "delivery": false,
                    "inStore": false,
                    "shipToHome": false
                },
                "size": "1 unit"
            }
        ],
        "itemInformation": {},
        "temperature": {
            "indicator": "Ambient",
            "heatSensitive": false
        }
    },
    {
        "productId": "0063050931239",
        "upc": "0063050931239",
        "productPageURI": "/p/hasbro-candy-land-board-game/0063050931239?cid=dis.api.tpi_products-api_20240521_b:all_c:np_t:lookupproduct-243261",
        "aisleLocations": [],
        "brand": "Hasbro",
        "categories": [
            "Entertainment"
        ],
        "description": "Hasbro Candy Land Board Game",
        "images": [
            {
                "perspective": "front",
                "featured": true,
                "sizes": [
                    {
                        "size": "xlarge",
                        "url": "https://www.kroger.com/product/images/xlarge/front/0063050931239"
                    },
                    {
                        "size": "large",
                        "url": "https://www.kroger.com/product/images/large/front/0063050931239"
                    },
                    {
                        "size": "medium",
                        "url": "https://www.kroger.com/product/images/medium/front/0063050931239"
                    },
                    {
                        "size": "small",
                        "url": "https://www.kroger.com/product/images/small/front/0063050931239"
                    },
                    {
                        "size": "thumbnail",
                        "url": "https://www.kroger.com/product/images/thumbnail/front/0063050931239"
                    }
                ]
            },
            {
                "perspective": "back",
                "sizes": [
                    {
                        "size": "xlarge",
                        "url": "https://www.kroger.com/product/images/xlarge/back/0063050931239"
                    },
                    {
                        "size": "large",
                        "url": "https://www.kroger.com/product/images/large/back/0063050931239"
                    },
                    {
                        "size": "medium",
                        "url": "https://www.kroger.com/product/images/medium/back/0063050931239"
                    },
                    {
                        "size": "small",
                        "url": "https://www.kroger.com/product/images/small/back/0063050931239"
                    },
                    {
                        "size": "thumbnail",
                        "url": "https://www.kroger.com/product/images/thumbnail/back/0063050931239"
                    }
                ]
            }
        ],
        "items": [
            {
                "itemId": "0063050931239",
                "favorite": false,
                "fulfillment": {
                    "curbside": false,
                    "delivery": false,
                    "inStore": false,
                    "shipToHome": false
                },
                "price": {
                    "regular": 11.99,
                    "promo": 0
                },
                "size": "1 ct",
                "soldBy": "UNIT"
            }
        ],
        "itemInformation": {},
        "temperature": {
            "indicator": "Ambient",
            "heatSensitive": false
        }
    },
    {
        "productId": "0072802846529",
        "upc": "0072802846529",
        "productPageURI": "/p/holi-festival-of-colors-the-board-game/0072802846529?cid=dis.api.tpi_products-api_20240521_b:all_c:np_t:lookupproduct-243261",
        "aisleLocations": [],
        "brand": "Alliance",
        "categories": [
            "Entertainment"
        ],
        "description": "Holi Festival Of Colors The Board Game",
        "images": [
            {
                "perspective": "front",
                "featured": true,
                "sizes": [
                    {
                        "size": "xlarge",
                        "url": "https://www.kroger.com/product/images/xlarge/front/0072802846529"
                    },
                    {
                        "size": "large",
                        "url": "https://www.kroger.com/product/images/large/front/0072802846529"
                    },
                    {
                        "size": "medium",
                        "url": "https://www.kroger.com/product/images/medium/front/0072802846529"
                    },
                    {
                        "size": "small",
                        "url": "https://www.kroger.com/product/images/small/front/0072802846529"
                    },
                    {
                        "size": "thumbnail",
                        "url": "https://www.kroger.com/product/images/thumbnail/front/0072802846529"
                    }
                ]
            }
        ],
        "items": [
            {
                "itemId": "0072802846529",
                "favorite": false,
                "fulfillment": {
                    "curbside": false,
                    "delivery": false,
                    "inStore": false,
                    "shipToHome": false
                },
                "size": "1 unit"
            }
        ],
        "itemInformation": {},
        "temperature": {
            "indicator": "Ambient",
            "heatSensitive": false
        }
    },
    {
        "productId": "0070598841644",
        "upc": "0070598841644",
        "productPageURI": "/p/masterpieces-nfl-opoly-junior-board-game/0070598841644?cid=dis.api.tpi_products-api_20240521_b:all_c:np_t:lookupproduct-243261",
        "aisleLocations": [],
        "brand": "MasterPieces",
        "categories": [
            "Entertainment"
        ],
        "description": "MasterPieces NFL-Opoly Junior Board Game",
        "images": [
            {
                "perspective": "front",
                "featured": true,
                "sizes": [
                    {
                        "size": "xlarge",
                        "url": "https://www.kroger.com/product/images/xlarge/front/0070598841644"
                    },
                    {
                        "size": "large",
                        "url": "https://www.kroger.com/product/images/large/front/0070598841644"
                    },
                    {
                        "size": "medium",
                        "url": "https://www.kroger.com/product/images/medium/front/0070598841644"
                    },
                    {
                        "size": "small",
                        "url": "https://www.kroger.com/product/images/small/front/0070598841644"
                    },
                    {
                        "size": "thumbnail",
                        "url": "https://www.kroger.com/product/images/thumbnail/front/0070598841644"
                    }
                ]
            }
        ],
        "items": [
            {
                "itemId": "0070598841644",
                "favorite": false,
                "fulfillment": {
                    "curbside": false,
                    "delivery": false,
                    "inStore": false,
                    "shipToHome": false
                },
                "size": "1"
            }
        ],
        "itemInformation": {},
        "temperature": {
            "indicator": "Ambient",
            "heatSensitive": false
        }
    },
    {
        "productId": "0070598841645",
        "upc": "0070598841645",
        "productPageURI": "/p/masterpieces-mlb-opoly-junior-board-game/0070598841645?cid=dis.api.tpi_products-api_20240521_b:all_c:np_t:lookupproduct-243261",
        "aisleLocations": [],
        "brand": "MasterPieces",
        "categories": [
            "Entertainment"
        ],
        "description": "MasterPieces MLB-Opoly Junior Board Game",
        "images": [
            {
                "perspective": "front",
                "featured": true,
                "sizes": [
                    {
                        "size": "xlarge",
                        "url": "https://www.kroger.com/product/images/xlarge/front/0070598841645"
                    },
                    {
                        "size": "large",
                        "url": "https://www.kroger.com/product/images/large/front/0070598841645"
                    },
                    {
                        "size": "medium",
                        "url": "https://www.kroger.com/product/images/medium/front/0070598841645"
                    },
                    {
                        "size": "small",
                        "url": "https://www.kroger.com/product/images/small/front/0070598841645"
                    },
                    {
                        "size": "thumbnail",
                        "url": "https://www.kroger.com/product/images/thumbnail/front/0070598841645"
                    }
                ]
            }
        ],
        "items": [
            {
                "itemId": "0070598841645",
                "favorite": false,
                "fulfillment": {
                    "curbside": false,
                    "delivery": false,
                    "inStore": false,
                    "shipToHome": false
                },
                "price": {
                    "regular": 19.99,
                    "promo": 0
                },
                "size": "1 game",
                "soldBy": "UNIT"
            }
        ],
        "itemInformation": {},
        "temperature": {
            "indicator": "Ambient",
            "heatSensitive": false
        }
    },
    {
        "productId": "0002185301905",
        "upc": "0002185301905",
        "productPageURI": "/p/pressman-bingo-board-game/0002185301905?cid=dis.api.tpi_products-api_20240521_b:all_c:np_t:lookupproduct-243261",
        "aisleLocations": [],
        "brand": "Pressman",
        "categories": [
            "Entertainment"
        ],
        "countryOrigin": "CHINA",
        "description": "Pressman Bingo Board Game",
        "images": [
            {
                "perspective": "front",
                "featured": true,
                "sizes": [
                    {
                        "size": "xlarge",
                        "url": "https://www.kroger.com/product/images/xlarge/front/0002185301905"
                    },
                    {
                        "size": "large",
                        "url": "https://www.kroger.com/product/images/large/front/0002185301905"
                    },
                    {
                        "size": "medium",
                        "url": "https://www.kroger.com/product/images/medium/front/0002185301905"
                    },
                    {
                        "size": "small",
                        "url": "https://www.kroger.com/product/images/small/front/0002185301905"
                    },
                    {
                        "size": "thumbnail",
                        "url": "https://www.kroger.com/product/images/thumbnail/front/0002185301905"
                    }
                ]
            }
        ],
        "items": [
            {
                "itemId": "0002185301905",
                "favorite": false,
                "fulfillment": {
                    "curbside": false,
                    "delivery": false,
                    "inStore": false,
                    "shipToHome": false
                },
                "size": "1 ct"
            }
        ],
        "itemInformation": {},
        "temperature": {
            "indicator": "Ambient",
            "heatSensitive": false
        }
    },
    {
        "productId": "0063050947772",
        "upc": "0063050947772",
        "productPageURI": "/p/hasbro-clue-2013-edition-board-game/0063050947772?cid=dis.api.tpi_products-api_20240521_b:all_c:np_t:lookupproduct-243261",
        "aisleLocations": [
            {
                "bayNumber": "15",
                "description": "AISLE 12",
                "number": "12",
                "numberOfFacings": "1",
                "side": "L",
                "shelfNumber": "4",
                "shelfPositionInBay": "2"
            }
        ],
        "brand": "Hasbro",
        "categories": [
            "Entertainment"
        ],
        "description": "Hasbro Clue (2013 Edition) Board Game",
        "items": [
            {
                "itemId": "0063050947772",
                "favorite": false,
                "fulfillment": {
                    "curbside": true,
                    "delivery": true,
                    "inStore": true,
                    "shipToHome": false
                },
                "price": {
                    "regular": 16.99,
                    "promo": 0
                },
                "size": "1 ct",
                "soldBy": "UNIT"
            }
        ],
        "itemInformation": {
            "depth": "1.75",
            "height": "10.5",
            "width": "10.5"
        },
        "temperature": {
            "indicator": "Ambient",
            "heatSensitive": false
        }
    },
    {
        "productId": "0072802848276",
        "upc": "0072802848276",
        "productPageURI": "/p/dragon-land-the-board-game/0072802848276?cid=dis.api.tpi_products-api_20240521_b:all_c:np_t:lookupproduct-243261",
        "aisleLocations": [],
        "brand": "Alliance",
        "categories": [
            "Entertainment",
            "Baby",
            "Entertainment"
        ],
        "description": "Dragon Land The Board Game",
        "images": [
            {
                "perspective": "front",
                "featured": true,
                "sizes": [
                    {
                        "size": "xlarge",
                        "url": "https://www.kroger.com/product/images/xlarge/front/0072802848276"
                    },
                    {
                        "size": "large",
                        "url": "https://www.kroger.com/product/images/large/front/0072802848276"
                    },
                    {
                        "size": "medium",
                        "url": "https://www.kroger.com/product/images/medium/front/0072802848276"
                    },
                    {
                        "size": "small",
                        "url": "https://www.kroger.com/product/images/small/front/0072802848276"
                    },
                    {
                        "size": "thumbnail",
                        "url": "https://www.kroger.com/product/images/thumbnail/front/0072802848276"
                    }
                ]
            }
        ],
        "items": [
            {
                "itemId": "0072802848276",
                "favorite": false,
                "fulfillment": {
                    "curbside": false,
                    "delivery": false,
                    "inStore": false,
                    "shipToHome": false
                },
                "size": "1 unit"
            }
        ],
        "itemInformation": {},
        "temperature": {
            "indicator": "Ambient",
            "heatSensitive": false
        }
    },
    {
        "productId": "0088969848717",
        "upc": "0088969848717",
        "productPageURI": "/p/funko-last-defense-the-board-game/0088969848717?cid=dis.api.tpi_products-api_20240521_b:all_c:np_t:lookupproduct-243261",
        "aisleLocations": [],
        "brand": "Funko",
        "categories": [
            "Entertainment"
        ],
        "description": "Funko Last Defense The Board Game",
        "images": [
            {
                "perspective": "front",
                "featured": true,
                "sizes": [
                    {
                        "size": "xlarge",
                        "url": "https://www.kroger.com/product/images/xlarge/front/0088969848717"
                    },
                    {
                        "size": "large",
                        "url": "https://www.kroger.com/product/images/large/front/0088969848717"
                    },
                    {
                        "size": "medium",
                        "url": "https://www.kroger.com/product/images/medium/front/0088969848717"
                    },
                    {
                        "size": "small",
                        "url": "https://www.kroger.com/product/images/small/front/0088969848717"
                    },
                    {
                        "size": "thumbnail",
                        "url": "https://www.kroger.com/product/images/thumbnail/front/0088969848717"
                    }
                ]
            }
        ],
        "items": [
            {
                "itemId": "0088969848717",
                "favorite": false,
                "fulfillment": {
                    "curbside": false,
                    "delivery": false,
                    "inStore": false,
                    "shipToHome": false
                },
                "size": "1 unit"
            }
        ],
        "itemInformation": {},
        "temperature": {
            "indicator": "Ambient",
            "heatSensitive": false
        }
    },
    {
        "productId": "0063050964329",
        "upc": "0063050964329",
        "productPageURI": "/p/betrayal-at-baldur-s-gate-the-board-game/0063050964329?cid=dis.api.tpi_products-api_20240521_b:all_c:np_t:lookupproduct-243261",
        "aisleLocations": [],
        "brand": "Avalon Hill",
        "categories": [
            "Entertainment"
        ],
        "description": "Betrayal at Baldur's Gate The Board Game",
        "images": [
            {
                "perspective": "front",
                "featured": true,
                "sizes": [
                    {
                        "size": "xlarge",
                        "url": "https://www.kroger.com/product/images/xlarge/front/0063050964329"
                    },
                    {
                        "size": "large",
                        "url": "https://www.kroger.com/product/images/large/front/0063050964329"
                    },
                    {
                        "size": "medium",
                        "url": "https://www.kroger.com/product/images/medium/front/0063050964329"
                    },
                    {
                        "size": "small",
                        "url": "https://www.kroger.com/product/images/small/front/0063050964329"
                    },
                    {
                        "size": "thumbnail",
                        "url": "https://www.kroger.com/product/images/thumbnail/front/0063050964329"
                    }
                ]
            }
        ],
        "items": [
            {
                "itemId": "0063050964329",
                "favorite": false,
                "fulfillment": {
                    "curbside": false,
                    "delivery": false,
                    "inStore": false,
                    "shipToHome": false
                },
                "size": "1 unit"
            }
        ],
        "itemInformation": {},
        "temperature": {
            "indicator": "Ambient",
            "heatSensitive": false
        }
    },
    {
        "productId": "0063050955634",
        "upc": "0063050955634",
        "productPageURI": "/p/hasbro-sorry-board-game/0063050955634?cid=dis.api.tpi_products-api_20240521_b:all_c:np_t:lookupproduct-243261",
        "aisleLocations": [],
        "brand": "Hasbro Gaming",
        "categories": [
            "Entertainment"
        ],
        "description": "Hasbro Sorry! Board Game",
        "images": [
            {
                "perspective": "top",
                "sizes": [
                    {
                        "size": "xlarge",
                        "url": "https://www.kroger.com/product/images/xlarge/top/0063050955634"
                    },
                    {
                        "size": "large",
                        "url": "https://www.kroger.com/product/images/large/top/0063050955634"
                    },
                    {
                        "size": "medium",
                        "url": "https://www.kroger.com/product/images/medium/top/0063050955634"
                    },
                    {
                        "size": "small",
                        "url": "https://www.kroger.com/product/images/small/top/0063050955634"
                    },
                    {
                        "size": "thumbnail",
                        "url": "https://www.kroger.com/product/images/thumbnail/top/0063050955634"
                    }
                ]
            },
            {
                "perspective": "front",
                "featured": true,
                "sizes": [
                    {
                        "size": "xlarge",
                        "url": "https://www.kroger.com/product/images/xlarge/front/0063050955634"
                    },
                    {
                        "size": "large",
                        "url": "https://www.kroger.com/product/images/large/front/0063050955634"
                    },
                    {
                        "size": "medium",
                        "url": "https://www.kroger.com/product/images/medium/front/0063050955634"
                    },
                    {
                        "size": "small",
                        "url": "https://www.kroger.com/product/images/small/front/0063050955634"
                    },
                    {
                        "size": "thumbnail",
                        "url": "https://www.kroger.com/product/images/thumbnail/front/0063050955634"
                    }
                ]
            }
        ],
        "items": [
            {
                "itemId": "0063050955634",
                "favorite": false,
                "fulfillment": {
                    "curbside": false,
                    "delivery": false,
                    "inStore": false,
                    "shipToHome": false
                },
                "price": {
                    "regular": 17.99,
                    "promo": 0
                },
                "size": "1 ct",
                "soldBy": "UNIT"
            }
        ],
        "itemInformation": {},
        "temperature": {
            "indicator": "Ambient",
            "heatSensitive": false
        }
    },
    {
        "productId": "0859415631031",
        "upc": "0859415631031",
        "productPageURI": "/p/codenames-board-game/0859415631031?cid=dis.api.tpi_products-api_20240521_b:all_c:np_t:lookupproduct-243261",
        "aisleLocations": [],
        "brand": "Czech Games",
        "categories": [
            "Entertainment"
        ],
        "description": "Codenames Board Game",
        "images": [
            {
                "perspective": "front",
                "featured": true,
                "sizes": [
                    {
                        "size": "xlarge",
                        "url": "https://www.kroger.com/product/images/xlarge/front/0859415631031"
                    },
                    {
                        "size": "large",
                        "url": "https://www.kroger.com/product/images/large/front/0859415631031"
                    },
                    {
                        "size": "medium",
                        "url": "https://www.kroger.com/product/images/medium/front/0859415631031"
                    },
                    {
                        "size": "small",
                        "url": "https://www.kroger.com/product/images/small/front/0859415631031"
                    },
                    {
                        "size": "thumbnail",
                        "url": "https://www.kroger.com/product/images/thumbnail/front/0859415631031"
                    }
                ]
            }
        ],
        "items": [
            {
                "itemId": "0859415631031",
                "favorite": false,
                "fulfillment": {
                    "curbside": true,
                    "delivery": true,
                    "inStore": true,
                    "shipToHome": false
                },
                "price": {
                    "regular": 19.99,
                    "promo": 0
                },
                "size": "1 ct",
                "soldBy": "UNIT"
            }
        ],
        "itemInformation": {},
        "temperature": {
            "indicator": "Ambient",
            "heatSensitive": false
        }
    },
    {
        "productId": "0060257319922",
        "upc": "0060257319922",
        "productPageURI": "/p/holding-on-board-game/0060257319922?cid=dis.api.tpi_products-api_20240521_b:all_c:np_t:lookupproduct-243261",
        "aisleLocations": [],
        "brand": "Asmodee Editions",
        "categories": [
            "Entertainment"
        ],
        "description": "Holding On Board Game",
        "images": [
            {
                "perspective": "front",
                "featured": true,
                "sizes": [
                    {
                        "size": "xlarge",
                        "url": "https://www.kroger.com/product/images/xlarge/front/0060257319922"
                    },
                    {
                        "size": "large",
                        "url": "https://www.kroger.com/product/images/large/front/0060257319922"
                    },
                    {
                        "size": "medium",
                        "url": "https://www.kroger.com/product/images/medium/front/0060257319922"
                    },
                    {
                        "size": "small",
                        "url": "https://www.kroger.com/product/images/small/front/0060257319922"
                    },
                    {
                        "size": "thumbnail",
                        "url": "https://www.kroger.com/product/images/thumbnail/front/0060257319922"
                    }
                ]
            }
        ],
        "items": [
            {
                "itemId": "0060257319922",
                "favorite": false,
                "fulfillment": {
                    "curbside": false,
                    "delivery": false,
                    "inStore": false,
                    "shipToHome": false
                },
                "size": "1 unit"
            }
        ],
        "itemInformation": {},
        "temperature": {
            "indicator": "Ambient",
            "heatSensitive": false
        }
    },
    {
        "productId": "0088796106051",
        "upc": "0088796106051",
        "productPageURI": "/p/mattel-balderdash-board-game/0088796106051?cid=dis.api.tpi_products-api_20240521_b:all_c:np_t:lookupproduct-243261",
        "aisleLocations": [],
        "brand": "Mattel",
        "categories": [
            "Entertainment"
        ],
        "countryOrigin": "CHINA",
        "description": "Mattel Balderdash Board Game",
        "images": [
            {
                "perspective": "front",
                "featured": true,
                "sizes": [
                    {
                        "size": "xlarge",
                        "url": "https://www.kroger.com/product/images/xlarge/front/0088796106051"
                    },
                    {
                        "size": "large",
                        "url": "https://www.kroger.com/product/images/large/front/0088796106051"
                    },
                    {
                        "size": "medium",
                        "url": "https://www.kroger.com/product/images/medium/front/0088796106051"
                    },
                    {
                        "size": "small",
                        "url": "https://www.kroger.com/product/images/small/front/0088796106051"
                    },
                    {
                        "size": "thumbnail",
                        "url": "https://www.kroger.com/product/images/thumbnail/front/0088796106051"
                    }
                ]
            }
        ],
        "items": [
            {
                "itemId": "0088796106051",
                "favorite": false,
                "fulfillment": {
                    "curbside": false,
                    "delivery": false,
                    "inStore": false,
                    "shipToHome": false
                },
                "price": {
                    "regular": 17.99,
                    "promo": 0
                },
                "size": "1 ct",
                "soldBy": "UNIT"
            }
        ],
        "itemInformation": {},
        "temperature": {
            "indicator": "Ambient",
            "heatSensitive": false
        }
    },
    {
        "productId": "0088796123609",
        "upc": "0088796123609",
        "productPageURI": "/p/mattel-pictionary-board-game/0088796123609?cid=dis.api.tpi_products-api_20240521_b:all_c:np_t:lookupproduct-243261",
        "aisleLocations": [],
        "brand": "Mattel",
        "categories": [
            "Entertainment"
        ],
        "countryOrigin": "CHINA",
        "description": "Mattel Pictionary Board Game",
        "images": [
            {
                "perspective": "front",
                "featured": true,
                "sizes": [
                    {
                        "size": "xlarge",
                        "url": "https://www.kroger.com/product/images/xlarge/front/0088796123609"
                    },
                    {
                        "size": "large",
                        "url": "https://www.kroger.com/product/images/large/front/0088796123609"
                    },
                    {
                        "size": "medium",
                        "url": "https://www.kroger.com/product/images/medium/front/0088796123609"
                    },
                    {
                        "size": "small",
                        "url": "https://www.kroger.com/product/images/small/front/0088796123609"
                    },
                    {
                        "size": "thumbnail",
                        "url": "https://www.kroger.com/product/images/thumbnail/front/0088796123609"
                    }
                ]
            }
        ],
        "items": [
            {
                "itemId": "0088796123609",
                "inventory": {
                    "stockLevel": "HIGH"
                },
                "favorite": false,
                "fulfillment": {
                    "curbside": false,
                    "delivery": false,
                    "inStore": false,
                    "shipToHome": false
                },
                "size": "1 ct"
            }
        ],
        "itemInformation": {},
        "temperature": {
            "indicator": "Ambient",
            "heatSensitive": false
        }
    },
    {
        "productId": "0067212501968",
        "upc": "0067212501968",
        "productPageURI": "/p/artskills-poster-board-frame-gold/0067212501968?cid=dis.api.tpi_products-api_20240521_b:all_c:np_t:lookupproduct-243261",
        "aisleLocations": [],
        "brand": "ArtSkills\u00ae",
        "categories": [
            "Entertainment",
            "Office, School, & Crafts"
        ],
        "countryOrigin": "CHINA",
        "description": "ArtSkills\u00ae Poster Board Frame - Gold",
        "images": [
            {
                "perspective": "front",
                "featured": true,
                "sizes": [
                    {
                        "size": "xlarge",
                        "url": "https://www.kroger.com/product/images/xlarge/front/0067212501968"
                    },
                    {
                        "size": "large",
                        "url": "https://www.kroger.com/product/images/large/front/0067212501968"
                    },
                    {
                        "size": "medium",
                        "url": "https://www.kroger.com/product/images/medium/front/0067212501968"
                    },
                    {
                        "size": "small",
                        "url": "https://www.kroger.com/product/images/small/front/0067212501968"
                    },
                    {
                        "size": "thumbnail",
                        "url": "https://www.kroger.com/product/images/thumbnail/front/0067212501968"
                    }
                ]
            }
        ],
        "items": [
            {
                "itemId": "0067212501968",
                "favorite": false,
                "fulfillment": {
                    "curbside": true,
                    "delivery": true,
                    "inStore": true,
                    "shipToHome": false
                },
                "price": {
                    "regular": 4.49,
                    "promo": 0
                },
                "size": "1 ct",
                "soldBy": "UNIT"
            }
        ],
        "itemInformation": {},
        "temperature": {
            "indicator": "Ambient",
            "heatSensitive": false
        }
    },
    {
        "productId": "0085123600800",
        "upc": "0085123600800",
        "productPageURI": "/p/street-masters-the-board-game/0085123600800?cid=dis.api.tpi_products-api_20240521_b:all_c:np_t:lookupproduct-243261",
        "aisleLocations": [],
        "brand": "Asmodee Editions",
        "categories": [
            "Entertainment"
        ],
        "description": "Street Masters The Board Game",
        "images": [
            {
                "perspective": "front",
                "featured": true,
                "sizes": [
                    {
                        "size": "xlarge",
                        "url": "https://www.kroger.com/product/images/xlarge/front/0085123600800"
                    },
                    {
                        "size": "large",
                        "url": "https://www.kroger.com/product/images/large/front/0085123600800"
                    },
                    {
                        "size": "medium",
                        "url": "https://www.kroger.com/product/images/medium/front/0085123600800"
                    },
                    {
                        "size": "small",
                        "url": "https://www.kroger.com/product/images/small/front/0085123600800"
                    },
                    {
                        "size": "thumbnail",
                        "url": "https://www.kroger.com/product/images/thumbnail/front/0085123600800"
                    }
                ]
            }
        ],
        "items": [
            {
                "itemId": "0085123600800",
                "favorite": false,
                "fulfillment": {
                    "curbside": false,
                    "delivery": false,
                    "inStore": false,
                    "shipToHome": false
                },
                "size": "1 unit"
            }
        ],
        "itemInformation": {},
        "temperature": {
            "indicator": "Ambient",
            "heatSensitive": false
        }
    },
    {
        "productId": "0088796167377",
        "upc": "0088796167377",
        "productPageURI": "/p/blokus-duo-the-board-game/0088796167377?cid=dis.api.tpi_products-api_20240521_b:all_c:np_t:lookupproduct-243261",
        "aisleLocations": [],
        "brand": "Mattel",
        "categories": [
            "Entertainment"
        ],
        "description": "Blokus Duo The Board Game",
        "images": [
            {
                "perspective": "front",
                "featured": true,
                "sizes": [
                    {
                        "size": "xlarge",
                        "url": "https://www.kroger.com/product/images/xlarge/front/0088796167377"
                    },
                    {
                        "size": "large",
                        "url": "https://www.kroger.com/product/images/large/front/0088796167377"
                    },
                    {
                        "size": "medium",
                        "url": "https://www.kroger.com/product/images/medium/front/0088796167377"
                    },
                    {
                        "size": "small",
                        "url": "https://www.kroger.com/product/images/small/front/0088796167377"
                    },
                    {
                        "size": "thumbnail",
                        "url": "https://www.kroger.com/product/images/thumbnail/front/0088796167377"
                    }
                ]
            }
        ],
        "items": [
            {
                "itemId": "0088796167377",
                "favorite": false,
                "fulfillment": {
                    "curbside": false,
                    "delivery": false,
                    "inStore": false,
                    "shipToHome": false
                },
                "size": "1 unit"
            }
        ],
        "itemInformation": {},
        "temperature": {
            "indicator": "Ambient",
            "heatSensitive": false
        }
    },
    {
        "productId": "0063050989406",
        "upc": "0063050989406",
        "productPageURI": "/p/hasbro-gaming-monopoly-arcade-pac-man-board-game/0063050989406?cid=dis.api.tpi_products-api_20240521_b:all_c:np_t:lookupproduct-243261",
        "aisleLocations": [],
        "brand": "Hasbro Gaming",
        "categories": [
            "Entertainment"
        ],
        "description": "Hasbro Gaming Monopoly Arcade Pac-Man Board Game",
        "images": [
            {
                "perspective": "front",
                "featured": true,
                "sizes": [
                    {
                        "size": "xlarge",
                        "url": "https://www.kroger.com/product/images/xlarge/front/0063050989406"
                    },
                    {
                        "size": "large",
                        "url": "https://www.kroger.com/product/images/large/front/0063050989406"
                    },
                    {
                        "size": "medium",
                        "url": "https://www.kroger.com/product/images/medium/front/0063050989406"
                    },
                    {
                        "size": "small",
                        "url": "https://www.kroger.com/product/images/small/front/0063050989406"
                    },
                    {
                        "size": "thumbnail",
                        "url": "https://www.kroger.com/product/images/thumbnail/front/0063050989406"
                    }
                ]
            },
            {
                "perspective": "back",
                "sizes": [
                    {
                        "size": "xlarge",
                        "url": "https://www.kroger.com/product/images/xlarge/back/0063050989406"
                    },
                    {
                        "size": "large",
                        "url": "https://www.kroger.com/product/images/large/back/0063050989406"
                    },
                    {
                        "size": "medium",
                        "url": "https://www.kroger.com/product/images/medium/back/0063050989406"
                    },
                    {
                        "size": "small",
                        "url": "https://www.kroger.com/product/images/small/back/0063050989406"
                    },
                    {
                        "size": "thumbnail",
                        "url": "https://www.kroger.com/product/images/thumbnail/back/0063050989406"
                    }
                ]
            }
        ],
        "items": [
            {
                "itemId": "0063050989406",
                "favorite": false,
                "fulfillment": {
                    "curbside": false,
                    "delivery": false,
                    "inStore": false,
                    "shipToHome": false
                },
                "size": "1 ct"
            }
        ],
        "itemInformation": {},
        "temperature": {
            "indicator": "Ambient",
            "heatSensitive": false
        }
    },
    {
        "productId": "0072922008070",
        "upc": "0072922008070",
        "productPageURI": "/p/mariposas-the-board-game/0072922008070?cid=dis.api.tpi_products-api_20240521_b:all_c:np_t:lookupproduct-243261",
        "aisleLocations": [],
        "brand": "Alliance",
        "categories": [
            "Entertainment"
        ],
        "description": "Mariposas The Board Game",
        "images": [
            {
                "perspective": "front",
                "featured": true,
                "sizes": [
                    {
                        "size": "xlarge",
                        "url": "https://www.kroger.com/product/images/xlarge/front/0072922008070"
                    },
                    {
                        "size": "large",
                        "url": "https://www.kroger.com/product/images/large/front/0072922008070"
                    },
                    {
                        "size": "medium",
                        "url": "https://www.kroger.com/product/images/medium/front/0072922008070"
                    },
                    {
                        "size": "small",
                        "url": "https://www.kroger.com/product/images/small/front/0072922008070"
                    },
                    {
                        "size": "thumbnail",
                        "url": "https://www.kroger.com/product/images/thumbnail/front/0072922008070"
                    }
                ]
            }
        ],
        "items": [
            {
                "itemId": "0072922008070",
                "favorite": false,
                "fulfillment": {
                    "curbside": false,
                    "delivery": false,
                    "inStore": false,
                    "shipToHome": false
                },
                "size": "1 unit"
            }
        ],
        "itemInformation": {},
        "temperature": {
            "indicator": "Ambient",
            "heatSensitive": false
        }
    }
]