[
    {
        "productId": "0084328312344",
        "upc": "0084328312344",
        "productPageURI": "/p/scentsationals-lemon-hand-sanitizer-spray-bottle-with-safety-lock-8-fl-oz-pack-of-6-/0084328312344?cid=dis.api.tpi_products-api_20240521_b:all_c:np_t:lookupproduct-243261",
        "aisleLocations": [],
        "categories": [
            "Natural & Organic",
            "Personal Care"
        ],
        "description": "ScentSationals Lemon Hand Sanitizer Spray Bottle with Safety Lock - 8 Fl Oz (Pack of 6)",
        "images": [
            {
                "perspective": "back",
                "sizes": [
                    {
                        "size": "xlarge",
                        "url": "https://www.kroger.com/product/images/xlarge/back/0084328312344"
                    },
                    {
                        "size": "large",
                        "url": "https://www.kroger.com/product/images/large/back/0084328312344"
                    },
                    {
                        "size": "medium",
                        "url": "https://www.kroger.com/product/images/medium/back/0084328312344"
                    },
                    {
                        "size": "small",
                        "url": "https://www.kroger.com/product/images/small/back/0084328312344"
                    },
                    {
                        "size": "thumbnail",
                        "url": "https://www.kroger.com/product/images/thumbnail/back/0084328312344"
                    }
                ]
            },
            {
                "perspective": "right",
                "sizes": [
                    {
                        "size": "xlarge",
                        "url": "https://www.kroger.com/product/images/xlarge/right/0084328312344"
                    },
                    {
                        "size": "large",
                        "url": "https://www.kroger.com/product/images/large/right/0084328312344"
                    },
                    {
                        "size": "medium",
                        "url": "https://www.kroger.com/product/images/medium/right/0084328312344"
                    },
                    {
                        "size": "small",
                        "url": "https://www.kroger.com/product/images/small/right/0084328312344"
                    },
                    {
                        "size": "thumbnail",
                        "url": "https://www.kroger.com/product/images/thumbnail/right/0084328312344"
                    }
                ]
            },
            {
                "perspective": "front",
                "featured": true,
                "sizes": [
                    {
                        "size": "xlarge",
                        "url": "https://www.kroger.com/product/images/xlarge/front/0084328312344"
                    },
                    {
                        "size": "large",
                        "url": "https://www.kroger.com/product/images/large/front/0084328312344"
                    },
                    {
                        "size": "medium",
                        "url": "https://www.kroger.com/product/images/medium/front/0084328312344"
                    },
                    {
                        "size": "small",
                        "url": "https://www.kroger.com/product/images/small/front/0084328312344"
                    },
                    {
                        "size": "thumbnail",
                        "url": "https://www.kroger.com/product/images/thumbnail/front/0084328312344"
                    }
                ]
            },
            {
                "perspective": "top",
                "sizes": [
                    {
                        "size": "xlarge",
                        "url": "https://www.kroger.com/product/images/xlarge/top/0084328312344"
                    },
                    {
                        "size": "large",
                        "url": "https://www.kroger.com/product/images/large/top/0084328312344"
                    },
                    {
                        "size": "medium",
                        "url": "https://www.kroger.com/product/images/medium/top/0084328312344"
                    },
                    {
                        "size": "small",
                        "url": "https://www.kroger.com/product/images/small/top/0084328312344"
                    },
                    {
                        "size": "thumbnail",
                        "url": "https://www.kroger.com/product/images/thumbnail/top/0084328312344"
                    }
                ]
            },
            {
                "perspective": "left",
                "sizes": [
                    {
                        "size": "xlarge",
                        "url": "https://www.kroger.com/product/images/xlarge/left/0084328312344"
                    },
                    {
                        "size": "large",
                        "url": "https://www.kroger.com/product/images/large/left/0084328312344"
                    },
                    {
                        "size": "medium",
                        "url": "https://www.kroger.com/product/images/medium/left/0084328312344"
                    },
                    {
                        "size": "small",
                        "url": "https://www.kroger.com/product/images/small/left/0084328312344"
                    },
                    {
                        "size": "thumbnail",
                        "url": "https://www.kroger.com/product/images/thumbnail/left/0084328312344"
                    }
                ]
            }
        ],
        "items": [
            {
                "itemId": "0084328312344",
                "favorite": false,
                "fulfillment": {
                    "curbside": false,
                    "delivery": false,
                    "inStore": false,
                    "shipToHome": false
                },
                "size": "6 count"
            }
        ],
        "itemInformation": {},
        "temperature": {
            "indicator": "Ambient",
            "heatSensitive": false
        }
    },
    {
        "productId": "0006233800230",
        "upc": "0006233800230",
        "productPageURI": "/p/resolve-spray-wash-easy-spray-stain-remover/0006233800230?cid=dis.api.tpi_products-api_20240521_b:all_c:np_t:lookupproduct-243261",
        "aisleLocations": [
            {
                "bayNumber": "6",
                "description": "AISLE 14",
                "number": "14",
                "numberOfFacings": "3",
                "side": "R",
                "shelfNumber": "6",
                "shelfPositionInBay": "6"
            }
        ],
        "brand": "Resolve",
        "categories": [
            "Personal Care"
        ],
        "description": "Resolve Spray & Wash Easy Spray Stain Remover",
        "images": [
            {
                "perspective": "left",
                "sizes": [
                    {
                        "size": "xlarge",
                        "url": "https://www.kroger.com/product/images/xlarge/left/0006233800230"
                    },
                    {
                        "size": "large",
                        "url": "https://www.kroger.com/product/images/large/left/0006233800230"
                    },
                    {
                        "size": "medium",
                        "url": "https://www.kroger.com/product/images/medium/left/0006233800230"
                    },
                    {
                        "size": "small",
                        "url": "https://www.kroger.com/product/images/small/left/0006233800230"
                    },
                    {
                        "size": "thumbnail",
                        "url": "https://www.kroger.com/product/images/thumbnail/left/0006233800230"
                    }
                ]
            },
            {
                "perspective": "front",
                "featured": true,
                "sizes": [
                    {
                        "size": "xlarge",
                        "url": "https://www.kroger.com/product/images/xlarge/front/0006233800230"
                    },
                    {
                        "size": "large",
                        "url": "https://www.kroger.com/product/images/large/front/0006233800230"
                    },
                    {
                        "size": "medium",
                        "url": "https://www.kroger.com/product/images/medium/front/0006233800230"
                    },
                    {
                        "size": "small",
                        "url": "https://www.kroger.com/product/images/small/front/0006233800230"
                    },
                    {
                        "size": "thumbnail",
                        "url": "https://www.kroger.com/product/images/thumbnail/front/0006233800230"
                    }
                ]
            },
            {
                "perspective": "right",
                "sizes": [
                    {
                        "size": "xlarge",
                        "url": "https://www.kroger.com/product/images/xlarge/right/0006233800230"
                    },
                    {
                        "size": "large",
                        "url": "https://www.kroger.com/product/images/large/right/0006233800230"
                    },
                    {
                        "size": "medium",
                        "url": "https://www.kroger.com/product/images/medium/right/0006233800230"
                    },
                    {
                        "size": "small",
                        "url": "https://www.kroger.com/product/images/small/right/0006233800230"
                    },
                    {
                        "size": "thumbnail",
                        "url": "https://www.kroger.com/product/images/thumbnail/right/0006233800230"
                    }
                ]
            }
        ],
        "items": [
            {
                "itemId": "0006233800230",
                "inventory": {
                    "stockLevel": "HIGH"
                },
                "favorite": false,
                "fulfillment": {
                    "curbside": true,
                    "delivery": true,
                    "inStore": true,
                    "shipToHome": false
                },
                "price": {
                    "regular": 3.99,
                    "promo": 0
                },
                "size": "22 fl oz",
                "soldBy": "UNIT"
            }
        ],
        "itemInformation": {
            "depth": "2.97",
            "height": "10.66",
            "width": "5.14"
        },
        "temperature": {
            "indicator": "Ambient",
            "heatSensitive": false
        }
    },
    {
        "productId": "0002616906623",
        "upc": "0002616906623",
        "productPageURI": "/p/body-fantasies-cucumber-melon-fragrance-body-spray/0002616906623?cid=dis.api.tpi_products-api_20240521_b:all_c:np_t:lookupproduct-243261",
        "aisleLocations": [
            {
                "bayNumber": "8",
                "description": "AISLE 19",
                "number": "19",
                "numberOfFacings": "1",
                "side": "L",
                "shelfNumber": "155",
                "shelfPositionInBay": "1"
            }
        ],
        "brand": "Body Fantasies",
        "categories": [
            "Beauty"
        ],
        "description": "Body Fantasies Cucumber Melon Fragrance Body Spray",
        "images": [
            {
                "perspective": "back",
                "sizes": [
                    {
                        "size": "xlarge",
                        "url": "https://www.kroger.com/product/images/xlarge/back/0002616906623"
                    },
                    {
                        "size": "large",
                        "url": "https://www.kroger.com/product/images/large/back/0002616906623"
                    },
                    {
                        "size": "medium",
                        "url": "https://www.kroger.com/product/images/medium/back/0002616906623"
                    },
                    {
                        "size": "small",
                        "url": "https://www.kroger.com/product/images/small/back/0002616906623"
                    },
                    {
                        "size": "thumbnail",
                        "url": "https://www.kroger.com/product/images/thumbnail/back/0002616906623"
                    }
                ]
            },
            {
                "perspective": "front",
                "featured": true,
                "sizes": [
                    {
                        "size": "xlarge",
                        "url": "https://www.kroger.com/product/images/xlarge/front/0002616906623"
                    },
                    {
                        "size": "large",
                        "url": "https://www.kroger.com/product/images/large/front/0002616906623"
                    },
                    {
                        "size": "medium",
                        "url": "https://www.kroger.com/product/images/medium/front/0002616906623"
                    },
                    {
                        "size": "small",
                        "url": "https://www.kroger.com/product/images/small/front/0002616906623"
                    },
                    {
                        "size": "thumbnail",
                        "url": "https://www.kroger.com/product/images/thumbnail/front/0002616906623"
                    }
                ]
            }
        ],
        "items": [
            {
                "itemId": "0002616906623",
                "inventory": {
                    "stockLevel": "HIGH"
                },
                "favorite": false,
                "fulfillment": {
                    "curbside": true,
                    "delivery": true,
                    "inStore": true,
                    "shipToHome": false
                },
                "price": {
                    "regular": 2.49,
                    "promo": 0
                },
                "size": "1.7 fl oz",
                "soldBy": "UNIT"
            }
        ],
        "itemInformation": {
            "depth": "1.0",
            "height": "5.0",
            "width": "2.0"
        },
        "temperature": {
            "indicator": "Ambient",
            "heatSensitive": false
        }
    },
    {
        "productId": "0030299410515",
        "upc": "0030299410515",
        "productPageURI": "/p/cetaphil-soothing-gel-cream/0030299410515?cid=dis.api.tpi_products-api_20240521_b:all_c:np_t:lookupproduct-243261",
        "aisleLocations": [],
        "brand": "Cetaphil",
        "categories": [
            "Personal Care",
            "Health"
        ],
        "countryOrigin": "CANADA",
        "description": "Cetaphil Soothing Gel Cream",
        "images": [
            {
                "perspective": "front",
                "featured": true,
                "sizes": [
                    {
                        "size": "xlarge",
                        "url": "https://www.kroger.com/product/images/xlarge/front/0030299410515"
                    },
                    {
                        "size": "large",
                        "url": "https://www.kroger.com/product/images/large/front/0030299410515"
                    },
                    {
                        "size": "medium",
                        "url": "https://www.kroger.com/product/images/medium/front/0030299410515"
                    },
                    {
                        "size": "small",
                        "url": "https://www.kroger.com/product/images/small/front/0030299410515"
                    },
                    {
                        "size": "thumbnail",
                        "url": "https://www.kroger.com/product/images/thumbnail/front/0030299410515"
                    }
                ]
            }
        ],
        "items": [
            {
                "itemId": "0030299410515",
                "inventory": {
                    "stockLevel": "HIGH"
                },
                "favorite": false,
                "fulfillment": {
                    "curbside": false,
                    "delivery": false,
                    "inStore": false,
                    "shipToHome": false
                },
                "price": {
                    "regular": 16.99,
                    "promo": 0
                },
                "size": "8 oz",
                "soldBy": "UNIT"
            }
        ],
        "itemInformation": {},
        "temperature": {
            "indicator": "Ambient",
            "heatSensitive": false
        }
    },
    {
        "productId": "0060938526515",
        "upc": "0060938526515",
        "productPageURI": "/p/hugo-boss-293118-3-3-oz-boss-the-scent-eau-de-parfum-spray-6-7-oz-body-lotion-for-women/0060938526515?cid=dis.api.tpi_products-api_20240521_b:all_c:np_t:lookupproduct-243261",
        "aisleLocations": [],
        "categories": [
            "Personal Care"
        ],
        "description": "Hugo Boss 293118 3.3 oz Boss the Scent Eau De Parfum Spray & 6.7 oz Body Lotion for Women",
        "images": [
            {
                "perspective": "front",
                "featured": true,
                "sizes": [
                    {
                        "size": "xlarge",
                        "url": "https://www.kroger.com/product/images/xlarge/front/0060938526515"
                    },
                    {
                        "size": "large",
                        "url": "https://www.kroger.com/product/images/large/front/0060938526515"
                    },
                    {
                        "size": "medium",
                        "url": "https://www.kroger.com/product/images/medium/front/0060938526515"
                    },
                    {
                        "size": "small",
                        "url": "https://www.kroger.com/product/images/small/front/0060938526515"
                    },
                    {
                        "size": "thumbnail",
                        "url": "https://www.kroger.com/product/images/thumbnail/front/0060938526515"
                    }
                ]
            }
        ],
        "items": [
            {
                "itemId": "0060938526515",
                "favorite": false,
                "fulfillment": {
                    "curbside": false,
                    "delivery": false,
                    "inStore": false,
                    "shipToHome": false
                },
                "size": "1"
            }
        ],
        "itemInformation": {},
        "temperature": {
            "indicator": "Ambient",
            "heatSensitive": false
        }
    },
    {
        "productId": "0007940019720",
        "upc": "0007940019720",
        "productPageURI": "/p/axe-anarchy-deodorant-body-spray/0007940019720?cid=dis.api.tpi_products-api_20240521_b:all_c:np_t:lookupproduct-243261",
        "aisleLocations": [
            {
                "bayNumber": "15",
                "description": "AISLE 19",
                "number": "19",
                "numberOfFacings": "2",
                "side": "R",
                "shelfNumber": "2",
                "shelfPositionInBay": "4"
            }
        ],
        "brand": "Axe",
        "categories": [
            "Personal Care",
            "Natural & Organic"
        ],
        "description": "Axe Anarchy Deodorant Body Spray",
        "images": [
            {
                "perspective": "back",
                "sizes": [
                    {
                        "size": "xlarge",
                        "url": "https://www.kroger.com/product/images/xlarge/back/0007940019720"
                    },
                    {
                        "size": "large",
                        "url": "https://www.kroger.com/product/images/large/back/0007940019720"
                    },
                    {
                        "size": "medium",
                        "url": "https://www.kroger.com/product/images/medium/back/0007940019720"
                    },
                    {
                        "size": "small",
                        "url": "https://www.kroger.com/product/images/small/back/0007940019720"
                    },
                    {
                        "size": "thumbnail",
                        "url": "https://www.kroger.com/product/images/thumbnail/back/0007940019720"
                    }
                ]
            },
            {
                "perspective": "front",
                "featured": true,
                "sizes": [
                    {
                        "size": "xlarge",
                        "url": "https://www.kroger.com/product/images/xlarge/front/0007940019720"
                    },
                    {
                        "size": "large",
                        "url": "https://www.kroger.com/product/images/large/front/0007940019720"
                    },
                    {
                        "size": "medium",
                        "url": "https://www.kroger.com/product/images/medium/front/0007940019720"
                    },
                    {
                        "size": "small",
                        "url": "https://www.kroger.com/product/images/small/front/0007940019720"
                    },
                    {
                        "size": "thumbnail",
                        "url": "https://www.kroger.com/product/images/thumbnail/front/0007940019720"
                    }
                ]
            }
        ],
        "items": [
            {
                "itemId": "0007940019720",
                "inventory": {
                    "stockLevel": "HIGH"
                },
                "favorite": false,
                "fulfillment": {
                    "curbside": true,
                    "delivery": true,
                    "inStore": true,
                    "shipToHome": false
                },
                "price": {
                    "regular": 6.49,
                    "promo": 0
                },
                "size": "4.0 oz",
                "soldBy": "UNIT"
            }
        ],
        "itemInformation": {},
        "temperature": {
            "indicator": "Ambient",
            "heatSensitive": false
        }
    },
    {
        "productId": "0007940058987",
        "upc": "0007940058987",
        "productPageURI": "/p/axe-black-all-day-fresh-deodorant-body-spray/0007940058987?cid=dis.api.tpi_products-api_20240521_b:all_c:np_t:lookupproduct-243261",
        "aisleLocations": [],
        "brand": "Axe",
        "categories": [
            "Personal Care"
        ],
        "description": "Axe Black All-Day Fresh Deodorant Body Spray",
        "images": [
            {
                "perspective": "front",
                "featured": true,
                "sizes": [
                    {
                        "size": "xlarge",
                        "url": "https://www.kroger.com/product/images/xlarge/front/0007940058987"
                    },
                    {
                        "size": "large",
                        "url": "https://www.kroger.com/product/images/large/front/0007940058987"
                    },
                    {
                        "size": "medium",
                        "url": "https://www.kroger.com/product/images/medium/front/0007940058987"
                    },
                    {
                        "size": "small",
                        "url": "https://www.kroger.com/product/images/small/front/0007940058987"
                    },
                    {
                        "size": "thumbnail",
                        "url": "https://www.kroger.com/product/images/thumbnail/front/0007940058987"
                    }
                ]
            }
        ],
        "items": [
            {
                "itemId": "0007940058987",
                "favorite": false,
                "fulfillment": {
                    "curbside": true,
                    "delivery": true,
                    "inStore": true,
                    "shipToHome": false
                },
                "size": "4 oz"
            }
        ],
        "itemInformation": {},
        "temperature": {
            "indicator": "Ambient",
            "heatSensitive": false
        }
    },
    {
        "productId": "0038151905503",
        "upc": "0038151905503",
        "productPageURI": "/p/herbal-essences-body-envy-boosted-volume-shampoo/0038151905503?cid=dis.api.tpi_products-api_20240521_b:all_c:np_t:lookupproduct-243261",
        "aisleLocations": [],
        "brand": "Herbal Essences",
        "categories": [
            "Personal Care",
            "Beauty"
        ],
        "description": "Herbal Essences Body Envy Boosted Volume Shampoo",
        "images": [
            {
                "perspective": "front",
                "featured": true,
                "sizes": [
                    {
                        "size": "xlarge",
                        "url": "https://www.kroger.com/product/images/xlarge/front/0038151905503"
                    },
                    {
                        "size": "large",
                        "url": "https://www.kroger.com/product/images/large/front/0038151905503"
                    },
                    {
                        "size": "medium",
                        "url": "https://www.kroger.com/product/images/medium/front/0038151905503"
                    },
                    {
                        "size": "small",
                        "url": "https://www.kroger.com/product/images/small/front/0038151905503"
                    },
                    {
                        "size": "thumbnail",
                        "url": "https://www.kroger.com/product/images/thumbnail/front/0038151905503"
                    }
                ]
            },
            {
                "perspective": "back",
                "sizes": [
                    {
                        "size": "xlarge",
                        "url": "https://www.kroger.com/product/images/xlarge/back/0038151905503"
                    },
                    {
                        "size": "large",
                        "url": "https://www.kroger.com/product/images/large/back/0038151905503"
                    },
                    {
                        "size": "medium",
                        "url": "https://www.kroger.com/product/images/medium/back/0038151905503"
                    },
                    {
                        "size": "small",
                        "url": "https://www.kroger.com/product/images/small/back/0038151905503"
                    },
                    {
                        "size": "thumbnail",
                        "url": "https://www.kroger.com/product/images/thumbnail/back/0038151905503"
                    }
                ]
            }
        ],
        "items": [
            {
                "itemId": "0038151905503",
                "favorite": false,
                "fulfillment": {
                    "curbside": true,
                    "delivery": true,
                    "inStore": true,
                    "shipToHome": false
                },
                "size": "10.1 fl oz"
            }
        ],
        "itemInformation": {},
        "temperature": {
            "indicator": "Ambient",
            "heatSensitive": false
        }
    },
    {
        "productId": "0008087804302",
        "upc": "0008087804302",
        "productPageURI": "/p/pantene-pro-v-volume-body-mousse/0008087804302?cid=dis.api.tpi_products-api_20240521_b:all_c:np_t:lookupproduct-243261",
        "aisleLocations": [
            {
                "bayNumber": "1",
                "description": "AISLE 20",
                "number": "20",
                "numberOfFacings": "1",
                "side": "R",
                "shelfNumber": "6",
                "shelfPositionInBay": "11"
            }
        ],
        "brand": "Pantene",
        "categories": [
            "Beauty",
            "Beauty",
            "Natural & Organic"
        ],
        "countryOrigin": "UNITED STATES",
        "description": "PANTENE Pro-V Volume & Body Mousse",
        "images": [
            {
                "perspective": "front",
                "featured": true,
                "sizes": [
                    {
                        "size": "large",
                        "url": "https://www.kroger.com/product/images/large/front/0008087804302"
                    },
                    {
                        "size": "medium",
                        "url": "https://www.kroger.com/product/images/medium/front/0008087804302"
                    },
                    {
                        "size": "small",
                        "url": "https://www.kroger.com/product/images/small/front/0008087804302"
                    },
                    {
                        "size": "thumbnail",
                        "url": "https://www.kroger.com/product/images/thumbnail/front/0008087804302"
                    }
                ]
            },
            {
                "perspective": "back",
                "sizes": [
                    {
                        "size": "xlarge",
                        "url": "https://www.kroger.com/product/images/xlarge/back/0008087804302"
                    },
                    {
                        "size": "large",
                        "url": "https://www.kroger.com/product/images/large/back/0008087804302"
                    },
                    {
                        "size": "medium",
                        "url": "https://www.kroger.com/product/images/medium/back/0008087804302"
                    },
                    {
                        "size": "small",
                        "url": "https://www.kroger.com/product/images/small/back/0008087804302"
                    },
                    {
                        "size": "thumbnail",
                        "url": "https://www.kroger.com/product/images/thumbnail/back/0008087804302"
                    }
                ]
            }
        ],
        "items": [
            {
                "itemId": "0008087804302",
                "inventory": {
                    "stockLevel": "HIGH"
                },
                "favorite": false,
                "fulfillment": {
                    "curbside": true,
                    "delivery": true,
                    "inStore": true,
                    "shipToHome": false
                },
                "price": {
                    "regular": 5.99,
                    "promo": 0
                },
                "size": "6.6 oz",
                "soldBy": "UNIT"
            }
        ],
        "itemInformation": {
            "depth": "1.77",
            "height": "9.1",
            "width": "1.77"
        },
        "temperature": {
            "indicator": "Ambient",
            "heatSensitive": false
        }
    },
    {
        "productId": "0060353128106",
        "upc": "0060353128106",
        "productPageURI": "/p/gayle-hayman-delicious-cotton-candy-women-s-body-spray-8-0-oz/0060353128106?cid=dis.api.tpi_products-api_20240521_b:all_c:np_t:lookupproduct-243261",
        "aisleLocations": [],
        "brand": "Gale Hayman",
        "categories": [
            "Beauty"
        ],
        "description": "Gayle Hayman DELICIOUS Cotton Candy Women's Body Spray 8.0 oz",
        "images": [
            {
                "perspective": "front",
                "featured": true,
                "sizes": [
                    {
                        "size": "xlarge",
                        "url": "https://www.kroger.com/product/images/xlarge/front/0060353128106"
                    },
                    {
                        "size": "large",
                        "url": "https://www.kroger.com/product/images/large/front/0060353128106"
                    },
                    {
                        "size": "medium",
                        "url": "https://www.kroger.com/product/images/medium/front/0060353128106"
                    },
                    {
                        "size": "small",
                        "url": "https://www.kroger.com/product/images/small/front/0060353128106"
                    },
                    {
                        "size": "thumbnail",
                        "url": "https://www.kroger.com/product/images/thumbnail/front/0060353128106"
                    }
                ]
            }
        ],
        "items": [
            {
                "itemId": "0060353128106",
                "favorite": false,
                "fulfillment": {
                    "curbside": false,
                    "delivery": false,
                    "inStore": false,
                    "shipToHome": false
                },
                "size": "1"
            }
        ],
        "itemInformation": {},
        "temperature": {
            "indicator": "Ambient",
            "heatSensitive": false
        }
    },
    {
        "productId": "0000953111231",
        "upc": "0000953111231",
        "productPageURI": "/p/paul-mitchell-extra-body-sculpting-foam/0000953111231?cid=dis.api.tpi_products-api_20240521_b:all_c:np_t:lookupproduct-243261",
        "aisleLocations": [
            {
                "bayNumber": "6",
                "description": "AISLE 20",
                "number": "20",
                "numberOfFacings": "1",
                "side": "R",
                "shelfNumber": "4",
                "shelfPositionInBay": "15"
            }
        ],
        "brand": "Paul Mitchell",
        "categories": [
            "Beauty",
            "Personal Care"
        ],
        "description": "Paul Mitchell Extra-Body Sculpting Foam",
        "images": [
            {
                "perspective": "front",
                "featured": true,
                "sizes": [
                    {
                        "size": "xlarge",
                        "url": "https://www.kroger.com/product/images/xlarge/front/0000953111231"
                    },
                    {
                        "size": "large",
                        "url": "https://www.kroger.com/product/images/large/front/0000953111231"
                    },
                    {
                        "size": "medium",
                        "url": "https://www.kroger.com/product/images/medium/front/0000953111231"
                    },
                    {
                        "size": "small",
                        "url": "https://www.kroger.com/product/images/small/front/0000953111231"
                    },
                    {
                        "size": "thumbnail",
                        "url": "https://www.kroger.com/product/images/thumbnail/front/0000953111231"
                    }
                ]
            }
        ],
        "items": [
            {
                "itemId": "0000953111231",
                "inventory": {
                    "stockLevel": "HIGH"
                },
                "favorite": false,
                "fulfillment": {
                    "curbside": true,
                    "delivery": true,
                    "inStore": true,
                    "shipToHome": false
                },
                "price": {
                    "regular": 17.99,
                    "promo": 0
                },
                "size": "6.8 fl oz",
                "soldBy": "UNIT"
            }
        ],
        "itemInformation": {
            "depth": "1.88",
            "height": "7.17",
            "width": "2.9"
        },
        "temperature": {
            "indicator": "Ambient",
            "heatSensitive": false
        }
    },
    {
        "productId": "0007940026093",
        "upc": "0007940026093",
        "productPageURI": "/p/axe-apollo-body-spray/0007940026093?cid=dis.api.tpi_products-api_20240521_b:all_c:np_t:lookupproduct-243261",
        "aisleLocations": [
            {
                "bayNumber": "15",
                "description": "AISLE 19",
                "number": "19",
                "numberOfFacings": "2",
                "side": "R",
                "shelfNumber": "2",
                "shelfPositionInBay": "7"
            }
        ],
        "brand": "Axe",
        "categories": [
            "Personal Care"
        ],
        "description": "Axe Apollo Body Spray",
        "images": [
            {
                "perspective": "front",
                "featured": true,
                "sizes": [
                    {
                        "size": "xlarge",
                        "url": "https://www.kroger.com/product/images/xlarge/front/0007940026093"
                    },
                    {
                        "size": "large",
                        "url": "https://www.kroger.com/product/images/large/front/0007940026093"
                    },
                    {
                        "size": "medium",
                        "url": "https://www.kroger.com/product/images/medium/front/0007940026093"
                    },
                    {
                        "size": "small",
                        "url": "https://www.kroger.com/product/images/small/front/0007940026093"
                    },
                    {
                        "size": "thumbnail",
                        "url": "https://www.kroger.com/product/images/thumbnail/front/0007940026093"
                    }
                ]
            }
        ],
        "items": [
            {
                "itemId": "0007940026093",
                "inventory": {
                    "stockLevel": "HIGH"
                },
                "favorite": false,
                "fulfillment": {
                    "curbside": true,
                    "delivery": true,
                    "inStore": true,
                    "shipToHome": false
                },
                "price": {
                    "regular": 6.49,
                    "promo": 0
                },
                "size": "4.0 oz",
                "soldBy": "UNIT"
            }
        ],
        "itemInformation": {},
        "temperature": {
            "indicator": "Ambient",
            "heatSensitive": false
        }
    },
    {
        "productId": "0037513785700",
        "upc": "0037513785700",
        "productPageURI": "/p/dermoplast-anti-bacterial-first-aid-spray/0037513785700?cid=dis.api.tpi_products-api_20240521_b:all_c:np_t:lookupproduct-243261",
        "aisleLocations": [],
        "categories": [
            "Beauty",
            "Personal Care"
        ],
        "description": "Dermoplast Anti-Bacterial First Aid Spray",
        "images": [
            {
                "perspective": "front",
                "featured": true,
                "sizes": [
                    {
                        "size": "large",
                        "url": "https://www.kroger.com/product/images/large/front/0037513785700"
                    },
                    {
                        "size": "medium",
                        "url": "https://www.kroger.com/product/images/medium/front/0037513785700"
                    },
                    {
                        "size": "small",
                        "url": "https://www.kroger.com/product/images/small/front/0037513785700"
                    },
                    {
                        "size": "thumbnail",
                        "url": "https://www.kroger.com/product/images/thumbnail/front/0037513785700"
                    }
                ]
            }
        ],
        "items": [
            {
                "itemId": "0037513785700",
                "favorite": false,
                "fulfillment": {
                    "curbside": true,
                    "delivery": true,
                    "inStore": true,
                    "shipToHome": false
                },
                "price": {
                    "regular": 9.49,
                    "promo": 0
                },
                "size": "2.75 oz",
                "soldBy": "UNIT"
            }
        ],
        "itemInformation": {},
        "temperature": {
            "indicator": "Ambient",
            "heatSensitive": false
        }
    },
    {
        "productId": "0890800115881",
        "upc": "0890800115881",
        "productPageURI": "/p/dynamic-for-men-by-fogg-fragrance-body-spray-4-oz/0890800115881?cid=dis.api.tpi_products-api_20240521_b:all_c:np_t:lookupproduct-243261",
        "aisleLocations": [],
        "categories": [
            "Beauty"
        ],
        "description": "Dynamic For Men By Fogg Fragrance Body Spray 4 Oz",
        "images": [
            {
                "perspective": "front",
                "featured": true,
                "sizes": [
                    {
                        "size": "xlarge",
                        "url": "https://www.kroger.com/product/images/xlarge/front/0890800115881"
                    },
                    {
                        "size": "large",
                        "url": "https://www.kroger.com/product/images/large/front/0890800115881"
                    },
                    {
                        "size": "medium",
                        "url": "https://www.kroger.com/product/images/medium/front/0890800115881"
                    },
                    {
                        "size": "small",
                        "url": "https://www.kroger.com/product/images/small/front/0890800115881"
                    },
                    {
                        "size": "thumbnail",
                        "url": "https://www.kroger.com/product/images/thumbnail/front/0890800115881"
                    }
                ]
            }
        ],
        "items": [
            {
                "itemId": "0890800115881",
                "favorite": false,
                "fulfillment": {
                    "curbside": false,
                    "delivery": false,
                    "inStore": false,
                    "shipToHome": false
                },
                "size": "4 oz."
            }
        ],
        "itemInformation": {},
        "temperature": {
            "indicator": "Ambient",
            "heatSensitive": false
        }
    },
    {
        "productId": "0007940045756",
        "upc": "0007940045756",
        "productPageURI": "/p/axe-ice-chill-frozen-lemon-eucalyptus-deodorant-body-spray/0007940045756?cid=dis.api.tpi_products-api_20240521_b:all_c:np_t:lookupproduct-243261",
        "aisleLocations": [
            {
                "bayNumber": "15",
                "description": "AISLE 19",
                "number": "19",
                "numberOfFacings": "2",
                "side": "R",
                "shelfNumber": "2",
                "shelfPositionInBay": "10"
            }
        ],
        "brand": "Axe",
        "categories": [
            "Personal Care"
        ],
        "countryOrigin": "MEXICO",
        "description": "Axe Ice Chill Frozen Lemon & Eucalyptus Deodorant Body Spray",
        "images": [
            {
                "perspective": "front",
                "featured": true,
                "sizes": [
                    {
                        "size": "xlarge",
                        "url": "https://www.kroger.com/product/images/xlarge/front/0007940045756"
                    },
                    {
                        "size": "large",
                        "url": "https://www.kroger.com/product/images/large/front/0007940045756"
                    },
                    {
                        "size": "medium",
                        "url": "https://www.kroger.com/product/images/medium/front/0007940045756"
                    },
                    {
                        "size": "small",
                        "url": "https://www.kroger.com/product/images/small/front/0007940045756"
                    },
                    {
                        "size": "thumbnail",
                        "url": "https://www.kroger.com/product/images/thumbnail/front/0007940045756"
                    }
                ]
            },
            {
                "perspective": "back",
                "sizes": [
                    {
                        "size": "xlarge",
                        "url": "https://www.kroger.com/product/images/xlarge/back/0007940045756"
                    },
                    {
                        "size": "large",
                        "url": "https://www.kroger.com/product/images/large/back/0007940045756"
                    },
                    {
                        "size": "medium",
                        "url": "https://www.kroger.com/product/images/medium/back/0007940045756"
                    },
                    {
                        "size": "small",
                        "url": "https://www.kroger.com/product/images/small/back/0007940045756"
                    },
                    {
                        "size": "thumbnail",
                        "url": "https://www.kroger.com/product/images/thumbnail/back/0007940045756"
                    }
                ]
            }
        ],
        "items": [
            {
                "itemId": "0007940045756",
                "inventory": {
                    "stockLevel": "HIGH"
                },
                "favorite": false,
                "fulfillment": {
                    "curbside": true,
                    "delivery": true,
                    "inStore": true,
                    "shipToHome": false
                },
                "price": {
                    "regular": 6.49,
                    "promo": 0
                },
                "size": "4 oz",
                "soldBy": "UNIT"
            }
        ],
        "itemInformation": {
            "depth": "2.09",
            "height": "5.33",
            "width": "2.09"
        },
        "temperature": {
            "indicator": "Ambient",
            "heatSensitive": false
        }
    },
    {
        "productId": "0002616903651",
        "upc": "0002616903651",
        "productPageURI": "/p/body-fantasies-signature-pink-vanilla-kiss-fantasy-fragrance-body-spray-8-oz-236-ml/0002616903651?cid=dis.api.tpi_products-api_20240521_b:all_c:np_t:lookupproduct-243261",
        "aisleLocations": [],
        "brand": "Body Fantasies",
        "categories": [
            "Beauty"
        ],
        "description": "Body Fantasies Signature Pink Vanilla Kiss Fantasy Fragrance Body Spray 8 oz / 236 ml",
        "images": [
            {
                "perspective": "front",
                "featured": true,
                "sizes": [
                    {
                        "size": "xlarge",
                        "url": "https://www.kroger.com/product/images/xlarge/front/0002616903651"
                    },
                    {
                        "size": "large",
                        "url": "https://www.kroger.com/product/images/large/front/0002616903651"
                    },
                    {
                        "size": "medium",
                        "url": "https://www.kroger.com/product/images/medium/front/0002616903651"
                    },
                    {
                        "size": "small",
                        "url": "https://www.kroger.com/product/images/small/front/0002616903651"
                    },
                    {
                        "size": "thumbnail",
                        "url": "https://www.kroger.com/product/images/thumbnail/front/0002616903651"
                    }
                ]
            }
        ],
        "items": [
            {
                "itemId": "0002616903651",
                "favorite": false,
                "fulfillment": {
                    "curbside": false,
                    "delivery": false,
                    "inStore": false,
                    "shipToHome": false
                },
                "size": "8 oz."
            }
        ],
        "itemInformation": {},
        "temperature": {
            "indicator": "Ambient",
            "heatSensitive": false
        }
    },
    {
        "productId": "0007940063428",
        "upc": "0007940063428",
        "productPageURI": "/p/dove-dry-spray-invisible-antiperspirant-deodorant-sheer-fresh-3-8-oz/0007940063428?cid=dis.api.tpi_products-api_20240521_b:all_c:np_t:lookupproduct-243261",
        "aisleLocations": [],
        "brand": "Dove",
        "categories": [
            "Natural & Organic",
            "Personal Care"
        ],
        "description": "Dove Dry Spray Invisible Antiperspirant Deodorant, Sheer Fresh 3.8 oz",
        "images": [
            {
                "perspective": "left",
                "sizes": [
                    {
                        "size": "xlarge",
                        "url": "https://www.kroger.com/product/images/xlarge/left/0007940063428"
                    },
                    {
                        "size": "large",
                        "url": "https://www.kroger.com/product/images/large/left/0007940063428"
                    },
                    {
                        "size": "medium",
                        "url": "https://www.kroger.com/product/images/medium/left/0007940063428"
                    },
                    {
                        "size": "small",
                        "url": "https://www.kroger.com/product/images/small/left/0007940063428"
                    },
                    {
                        "size": "thumbnail",
                        "url": "https://www.kroger.com/product/images/thumbnail/left/0007940063428"
                    }
                ]
            },
            {
                "perspective": "front",
                "featured": true,
                "sizes": [
                    {
                        "size": "large",
                        "url": "https://www.kroger.com/product/images/large/front/0007940063428"
                    },
                    {
                        "size": "medium",
                        "url": "https://www.kroger.com/product/images/medium/front/0007940063428"
                    },
                    {
                        "size": "small",
                        "url": "https://www.kroger.com/product/images/small/front/0007940063428"
                    },
                    {
                        "size": "thumbnail",
                        "url": "https://www.kroger.com/product/images/thumbnail/front/0007940063428"
                    }
                ]
            },
            {
                "perspective": "right",
                "sizes": [
                    {
                        "size": "xlarge",
                        "url": "https://www.kroger.com/product/images/xlarge/right/0007940063428"
                    },
                    {
                        "size": "large",
                        "url": "https://www.kroger.com/product/images/large/right/0007940063428"
                    },
                    {
                        "size": "medium",
                        "url": "https://www.kroger.com/product/images/medium/right/0007940063428"
                    },
                    {
                        "size": "small",
                        "url": "https://www.kroger.com/product/images/small/right/0007940063428"
                    },
                    {
                        "size": "thumbnail",
                        "url": "https://www.kroger.com/product/images/thumbnail/right/0007940063428"
                    }
                ]
            }
        ],
        "items": [
            {
                "itemId": "0007940063428",
                "favorite": false,
                "fulfillment": {
                    "curbside": true,
                    "delivery": true,
                    "inStore": true,
                    "shipToHome": false
                },
                "price": {
                    "regular": 8.99,
                    "promo": 0
                },
                "size": "1",
                "soldBy": "UNIT"
            }
        ],
        "itemInformation": {},
        "temperature": {
            "indicator": "Ambient",
            "heatSensitive": false
        }
    },
    {
        "productId": "0038151901959",
        "upc": "0038151901959",
        "productPageURI": "/p/herbal-essences-body-envy-volumizing-hair-spray/0038151901959?cid=dis.api.tpi_products-api_20240521_b:all_c:np_t:lookupproduct-243261",
        "aisleLocations": [],
        "brand": "Herbal Essences",
        "categories": [
            "Beauty",
            "Personal Care"
        ],
        "description": "Herbal Essences Body Envy Volumizing Hair Spray",
        "images": [
            {
                "perspective": "front",
                "featured": true,
                "sizes": [
                    {
                        "size": "xlarge",
                        "url": "https://www.kroger.com/product/images/xlarge/front/0038151901959"
                    },
                    {
                        "size": "large",
                        "url": "https://www.kroger.com/product/images/large/front/0038151901959"
                    },
                    {
                        "size": "medium",
                        "url": "https://www.kroger.com/product/images/medium/front/0038151901959"
                    },
                    {
                        "size": "small",
                        "url": "https://www.kroger.com/product/images/small/front/0038151901959"
                    },
                    {
                        "size": "thumbnail",
                        "url": "https://www.kroger.com/product/images/thumbnail/front/0038151901959"
                    }
                ]
            }
        ],
        "items": [
            {
                "itemId": "0038151901959",
                "inventory": {
                    "stockLevel": "HIGH"
                },
                "favorite": false,
                "fulfillment": {
                    "curbside": true,
                    "delivery": true,
                    "inStore": true,
                    "shipToHome": false
                },
                "price": {
                    "regular": 3.99,
                    "promo": 0
                },
                "size": "8 oz",
                "soldBy": "UNIT"
            }
        ],
        "itemInformation": {},
        "temperature": {
            "indicator": "Ambient",
            "heatSensitive": false
        }
    },
    {
        "productId": "0890423830142",
        "upc": "0890423830142",
        "productPageURI": "/p/oak-for-men-by-fogg-master-fragrance-body-spray-120-ml/0890423830142?cid=dis.api.tpi_products-api_20240521_b:all_c:np_t:lookupproduct-243261",
        "aisleLocations": [],
        "categories": [
            "Beauty"
        ],
        "description": "Oak For Men By Fogg Master Fragrance Body Spray 120 Ml",
        "images": [
            {
                "perspective": "front",
                "featured": true,
                "sizes": [
                    {
                        "size": "xlarge",
                        "url": "https://www.kroger.com/product/images/xlarge/front/0890423830142"
                    },
                    {
                        "size": "large",
                        "url": "https://www.kroger.com/product/images/large/front/0890423830142"
                    },
                    {
                        "size": "medium",
                        "url": "https://www.kroger.com/product/images/medium/front/0890423830142"
                    },
                    {
                        "size": "small",
                        "url": "https://www.kroger.com/product/images/small/front/0890423830142"
                    },
                    {
                        "size": "thumbnail",
                        "url": "https://www.kroger.com/product/images/thumbnail/front/0890423830142"
                    }
                ]
            }
        ],
        "items": [
            {
                "itemId": "0890423830142",
                "favorite": false,
                "fulfillment": {
                    "curbside": false,
                    "delivery": false,
                    "inStore": false,
                    "shipToHome": false
                },
                "size": "4 oz."
            }
        ],
        "itemInformation": {},
        "temperature": {
            "indicator": "Ambient",
            "heatSensitive": false
        }
    },
    {
        "productId": "0007940045783",
        "upc": "0007940045783",
        "productPageURI": "/p/dove-men-care-active-fresh-antiperspirant-dry-spray/0007940045783?cid=dis.api.tpi_products-api_20240521_b:all_c:np_t:lookupproduct-243261",
        "aisleLocations": [],
        "brand": "Dove",
        "categories": [
            "Personal Care"
        ],
        "countryOrigin": "UNITED STATES",
        "description": "Dove Men + Care Active Fresh Antiperspirant Dry Spray",
        "images": [
            {
                "perspective": "front",
                "featured": true,
                "sizes": [
                    {
                        "size": "xlarge",
                        "url": "https://www.kroger.com/product/images/xlarge/front/0007940045783"
                    },
                    {
                        "size": "large",
                        "url": "https://www.kroger.com/product/images/large/front/0007940045783"
                    },
                    {
                        "size": "medium",
                        "url": "https://www.kroger.com/product/images/medium/front/0007940045783"
                    },
                    {
                        "size": "small",
                        "url": "https://www.kroger.com/product/images/small/front/0007940045783"
                    },
                    {
                        "size": "thumbnail",
                        "url": "https://www.kroger.com/product/images/thumbnail/front/0007940045783"
                    }
                ]
            }
        ],
        "items": [
            {
                "itemId": "0007940045783",
                "favorite": false,
                "fulfillment": {
                    "curbside": true,
                    "delivery": true,
                    "inStore": true,
                    "shipToHome": false
                },
                "size": "3.8 oz"
            }
        ],
        "itemInformation": {},
        "temperature": {
            "indicator": "Ambient",
            "heatSensitive": false
        }
    },
    {
        "productId": "0007940055300",
        "upc": "0007940055300",
        "productPageURI": "/p/axe-essence-all-day-fresh-deodorant-body-spray/0007940055300?cid=dis.api.tpi_products-api_20240521_b:all_c:np_t:lookupproduct-243261",
        "aisleLocations": [
            {
                "bayNumber": "15",
                "description": "AISLE 19",
                "number": "19",
                "numberOfFacings": "2",
                "side": "R",
                "shelfNumber": "2",
                "shelfPositionInBay": "9"
            }
        ],
        "brand": "Axe",
        "categories": [
            "Personal Care"
        ],
        "description": "Axe Essence All-Day Fresh Deodorant Body Spray",
        "images": [
            {
                "perspective": "top",
                "sizes": [
                    {
                        "size": "large",
                        "url": "https://www.kroger.com/product/images/large/top/0007940055300"
                    },
                    {
                        "size": "medium",
                        "url": "https://www.kroger.com/product/images/medium/top/0007940055300"
                    },
                    {
                        "size": "small",
                        "url": "https://www.kroger.com/product/images/small/top/0007940055300"
                    },
                    {
                        "size": "thumbnail",
                        "url": "https://www.kroger.com/product/images/thumbnail/top/0007940055300"
                    }
                ]
            },
            {
                "perspective": "back",
                "sizes": [
                    {
                        "size": "xlarge",
                        "url": "https://www.kroger.com/product/images/xlarge/back/0007940055300"
                    },
                    {
                        "size": "large",
                        "url": "https://www.kroger.com/product/images/large/back/0007940055300"
                    },
                    {
                        "size": "medium",
                        "url": "https://www.kroger.com/product/images/medium/back/0007940055300"
                    },
                    {
                        "size": "small",
                        "url": "https://www.kroger.com/product/images/small/back/0007940055300"
                    },
                    {
                        "size": "thumbnail",
                        "url": "https://www.kroger.com/product/images/thumbnail/back/0007940055300"
                    }
                ]
            },
            {
                "perspective": "front",
                "featured": true,
                "sizes": [
                    {
                        "size": "xlarge",
                        "url": "https://www.kroger.com/product/images/xlarge/front/0007940055300"
                    },
                    {
                        "size": "large",
                        "url": "https://www.kroger.com/product/images/large/front/0007940055300"
                    },
                    {
                        "size": "medium",
                        "url": "https://www.kroger.com/product/images/medium/front/0007940055300"
                    },
                    {
                        "size": "small",
                        "url": "https://www.kroger.com/product/images/small/front/0007940055300"
                    },
                    {
                        "size": "thumbnail",
                        "url": "https://www.kroger.com/product/images/thumbnail/front/0007940055300"
                    }
                ]
            }
        ],
        "items": [
            {
                "itemId": "0007940055300",
                "inventory": {
                    "stockLevel": "HIGH"
                },
                "favorite": false,
                "fulfillment": {
                    "curbside": true,
                    "delivery": true,
                    "inStore": true,
                    "shipToHome": false
                },
                "price": {
                    "regular": 6.49,
                    "promo": 0
                },
                "size": "4 oz",
                "soldBy": "UNIT"
            }
        ],
        "itemInformation": {},
        "temperature": {
            "indicator": "Ambient",
            "heatSensitive": false
        }
    },
    {
        "productId": "0002616903902",
        "upc": "0002616903902",
        "productPageURI": "/p/parfums-de-coeur-body-fantasies-signature-fresh-white-musk-fragrance-body-spray-8-oz-236-ml/0002616903902?cid=dis.api.tpi_products-api_20240521_b:all_c:np_t:lookupproduct-243261",
        "aisleLocations": [],
        "brand": "Body Fantasies",
        "categories": [
            "Beauty"
        ],
        "description": "Parfums de Coeur Body Fantasies Signature Fresh White Musk Fragrance Body Spray 8 oz / 236 ml",
        "images": [
            {
                "perspective": "front",
                "featured": true,
                "sizes": [
                    {
                        "size": "xlarge",
                        "url": "https://www.kroger.com/product/images/xlarge/front/0002616903902"
                    },
                    {
                        "size": "large",
                        "url": "https://www.kroger.com/product/images/large/front/0002616903902"
                    },
                    {
                        "size": "medium",
                        "url": "https://www.kroger.com/product/images/medium/front/0002616903902"
                    },
                    {
                        "size": "small",
                        "url": "https://www.kroger.com/product/images/small/front/0002616903902"
                    },
                    {
                        "size": "thumbnail",
                        "url": "https://www.kroger.com/product/images/thumbnail/front/0002616903902"
                    }
                ]
            }
        ],
        "items": [
            {
                "itemId": "0002616903902",
                "favorite": false,
                "fulfillment": {
                    "curbside": false,
                    "delivery": false,
                    "inStore": false,
                    "shipToHome": false
                },
                "size": "8 oz."
            }
        ],
        "itemInformation": {},
        "temperature": {
            "indicator": "Ambient",
            "heatSensitive": false
        }
    },
    {
        "productId": "0007940037997",
        "upc": "0007940037997",
        "productPageURI": "/p/axe-dark-temptation-deodorant-body-spray/0007940037997?cid=dis.api.tpi_products-api_20240521_b:all_c:np_t:lookupproduct-243261",
        "aisleLocations": [
            {
                "bayNumber": "15",
                "description": "AISLE 19",
                "number": "19",
                "numberOfFacings": "2",
                "side": "R",
                "shelfNumber": "2",
                "shelfPositionInBay": "8"
            }
        ],
        "brand": "Axe",
        "categories": [
            "Personal Care"
        ],
        "description": "Axe Dark Temptation Deodorant Body Spray",
        "images": [
            {
                "perspective": "front",
                "featured": true,
                "sizes": [
                    {
                        "size": "xlarge",
                        "url": "https://www.kroger.com/product/images/xlarge/front/0007940037997"
                    },
                    {
                        "size": "large",
                        "url": "https://www.kroger.com/product/images/large/front/0007940037997"
                    },
                    {
                        "size": "medium",
                        "url": "https://www.kroger.com/product/images/medium/front/0007940037997"
                    },
                    {
                        "size": "small",
                        "url": "https://www.kroger.com/product/images/small/front/0007940037997"
                    },
                    {
                        "size": "thumbnail",
                        "url": "https://www.kroger.com/product/images/thumbnail/front/0007940037997"
                    }
                ]
            }
        ],
        "items": [
            {
                "itemId": "0007940037997",
                "inventory": {
                    "stockLevel": "HIGH"
                },
                "favorite": false,
                "fulfillment": {
                    "curbside": true,
                    "delivery": true,
                    "inStore": true,
                    "shipToHome": false
                },
                "price": {
                    "regular": 6.49,
                    "promo": 0
                },
                "size": "4.0 oz",
                "soldBy": "UNIT"
            }
        ],
        "itemInformation": {},
        "temperature": {
            "indicator": "Ambient",
            "heatSensitive": false
        }
    },
    {
        "productId": "0030521026849",
        "upc": "0030521026849",
        "productPageURI": "/p/vaseline-intensive-care-fast-absorbing-aloe-soothe-spray-lotion/0030521026849?cid=dis.api.tpi_products-api_20240521_b:all_c:np_t:lookupproduct-243261",
        "aisleLocations": [],
        "brand": "Vaseline",
        "categories": [
            "Personal Care"
        ],
        "description": "Vaseline Intensive Care Fast Absorbing Aloe Soothe Spray Lotion",
        "images": [
            {
                "perspective": "front",
                "featured": true,
                "sizes": [
                    {
                        "size": "xlarge",
                        "url": "https://www.kroger.com/product/images/xlarge/front/0030521026849"
                    },
                    {
                        "size": "large",
                        "url": "https://www.kroger.com/product/images/large/front/0030521026849"
                    },
                    {
                        "size": "medium",
                        "url": "https://www.kroger.com/product/images/medium/front/0030521026849"
                    },
                    {
                        "size": "small",
                        "url": "https://www.kroger.com/product/images/small/front/0030521026849"
                    },
                    {
                        "size": "thumbnail",
                        "url": "https://www.kroger.com/product/images/thumbnail/front/0030521026849"
                    }
                ]
            }
        ],
        "items": [
            {
                "itemId": "0030521026849",
                "inventory": {
                    "stockLevel": "HIGH"
                },
                "favorite": false,
                "fulfillment": {
                    "curbside": true,
                    "delivery": true,
                    "inStore": true,
                    "shipToHome": false
                },
                "price": {
                    "regular": 6.49,
                    "promo": 0
                },
                "size": "6.5 oz",
                "soldBy": "UNIT"
            }
        ],
        "itemInformation": {},
        "temperature": {
            "indicator": "Ambient",
            "heatSensitive": false
        }
    },
    {
        "productId": "0004126035169",
        "upc": "0004126035169",
        "productPageURI": "/p/kroger-moisturizing-gloves/0004126035169?cid=dis.api.tpi_products-api_20240521_b:all_c:np_t:lookupproduct-243261",
        "aisleLocations": [],
        "brand": "Kroger",
        "categories": [
            "Health",
            "Personal Care"
        ],
        "description": "Kroger\u00ae Moisturizing Gloves",
        "images": [
            {
                "perspective": "front",
                "featured": true,
                "sizes": [
                    {
                        "size": "xlarge",
                        "url": "https://www.kroger.com/product/images/xlarge/front/0004126035169"
                    },
                    {
                        "size": "large",
                        "url": "https://www.kroger.com/product/images/large/front/0004126035169"
                    },
                    {
                        "size": "medium",
                        "url": "https://www.kroger.com/product/images/medium/front/0004126035169"
                    },
                    {
                        "size": "small",
                        "url": "https://www.kroger.com/product/images/small/front/0004126035169"
                    },
                    {
                        "size": "thumbnail",
                        "url": "https://www.kroger.com/product/images/thumbnail/front/0004126035169"
                    }
                ]
            },
            {
                "perspective": "back",
                "sizes": [
                    {
                        "size": "xlarge",
                        "url": "https://www.kroger.com/product/images/xlarge/back/0004126035169"
                    },
                    {
                        "size": "large",
                        "url": "https://www.kroger.com/product/images/large/back/0004126035169"
                    },
                    {
                        "size": "medium",
                        "url": "https://www.kroger.com/product/images/medium/back/0004126035169"
                    },
                    {
                        "size": "small",
                        "url": "https://www.kroger.com/product/images/small/back/0004126035169"
                    },
                    {
                        "size": "thumbnail",
                        "url": "https://www.kroger.com/product/images/thumbnail/back/0004126035169"
                    }
                ]
            }
        ],
        "items": [
            {
                "itemId": "0004126035169",
                "favorite": false,
                "fulfillment": {
                    "curbside": true,
                    "delivery": true,
                    "inStore": true,
                    "shipToHome": false
                },
                "size": "1 ct"
            }
        ],
        "itemInformation": {},
        "temperature": {
            "indicator": "Ambient",
            "heatSensitive": false
        }
    },
    {
        "productId": "0007940055020",
        "upc": "0007940055020",
        "productPageURI": "/p/axe-phoenix-body-spray/0007940055020?cid=dis.api.tpi_products-api_20240521_b:all_c:np_t:lookupproduct-243261",
        "aisleLocations": [
            {
                "bayNumber": "15",
                "description": "AISLE 19",
                "number": "19",
                "numberOfFacings": "2",
                "side": "R",
                "shelfNumber": "2",
                "shelfPositionInBay": "6"
            }
        ],
        "brand": "Axe",
        "categories": [
            "Personal Care"
        ],
        "description": "Axe Phoenix Body Spray",
        "images": [
            {
                "perspective": "back",
                "sizes": [
                    {
                        "size": "xlarge",
                        "url": "https://www.kroger.com/product/images/xlarge/back/0007940055020"
                    },
                    {
                        "size": "large",
                        "url": "https://www.kroger.com/product/images/large/back/0007940055020"
                    },
                    {
                        "size": "medium",
                        "url": "https://www.kroger.com/product/images/medium/back/0007940055020"
                    },
                    {
                        "size": "small",
                        "url": "https://www.kroger.com/product/images/small/back/0007940055020"
                    },
                    {
                        "size": "thumbnail",
                        "url": "https://www.kroger.com/product/images/thumbnail/back/0007940055020"
                    }
                ]
            },
            {
                "perspective": "front",
                "featured": true,
                "sizes": [
                    {
                        "size": "xlarge",
                        "url": "https://www.kroger.com/product/images/xlarge/front/0007940055020"
                    },
                    {
                        "size": "large",
                        "url": "https://www.kroger.com/product/images/large/front/0007940055020"
                    },
                    {
                        "size": "medium",
                        "url": "https://www.kroger.com/product/images/medium/front/0007940055020"
                    },
                    {
                        "size": "small",
                        "url": "https://www.kroger.com/product/images/small/front/0007940055020"
                    },
                    {
                        "size": "thumbnail",
                        "url": "https://www.kroger.com/product/images/thumbnail/front/0007940055020"
                    }
                ]
            }
        ],
        "items": [
            {
                "itemId": "0007940055020",
                "inventory": {
                    "stockLevel": "HIGH"
                },
                "favorite": false,
                "fulfillment": {
                    "curbside": true,
                    "delivery": true,
                    "inStore": true,
                    "shipToHome": false
                },
                "price": {
                    "regular": 6.49,
                    "promo": 0
                },
                "size": "4.0 oz",
                "soldBy": "UNIT"
            }
        ],
        "itemInformation": {
            "depth": "2.09",
            "height": "5.4",
            "width": "2.09"
        },
        "temperature": {
            "indicator": "Ambient",
            "heatSensitive": false
        }
    },
    {
        "productId": "0089103800100",
        "upc": "0089103800100",
        "productPageURI": "/p/bio-oil-skin-scar-treatment/0089103800100?cid=dis.api.tpi_products-api_20240521_b:all_c:np_t:lookupproduct-243261",
        "aisleLocations": [
            {
                "bayNumber": "5",
                "description": "AISLE 24",
                "number": "24",
                "numberOfFacings": "1",
                "side": "L",
                "shelfNumber": "3",
                "shelfPositionInBay": "8"
            }
        ],
        "brand": "Bio-Oil",
        "categories": [
            "Health",
            "Health",
            "Personal Care"
        ],
        "description": "Bio-Oil Skin & Scar Treatment",
        "images": [
            {
                "perspective": "front",
                "featured": true,
                "sizes": [
                    {
                        "size": "large",
                        "url": "https://www.kroger.com/product/images/large/front/0089103800100"
                    },
                    {
                        "size": "medium",
                        "url": "https://www.kroger.com/product/images/medium/front/0089103800100"
                    },
                    {
                        "size": "small",
                        "url": "https://www.kroger.com/product/images/small/front/0089103800100"
                    },
                    {
                        "size": "thumbnail",
                        "url": "https://www.kroger.com/product/images/thumbnail/front/0089103800100"
                    }
                ]
            }
        ],
        "items": [
            {
                "itemId": "0089103800100",
                "inventory": {
                    "stockLevel": "TEMPORARILY_OUT_OF_STOCK"
                },
                "favorite": false,
                "fulfillment": {
                    "curbside": false,
                    "delivery": false,
                    "inStore": false,
                    "shipToHome": false
                },
                "price": {
                    "regular": 13.49,
                    "promo": 7.42
                },
                "size": "2 oz",
                "soldBy": "UNIT"
            }
        ],
        "itemInformation": {
            "depth": "1.74",
            "height": "4.26",
            "width": "2.0"
        },
        "temperature": {
            "indicator": "Ambient",
            "heatSensitive": false
        }
    },
    {
        "productId": "0007940044873",
        "upc": "0007940044873",
        "productPageURI": "/p/axe-apollo-body-spray/0007940044873?cid=dis.api.tpi_products-api_20240521_b:all_c:np_t:lookupproduct-243261",
        "aisleLocations": [
            {
                "bayNumber": "15",
                "description": "AISLE 19",
                "number": "19",
                "numberOfFacings": "2",
                "side": "R",
                "shelfNumber": "2",
                "shelfPositionInBay": "5"
            }
        ],
        "brand": "Axe",
        "categories": [
            "Personal Care"
        ],
        "description": "Axe Apollo Body Spray",
        "images": [
            {
                "perspective": "front",
                "featured": true,
                "sizes": [
                    {
                        "size": "xlarge",
                        "url": "https://www.kroger.com/product/images/xlarge/front/0007940044873"
                    },
                    {
                        "size": "large",
                        "url": "https://www.kroger.com/product/images/large/front/0007940044873"
                    },
                    {
                        "size": "medium",
                        "url": "https://www.kroger.com/product/images/medium/front/0007940044873"
                    },
                    {
                        "size": "small",
                        "url": "https://www.kroger.com/product/images/small/front/0007940044873"
                    },
                    {
                        "size": "thumbnail",
                        "url": "https://www.kroger.com/product/images/thumbnail/front/0007940044873"
                    }
                ]
            }
        ],
        "items": [
            {
                "itemId": "0007940044873",
                "inventory": {
                    "stockLevel": "HIGH"
                },
                "favorite": false,
                "fulfillment": {
                    "curbside": true,
                    "delivery": true,
                    "inStore": true,
                    "shipToHome": false
                },
                "size": "5.1oz"
            }
        ],
        "itemInformation": {},
        "temperature": {
            "indicator": "Ambient",
            "heatSensitive": false
        }
    },
    {
        "productId": "0007940026560",
        "upc": "0007940026560",
        "productPageURI": "/p/degree-men-extreme-blast-antiperspirant-deodorant-stick/0007940026560?cid=dis.api.tpi_products-api_20240521_b:all_c:np_t:lookupproduct-243261",
        "aisleLocations": [],
        "brand": "Degree",
        "categories": [
            "Personal Care"
        ],
        "description": "Degree Men Extreme Blast Antiperspirant Deodorant Stick",
        "images": [
            {
                "perspective": "front",
                "featured": true,
                "sizes": [
                    {
                        "size": "xlarge",
                        "url": "https://www.kroger.com/product/images/xlarge/front/0007940026560"
                    },
                    {
                        "size": "large",
                        "url": "https://www.kroger.com/product/images/large/front/0007940026560"
                    },
                    {
                        "size": "medium",
                        "url": "https://www.kroger.com/product/images/medium/front/0007940026560"
                    },
                    {
                        "size": "small",
                        "url": "https://www.kroger.com/product/images/small/front/0007940026560"
                    },
                    {
                        "size": "thumbnail",
                        "url": "https://www.kroger.com/product/images/thumbnail/front/0007940026560"
                    }
                ]
            }
        ],
        "items": [
            {
                "itemId": "0007940026560",
                "inventory": {
                    "stockLevel": "HIGH"
                },
                "favorite": false,
                "fulfillment": {
                    "curbside": true,
                    "delivery": true,
                    "inStore": true,
                    "shipToHome": false
                },
                "price": {
                    "regular": 3.79,
                    "promo": 0
                },
                "size": "2.7 oz",
                "soldBy": "UNIT"
            }
        ],
        "itemInformation": {},
        "temperature": {
            "indicator": "Ambient",
            "heatSensitive": true
        }
    },
    {
        "productId": "0890800115830",
        "upc": "0890800115830",
        "productPageURI": "/p/marco-for-men-by-fogg-fragrance-body-spray-4-oz/0890800115830?cid=dis.api.tpi_products-api_20240521_b:all_c:np_t:lookupproduct-243261",
        "aisleLocations": [],
        "categories": [
            "Beauty"
        ],
        "description": "Marco For Men By Fogg Fragrance Body Spray 4 Oz",
        "images": [
            {
                "perspective": "front",
                "featured": true,
                "sizes": [
                    {
                        "size": "xlarge",
                        "url": "https://www.kroger.com/product/images/xlarge/front/0890800115830"
                    },
                    {
                        "size": "large",
                        "url": "https://www.kroger.com/product/images/large/front/0890800115830"
                    },
                    {
                        "size": "medium",
                        "url": "https://www.kroger.com/product/images/medium/front/0890800115830"
                    },
                    {
                        "size": "small",
                        "url": "https://www.kroger.com/product/images/small/front/0890800115830"
                    },
                    {
                        "size": "thumbnail",
                        "url": "https://www.kroger.com/product/images/thumbnail/front/0890800115830"
                    }
                ]
            }
        ],
        "items": [
            {
                "itemId": "0890800115830",
                "favorite": false,
                "fulfillment": {
                    "curbside": false,
                    "delivery": false,
                    "inStore": false,
                    "shipToHome": false
                },
                "size": "4 oz."
            }
        ],
        "itemInformation": {},
        "temperature": {
            "indicator": "Ambient",
            "heatSensitive": false
        }
    },
    {
        "productId": "0007940044877",
        "upc": "0007940044877",
        "productPageURI": "/p/axe-phoenix-body-spray/0007940044877?cid=dis.api.tpi_products-api_20240521_b:all_c:np_t:lookupproduct-243261",
        "aisleLocations": [],
        "brand": "Axe",
        "categories": [
            "Personal Care"
        ],
        "description": "Axe Phoenix Body Spray",
        "images": [
            {
                "perspective": "front",
                "featured": true,
                "sizes": [
                    {
                        "size": "xlarge",
                        "url": "https://www.kroger.com/product/images/xlarge/front/0007940044877"
                    },
                    {
                        "size": "large",
                        "url": "https://www.kroger.com/product/images/large/front/0007940044877"
                    },
                    {
                        "size": "medium",
                        "url": "https://www.kroger.com/product/images/medium/front/0007940044877"
                    },
                    {
                        "size": "small",
                        "url": "https://www.kroger.com/product/images/small/front/0007940044877"
                    },
                    {
                        "size": "thumbnail",
                        "url": "https://www.kroger.com/product/images/thumbnail/front/0007940044877"
                    }
                ]
            }
        ],
        "items": [
            {
                "itemId": "0007940044877",
                "favorite": false,
                "fulfillment": {
                    "curbside": true,
                    "delivery": true,
                    "inStore": true,
                    "shipToHome": false
                },
                "size": "5.1 oz"
            }
        ],
        "itemInformation": {},
        "temperature": {
            "indicator": "Ambient",
            "heatSensitive": false
        }
    }
]