[
    {
        "productId": "0001111084941",
        "upc": "0001111084941",
        "productPageURI": "/p/simple-truth-organic-great-northern-beans/0001111084941?cid=dis.api.tpi_products-api_20240521_b:all_c:np_t:lookupproduct-243261",
        "aisleLocations": [],
        "brand": "Simple Truth Organic",
        "categories": [
            "Natural & Organic",
            "Canned & Packaged"
        ],
        "description": "Simple Truth Organic\u00ae Great Northern Beans",
        "images": [
            {
                "perspective": "right",
                "sizes": [
                    {
                        "size": "xlarge",
                        "url": "https://www.kroger.com/product/images/xlarge/right/0001111084941"
                    },
                    {
                        "size": "large",
                        "url": "https://www.kroger.com/product/images/large/right/0001111084941"
                    },
                    {
                        "size": "medium",
                        "url": "https://www.kroger.com/product/images/medium/right/0001111084941"
                    },
                    {
                        "size": "small",
                        "url": "https://www.kroger.com/product/images/small/right/0001111084941"
                    },
                    {
                        "size": "thumbnail",
                        "url": "https://www.kroger.com/product/images/thumbnail/right/0001111084941"
                    }
                ]
            },
            {
                "perspective": "front",
                "featured": true,
                "sizes": [
                    {
                        "size": "xlarge",
                        "url": "https://www.kroger.com/product/images/xlarge/front/0001111084941"
                    },
                    {
                        "size": "large",
                        "url": "https://www.kroger.com/product/images/large/front/0001111084941"
                    },
                    {
                        "size": "medium",
                        "url": "https://www.kroger.com/product/images/medium/front/0001111084941"
                    },
                    {
                        "size": "small",
                        "url": "https://www.kroger.com/product/images/small/front/0001111084941"
                    },
                    {
                        "size": "thumbnail",
                        "url": "https://www.kroger.com/product/images/thumbnail/front/0001111084941"
                    }
                ]
            },
            {
                "perspective": "back",
                "sizes": [
                    {
                        "size": "xlarge",
                        "url": "https://www.kroger.com/product/images/xlarge/back/0001111084941"
                    },
                    {
                        "size": "large",
                        "url": "https://www.kroger.com/product/images/large/back/0001111084941"
                    },
                    {
                        "size": "medium",
                        "url": "https://www.kroger.com/product/images/medium/back/0001111084941"
                    },
                    {
                        "size": "small",
                        "url": "https://www.kroger.com/product/images/small/back/0001111084941"
                    },
                    {
                        "size": "thumbnail",
                        "url": "https://www.kroger.com/product/images/thumbnail/back/0001111084941"
                    }
                ]
            }
        ],
        "items": [
            {
                "itemId": "0001111084941",
                "favorite": false,
                "fulfillment": {
                    "curbside": false,
                    "delivery": false,
                    "inStore": false,
                    "shipToHome": false
                },
                "price": {
                    "regular": 1.25,
                    "promo": 0
                },
                "size": "15 oz",
                "soldBy": "UNIT"
            }
        ],
        "itemInformation": {},
        "temperature": {
            "indicator": "Ambient",
            "heatSensitive": false
        }
    },
    {
        "productId": "0003826185747",
        "upc": "0003826185747",
        "productPageURI": "/p/bubbies-sauerkraut/0003826185747?cid=dis.api.tpi_products-api_20240521_b:all_c:np_t:lookupproduct-243261",
        "aisleLocations": [
            {
                "bayNumber": "5",
                "description": "Packaged Meat",
                "number": "111",
                "numberOfFacings": "1",
                "side": "R",
                "shelfNumber": "1",
                "shelfPositionInBay": "5"
            }
        ],
        "brand": "Bubbies",
        "categories": [
            "Canned & Packaged",
            "Natural & Organic"
        ],
        "countryOrigin": "CANADA",
        "description": "Bubbies Sauerkraut",
        "images": [
            {
                "perspective": "front",
                "featured": true,
                "sizes": [
                    {
                        "size": "xlarge",
                        "url": "https://www.kroger.com/product/images/xlarge/front/0003826185747"
                    },
                    {
                        "size": "large",
                        "url": "https://www.kroger.com/product/images/large/front/0003826185747"
                    },
                    {
                        "size": "medium",
                        "url": "https://www.kroger.com/product/images/medium/front/0003826185747"
                    },
                    {
                        "size": "small",
                        "url": "https://www.kroger.com/product/images/small/front/0003826185747"
                    },
                    {
                        "size": "thumbnail",
                        "url": "https://www.kroger.com/product/images/thumbnail/front/0003826185747"
                    }
                ]
            }
        ],
        "items": [
            {
                "itemId": "0003826185747",
                "inventory": {
                    "stockLevel": "LOW"
                },
                "favorite": false,
                "fulfillment": {
                    "curbside": true,
                    "delivery": true,
                    "inStore": true,
                    "shipToHome": false
                },
                "price": {
                    "regular": 8.99,
                    "promo": 0
                },
                "size": "25 fl oz",
                "soldBy": "UNIT"
            }
        ],
        "itemInformation": {
            "depth": "3.38",
            "height": "6.38",
            "width": "3.38"
        },
        "temperature": {
            "indicator": "Refrigerated",
            "heatSensitive": false
        }
    },
    {
        "productId": "0072534229121",
        "upc": "0072534229121",
        "productPageURI": "/p/muir-glen-organic-fire-roasted-diced-tomatoes/0072534229121?cid=dis.api.tpi_products-api_20240521_b:all_c:np_t:lookupproduct-243261",
        "aisleLocations": [],
        "brand": "Muir Glen Organic",
        "categories": [
            "Natural & Organic",
            "Canned & Packaged"
        ],
        "countryOrigin": "UNITED STATES",
        "description": "Muir Glen Organic Fire Roasted Diced Tomatoes",
        "images": [
            {
                "perspective": "back",
                "sizes": [
                    {
                        "size": "xlarge",
                        "url": "https://www.kroger.com/product/images/xlarge/back/0072534229121"
                    },
                    {
                        "size": "large",
                        "url": "https://www.kroger.com/product/images/large/back/0072534229121"
                    },
                    {
                        "size": "medium",
                        "url": "https://www.kroger.com/product/images/medium/back/0072534229121"
                    },
                    {
                        "size": "small",
                        "url": "https://www.kroger.com/product/images/small/back/0072534229121"
                    },
                    {
                        "size": "thumbnail",
                        "url": "https://www.kroger.com/product/images/thumbnail/back/0072534229121"
                    }
                ]
            },
            {
                "perspective": "right",
                "sizes": [
                    {
                        "size": "xlarge",
                        "url": "https://www.kroger.com/product/images/xlarge/right/0072534229121"
                    },
                    {
                        "size": "large",
                        "url": "https://www.kroger.com/product/images/large/right/0072534229121"
                    },
                    {
                        "size": "medium",
                        "url": "https://www.kroger.com/product/images/medium/right/0072534229121"
                    },
                    {
                        "size": "small",
                        "url": "https://www.kroger.com/product/images/small/right/0072534229121"
                    },
                    {
                        "size": "thumbnail",
                        "url": "https://www.kroger.com/product/images/thumbnail/right/0072534229121"
                    }
                ]
            },
            {
                "perspective": "front",
                "featured": true,
                "sizes": [
                    {
                        "size": "xlarge",
                        "url": "https://www.kroger.com/product/images/xlarge/front/0072534229121"
                    },
                    {
                        "size": "large",
                        "url": "https://www.kroger.com/product/images/large/front/0072534229121"
                    },
                    {
                        "size": "medium",
                        "url": "https://www.kroger.com/product/images/medium/front/0072534229121"
                    },
                    {
                        "size": "small",
                        "url": "https://www.kroger.com/product/images/small/front/0072534229121"
                    },
                    {
                        "size": "thumbnail",
                        "url": "https://www.kroger.com/product/images/thumbnail/front/0072534229121"
                    }
                ]
            },
            {
                "perspective": "left",
                "sizes": [
                    {
                        "size": "xlarge",
                        "url": "https://www.kroger.com/product/images/xlarge/left/0072534229121"
                    },
                    {
                        "size": "large",
                        "url": "https://www.kroger.com/product/images/large/left/0072534229121"
                    },
                    {
                        "size": "medium",
                        "url": "https://www.kroger.com/product/images/medium/left/0072534229121"
                    },
                    {
                        "size": "small",
                        "url": "https://www.kroger.com/product/images/small/left/0072534229121"
                    },
                    {
                        "size": "thumbnail",
                        "url": "https://www.kroger.com/product/images/thumbnail/left/0072534229121"
                    }
                ]
            }
        ],
        "items": [
            {
                "itemId": "0072534229121",
                "inventory": {
                    "stockLevel": "HIGH"
                },
                "favorite": false,
                "fulfillment": {
                    "curbside": false,
                    "delivery": false,
                    "inStore": false,
                    "shipToHome": false
                },
                "price": {
                    "regular": 2.69,
                    "promo": 0
                },
                "size": "14.5 oz",
                "soldBy": "UNIT"
            }
        ],
        "itemInformation": {},
        "temperature": {
            "indicator": "Ambient",
            "heatSensitive": false
        }
    },
    {
        "productId": "0072534229043",
        "upc": "0072534229043",
        "productPageURI": "/p/muir-glen-organic-fire-roasted-crushed-tomatoes/0072534229043?cid=dis.api.tpi_products-api_20240521_b:all_c:np_t:lookupproduct-243261",
        "aisleLocations": [
            {
                "description": "GROCERY",
                "number": "0"
            }
        ],
        "brand": "Muir Glen Organic",
        "categories": [
            "Natural & Organic",
            "Canned & Packaged"
        ],
        "description": "Muir Glen Organic Fire Roasted Crushed Tomatoes",
        "images": [
            {
                "perspective": "front",
                "featured": true,
                "sizes": [
                    {
                        "size": "xlarge",
                        "url": "https://www.kroger.com/product/images/xlarge/front/0072534229043"
                    },
                    {
                        "size": "large",
                        "url": "https://www.kroger.com/product/images/large/front/0072534229043"
                    },
                    {
                        "size": "medium",
                        "url": "https://www.kroger.com/product/images/medium/front/0072534229043"
                    },
                    {
                        "size": "small",
                        "url": "https://www.kroger.com/product/images/small/front/0072534229043"
                    },
                    {
                        "size": "thumbnail",
                        "url": "https://www.kroger.com/product/images/thumbnail/front/0072534229043"
                    }
                ]
            },
            {
                "perspective": "back",
                "sizes": [
                    {
                        "size": "xlarge",
                        "url": "https://www.kroger.com/product/images/xlarge/back/0072534229043"
                    },
                    {
                        "size": "large",
                        "url": "https://www.kroger.com/product/images/large/back/0072534229043"
                    },
                    {
                        "size": "medium",
                        "url": "https://www.kroger.com/product/images/medium/back/0072534229043"
                    },
                    {
                        "size": "small",
                        "url": "https://www.kroger.com/product/images/small/back/0072534229043"
                    },
                    {
                        "size": "thumbnail",
                        "url": "https://www.kroger.com/product/images/thumbnail/back/0072534229043"
                    }
                ]
            }
        ],
        "items": [
            {
                "itemId": "0072534229043",
                "inventory": {
                    "stockLevel": "HIGH"
                },
                "favorite": false,
                "fulfillment": {
                    "curbside": false,
                    "delivery": false,
                    "inStore": false,
                    "shipToHome": false
                },
                "price": {
                    "regular": 4.79,
                    "promo": 0
                },
                "size": "28 oz",
                "soldBy": "UNIT"
            }
        ],
        "itemInformation": {},
        "temperature": {
            "indicator": "Ambient",
            "heatSensitive": false
        }
    },
    {
        "productId": "0001111003800",
        "upc": "0001111003800",
        "productPageURI": "/p/simple-truth-organic-small-batch-artisanal-sauerkraut-jar/0001111003800?cid=dis.api.tpi_products-api_20240521_b:all_c:np_t:lookupproduct-243261",
        "aisleLocations": [
            {
                "description": "GROCERY",
                "number": "0"
            }
        ],
        "brand": "Simple Truth Organic",
        "categories": [
            "Canned & Packaged",
            "Natural & Organic"
        ],
        "description": "Simple Truth Organic\u2122 Small Batch Artisanal Sauerkraut Jar",
        "images": [
            {
                "perspective": "left",
                "sizes": [
                    {
                        "size": "xlarge",
                        "url": "https://www.kroger.com/product/images/xlarge/left/0001111003800"
                    },
                    {
                        "size": "large",
                        "url": "https://www.kroger.com/product/images/large/left/0001111003800"
                    },
                    {
                        "size": "medium",
                        "url": "https://www.kroger.com/product/images/medium/left/0001111003800"
                    },
                    {
                        "size": "small",
                        "url": "https://www.kroger.com/product/images/small/left/0001111003800"
                    },
                    {
                        "size": "thumbnail",
                        "url": "https://www.kroger.com/product/images/thumbnail/left/0001111003800"
                    }
                ]
            },
            {
                "perspective": "right",
                "sizes": [
                    {
                        "size": "xlarge",
                        "url": "https://www.kroger.com/product/images/xlarge/right/0001111003800"
                    },
                    {
                        "size": "large",
                        "url": "https://www.kroger.com/product/images/large/right/0001111003800"
                    },
                    {
                        "size": "medium",
                        "url": "https://www.kroger.com/product/images/medium/right/0001111003800"
                    },
                    {
                        "size": "small",
                        "url": "https://www.kroger.com/product/images/small/right/0001111003800"
                    },
                    {
                        "size": "thumbnail",
                        "url": "https://www.kroger.com/product/images/thumbnail/right/0001111003800"
                    }
                ]
            },
            {
                "perspective": "front",
                "featured": true,
                "sizes": [
                    {
                        "size": "xlarge",
                        "url": "https://www.kroger.com/product/images/xlarge/front/0001111003800"
                    },
                    {
                        "size": "large",
                        "url": "https://www.kroger.com/product/images/large/front/0001111003800"
                    },
                    {
                        "size": "medium",
                        "url": "https://www.kroger.com/product/images/medium/front/0001111003800"
                    },
                    {
                        "size": "small",
                        "url": "https://www.kroger.com/product/images/small/front/0001111003800"
                    },
                    {
                        "size": "thumbnail",
                        "url": "https://www.kroger.com/product/images/thumbnail/front/0001111003800"
                    }
                ]
            }
        ],
        "items": [
            {
                "itemId": "0001111003800",
                "inventory": {
                    "stockLevel": "HIGH"
                },
                "favorite": false,
                "fulfillment": {
                    "curbside": true,
                    "delivery": true,
                    "inStore": true,
                    "shipToHome": false
                },
                "price": {
                    "regular": 2.49,
                    "promo": 0
                },
                "size": "16 oz",
                "soldBy": "UNIT"
            }
        ],
        "itemInformation": {
            "depth": "3.14",
            "height": "5.06",
            "width": "3.14"
        },
        "temperature": {
            "indicator": "Ambient",
            "heatSensitive": false
        }
    },
    {
        "productId": "0001111003923",
        "upc": "0001111003923",
        "productPageURI": "/p/simple-truth-organic-french-fried-onions/0001111003923?cid=dis.api.tpi_products-api_20240521_b:all_c:np_t:lookupproduct-243261",
        "aisleLocations": [
            {
                "description": "GROCERY",
                "number": "0"
            }
        ],
        "brand": "Simple Truth Organic",
        "categories": [
            "Natural & Organic",
            "Canned & Packaged"
        ],
        "description": "Simple Truth Organic\u2122 French Fried Onions",
        "images": [
            {
                "perspective": "left",
                "sizes": [
                    {
                        "size": "xlarge",
                        "url": "https://www.kroger.com/product/images/xlarge/left/0001111003923"
                    },
                    {
                        "size": "large",
                        "url": "https://www.kroger.com/product/images/large/left/0001111003923"
                    },
                    {
                        "size": "medium",
                        "url": "https://www.kroger.com/product/images/medium/left/0001111003923"
                    },
                    {
                        "size": "small",
                        "url": "https://www.kroger.com/product/images/small/left/0001111003923"
                    },
                    {
                        "size": "thumbnail",
                        "url": "https://www.kroger.com/product/images/thumbnail/left/0001111003923"
                    }
                ]
            },
            {
                "perspective": "front",
                "featured": true,
                "sizes": [
                    {
                        "size": "xlarge",
                        "url": "https://www.kroger.com/product/images/xlarge/front/0001111003923"
                    },
                    {
                        "size": "large",
                        "url": "https://www.kroger.com/product/images/large/front/0001111003923"
                    },
                    {
                        "size": "medium",
                        "url": "https://www.kroger.com/product/images/medium/front/0001111003923"
                    },
                    {
                        "size": "small",
                        "url": "https://www.kroger.com/product/images/small/front/0001111003923"
                    },
                    {
                        "size": "thumbnail",
                        "url": "https://www.kroger.com/product/images/thumbnail/front/0001111003923"
                    }
                ]
            },
            {
                "perspective": "right",
                "sizes": [
                    {
                        "size": "xlarge",
                        "url": "https://www.kroger.com/product/images/xlarge/right/0001111003923"
                    },
                    {
                        "size": "large",
                        "url": "https://www.kroger.com/product/images/large/right/0001111003923"
                    },
                    {
                        "size": "medium",
                        "url": "https://www.kroger.com/product/images/medium/right/0001111003923"
                    },
                    {
                        "size": "small",
                        "url": "https://www.kroger.com/product/images/small/right/0001111003923"
                    },
                    {
                        "size": "thumbnail",
                        "url": "https://www.kroger.com/product/images/thumbnail/right/0001111003923"
                    }
                ]
            }
        ],
        "items": [
            {
                "itemId": "0001111003923",
                "inventory": {
                    "stockLevel": "HIGH"
                },
                "favorite": false,
                "fulfillment": {
                    "curbside": true,
                    "delivery": true,
                    "inStore": true,
                    "shipToHome": false
                },
                "price": {
                    "regular": 3.49,
                    "promo": 0
                },
                "size": "6 oz",
                "soldBy": "UNIT"
            }
        ],
        "itemInformation": {
            "depth": "4.25",
            "height": "4.75",
            "width": "4.25"
        },
        "temperature": {
            "indicator": "Ambient",
            "heatSensitive": false
        }
    },
    {
        "productId": "0001111088857",
        "upc": "0001111088857",
        "productPageURI": "/p/simple-truth-organic-diced-tomatoes/0001111088857?cid=dis.api.tpi_products-api_20240521_b:all_c:np_t:lookupproduct-243261",
        "aisleLocations": [
            {
                "description": "GROCERY",
                "number": "0"
            }
        ],
        "brand": "Simple Truth Organic",
        "categories": [
            "Natural & Organic",
            "Canned & Packaged"
        ],
        "description": "Simple Truth Organic\u2122 Diced Tomatoes",
        "images": [
            {
                "perspective": "left",
                "sizes": [
                    {
                        "size": "xlarge",
                        "url": "https://www.kroger.com/product/images/xlarge/left/0001111088857"
                    },
                    {
                        "size": "large",
                        "url": "https://www.kroger.com/product/images/large/left/0001111088857"
                    },
                    {
                        "size": "medium",
                        "url": "https://www.kroger.com/product/images/medium/left/0001111088857"
                    },
                    {
                        "size": "small",
                        "url": "https://www.kroger.com/product/images/small/left/0001111088857"
                    },
                    {
                        "size": "thumbnail",
                        "url": "https://www.kroger.com/product/images/thumbnail/left/0001111088857"
                    }
                ]
            },
            {
                "perspective": "front",
                "featured": true,
                "sizes": [
                    {
                        "size": "xlarge",
                        "url": "https://www.kroger.com/product/images/xlarge/front/0001111088857"
                    },
                    {
                        "size": "large",
                        "url": "https://www.kroger.com/product/images/large/front/0001111088857"
                    },
                    {
                        "size": "medium",
                        "url": "https://www.kroger.com/product/images/medium/front/0001111088857"
                    },
                    {
                        "size": "small",
                        "url": "https://www.kroger.com/product/images/small/front/0001111088857"
                    },
                    {
                        "size": "thumbnail",
                        "url": "https://www.kroger.com/product/images/thumbnail/front/0001111088857"
                    }
                ]
            },
            {
                "perspective": "right",
                "sizes": [
                    {
                        "size": "xlarge",
                        "url": "https://www.kroger.com/product/images/xlarge/right/0001111088857"
                    },
                    {
                        "size": "large",
                        "url": "https://www.kroger.com/product/images/large/right/0001111088857"
                    },
                    {
                        "size": "medium",
                        "url": "https://www.kroger.com/product/images/medium/right/0001111088857"
                    },
                    {
                        "size": "small",
                        "url": "https://www.kroger.com/product/images/small/right/0001111088857"
                    },
                    {
                        "size": "thumbnail",
                        "url": "https://www.kroger.com/product/images/thumbnail/right/0001111088857"
                    }
                ]
            }
        ],
        "items": [
            {
                "itemId": "0001111088857",
                "inventory": {
                    "stockLevel": "HIGH"
                },
                "favorite": false,
                "fulfillment": {
                    "curbside": true,
                    "delivery": true,
                    "inStore": true,
                    "shipToHome": false
                },
                "price": {
                    "regular": 1.5,
                    "promo": 0
                },
                "size": "14.5 oz",
                "soldBy": "UNIT"
            }
        ],
        "itemInformation": {
            "depth": "2.9",
            "height": "4.3",
            "width": "2.9"
        },
        "temperature": {
            "indicator": "Ambient",
            "heatSensitive": false
        }
    },
    {
        "productId": "0001111084530",
        "upc": "0001111084530",
        "productPageURI": "/p/simple-truth-organic-diced-tomatoes/0001111084530?cid=dis.api.tpi_products-api_20240521_b:all_c:np_t:lookupproduct-243261",
        "aisleLocations": [
            {
                "description": "GROCERY",
                "number": "0"
            }
        ],
        "brand": "Simple Truth Organic",
        "categories": [
            "Canned & Packaged",
            "Natural & Organic"
        ],
        "description": "Simple Truth Organic\u2122 Diced Tomatoes",
        "images": [
            {
                "perspective": "left",
                "sizes": [
                    {
                        "size": "xlarge",
                        "url": "https://www.kroger.com/product/images/xlarge/left/0001111084530"
                    },
                    {
                        "size": "large",
                        "url": "https://www.kroger.com/product/images/large/left/0001111084530"
                    },
                    {
                        "size": "medium",
                        "url": "https://www.kroger.com/product/images/medium/left/0001111084530"
                    },
                    {
                        "size": "small",
                        "url": "https://www.kroger.com/product/images/small/left/0001111084530"
                    },
                    {
                        "size": "thumbnail",
                        "url": "https://www.kroger.com/product/images/thumbnail/left/0001111084530"
                    }
                ]
            },
            {
                "perspective": "right",
                "sizes": [
                    {
                        "size": "xlarge",
                        "url": "https://www.kroger.com/product/images/xlarge/right/0001111084530"
                    },
                    {
                        "size": "large",
                        "url": "https://www.kroger.com/product/images/large/right/0001111084530"
                    },
                    {
                        "size": "medium",
                        "url": "https://www.kroger.com/product/images/medium/right/0001111084530"
                    },
                    {
                        "size": "small",
                        "url": "https://www.kroger.com/product/images/small/right/0001111084530"
                    },
                    {
                        "size": "thumbnail",
                        "url": "https://www.kroger.com/product/images/thumbnail/right/0001111084530"
                    }
                ]
            },
            {
                "perspective": "front",
                "featured": true,
                "sizes": [
                    {
                        "size": "xlarge",
                        "url": "https://www.kroger.com/product/images/xlarge/front/0001111084530"
                    },
                    {
                        "size": "large",
                        "url": "https://www.kroger.com/product/images/large/front/0001111084530"
                    },
                    {
                        "size": "medium",
                        "url": "https://www.kroger.com/product/images/medium/front/0001111084530"
                    },
                    {
                        "size": "small",
                        "url": "https://www.kroger.com/product/images/small/front/0001111084530"
                    },
                    {
                        "size": "thumbnail",
                        "url": "https://www.kroger.com/product/images/thumbnail/front/0001111084530"
                    }
                ]
            }
        ],
        "items": [
            {
                "itemId": "0001111084530",
                "inventory": {
                    "stockLevel": "HIGH"
                },
                "favorite": false,
                "fulfillment": {
                    "curbside": false,
                    "delivery": false,
                    "inStore": false,
                    "shipToHome": false
                },
                "price": {
                    "regular": 2.29,
                    "promo": 0
                },
                "size": "28 oz",
                "soldBy": "UNIT"
            }
        ],
        "itemInformation": {
            "depth": "4.0",
            "height": "4.65",
            "width": "4.0"
        },
        "temperature": {
            "indicator": "Ambient",
            "heatSensitive": false
        }
    },
    {
        "productId": "0001111003675",
        "upc": "0001111003675",
        "productPageURI": "/p/simple-truth-organic-sliced-pineapple-in-100-juice/0001111003675?cid=dis.api.tpi_products-api_20240521_b:all_c:np_t:lookupproduct-243261",
        "aisleLocations": [
            {
                "description": "GROCERY",
                "number": "0"
            }
        ],
        "brand": "Simple Truth Organic",
        "categories": [
            "Natural & Organic",
            "Canned & Packaged"
        ],
        "description": "Simple Truth Organic\u2122 Sliced Pineapple in 100% Juice",
        "images": [
            {
                "perspective": "front",
                "featured": true,
                "sizes": [
                    {
                        "size": "xlarge",
                        "url": "https://www.kroger.com/product/images/xlarge/front/0001111003675"
                    },
                    {
                        "size": "large",
                        "url": "https://www.kroger.com/product/images/large/front/0001111003675"
                    },
                    {
                        "size": "medium",
                        "url": "https://www.kroger.com/product/images/medium/front/0001111003675"
                    },
                    {
                        "size": "small",
                        "url": "https://www.kroger.com/product/images/small/front/0001111003675"
                    },
                    {
                        "size": "thumbnail",
                        "url": "https://www.kroger.com/product/images/thumbnail/front/0001111003675"
                    }
                ]
            }
        ],
        "items": [
            {
                "itemId": "0001111003675",
                "inventory": {
                    "stockLevel": "TEMPORARILY_OUT_OF_STOCK"
                },
                "favorite": false,
                "fulfillment": {
                    "curbside": true,
                    "delivery": true,
                    "inStore": true,
                    "shipToHome": false
                },
                "price": {
                    "regular": 2.89,
                    "promo": 0
                },
                "size": "14 oz",
                "soldBy": "UNIT"
            }
        ],
        "itemInformation": {
            "depth": "2.96",
            "height": "4.48",
            "width": "2.96"
        },
        "temperature": {
            "indicator": "Ambient",
            "heatSensitive": false
        }
    },
    {
        "productId": "0079055506152",
        "upc": "0079055506152",
        "productPageURI": "/p/walnut-acres-organic-maple-onion-baked-beans/0079055506152?cid=dis.api.tpi_products-api_20240521_b:all_c:np_t:lookupproduct-243261",
        "aisleLocations": [],
        "brand": "Walnut Acres",
        "categories": [
            "Natural & Organic",
            "Canned & Packaged"
        ],
        "description": "Walnut Acres Organic Maple & Onion Baked Beans",
        "images": [
            {
                "perspective": "front",
                "featured": true,
                "sizes": [
                    {
                        "size": "large",
                        "url": "https://www.kroger.com/product/images/large/front/0079055506152"
                    },
                    {
                        "size": "medium",
                        "url": "https://www.kroger.com/product/images/medium/front/0079055506152"
                    },
                    {
                        "size": "small",
                        "url": "https://www.kroger.com/product/images/small/front/0079055506152"
                    },
                    {
                        "size": "thumbnail",
                        "url": "https://www.kroger.com/product/images/thumbnail/front/0079055506152"
                    }
                ]
            }
        ],
        "items": [
            {
                "itemId": "0079055506152",
                "favorite": false,
                "fulfillment": {
                    "curbside": false,
                    "delivery": false,
                    "inStore": false,
                    "shipToHome": false
                },
                "size": "15 oz"
            }
        ],
        "itemInformation": {},
        "temperature": {
            "indicator": "Ambient",
            "heatSensitive": false
        }
    },
    {
        "productId": "0001111003238",
        "upc": "0001111003238",
        "productPageURI": "/p/simple-truth-organic-super-sweet-whole-kernel-corn/0001111003238?cid=dis.api.tpi_products-api_20240521_b:all_c:np_t:lookupproduct-243261",
        "aisleLocations": [
            {
                "description": "GROCERY",
                "number": "0"
            }
        ],
        "brand": "Simple Truth Organic",
        "categories": [
            "Canned & Packaged",
            "Natural & Organic"
        ],
        "countryOrigin": "UNITED STATES",
        "description": "Simple Truth Organic\u2122 Super Sweet Whole Kernel Corn",
        "images": [
            {
                "perspective": "front",
                "featured": true,
                "sizes": [
                    {
                        "size": "xlarge",
                        "url": "https://www.kroger.com/product/images/xlarge/front/0001111003238"
                    },
                    {
                        "size": "large",
                        "url": "https://www.kroger.com/product/images/large/front/0001111003238"
                    },
                    {
                        "size": "medium",
                        "url": "https://www.kroger.com/product/images/medium/front/0001111003238"
                    },
                    {
                        "size": "small",
                        "url": "https://www.kroger.com/product/images/small/front/0001111003238"
                    },
                    {
                        "size": "thumbnail",
                        "url": "https://www.kroger.com/product/images/thumbnail/front/0001111003238"
                    }
                ]
            },
            {
                "perspective": "back",
                "sizes": [
                    {
                        "size": "xlarge",
                        "url": "https://www.kroger.com/product/images/xlarge/back/0001111003238"
                    },
                    {
                        "size": "large",
                        "url": "https://www.kroger.com/product/images/large/back/0001111003238"
                    },
                    {
                        "size": "medium",
                        "url": "https://www.kroger.com/product/images/medium/back/0001111003238"
                    },
                    {
                        "size": "small",
                        "url": "https://www.kroger.com/product/images/small/back/0001111003238"
                    },
                    {
                        "size": "thumbnail",
                        "url": "https://www.kroger.com/product/images/thumbnail/back/0001111003238"
                    }
                ]
            }
        ],
        "items": [
            {
                "itemId": "0001111003238",
                "inventory": {
                    "stockLevel": "HIGH"
                },
                "favorite": false,
                "fulfillment": {
                    "curbside": true,
                    "delivery": true,
                    "inStore": true,
                    "shipToHome": false
                },
                "price": {
                    "regular": 1.79,
                    "promo": 0
                },
                "size": "15 oz",
                "soldBy": "UNIT"
            }
        ],
        "itemInformation": {
            "depth": "2.96",
            "height": "4.4",
            "width": "2.96"
        },
        "temperature": {
            "indicator": "Ambient",
            "heatSensitive": false
        }
    },
    {
        "productId": "0001111006385",
        "upc": "0001111006385",
        "productPageURI": "/p/simple-truth-organic-seasoned-black-beans/0001111006385?cid=dis.api.tpi_products-api_20240521_b:all_c:np_t:lookupproduct-243261",
        "aisleLocations": [],
        "brand": "Simple Truth Organic",
        "categories": [
            "Canned & Packaged",
            "Natural & Organic"
        ],
        "description": "Simple Truth Organic\u2122 Seasoned Black Beans",
        "images": [
            {
                "perspective": "back",
                "sizes": [
                    {
                        "size": "xlarge",
                        "url": "https://www.kroger.com/product/images/xlarge/back/0001111006385"
                    },
                    {
                        "size": "large",
                        "url": "https://www.kroger.com/product/images/large/back/0001111006385"
                    },
                    {
                        "size": "medium",
                        "url": "https://www.kroger.com/product/images/medium/back/0001111006385"
                    },
                    {
                        "size": "small",
                        "url": "https://www.kroger.com/product/images/small/back/0001111006385"
                    },
                    {
                        "size": "thumbnail",
                        "url": "https://www.kroger.com/product/images/thumbnail/back/0001111006385"
                    }
                ]
            },
            {
                "perspective": "front",
                "featured": true,
                "sizes": [
                    {
                        "size": "xlarge",
                        "url": "https://www.kroger.com/product/images/xlarge/front/0001111006385"
                    },
                    {
                        "size": "large",
                        "url": "https://www.kroger.com/product/images/large/front/0001111006385"
                    },
                    {
                        "size": "medium",
                        "url": "https://www.kroger.com/product/images/medium/front/0001111006385"
                    },
                    {
                        "size": "small",
                        "url": "https://www.kroger.com/product/images/small/front/0001111006385"
                    },
                    {
                        "size": "thumbnail",
                        "url": "https://www.kroger.com/product/images/thumbnail/front/0001111006385"
                    }
                ]
            },
            {
                "perspective": "right",
                "sizes": [
                    {
                        "size": "xlarge",
                        "url": "https://www.kroger.com/product/images/xlarge/right/0001111006385"
                    },
                    {
                        "size": "large",
                        "url": "https://www.kroger.com/product/images/large/right/0001111006385"
                    },
                    {
                        "size": "medium",
                        "url": "https://www.kroger.com/product/images/medium/right/0001111006385"
                    },
                    {
                        "size": "small",
                        "url": "https://www.kroger.com/product/images/small/right/0001111006385"
                    },
                    {
                        "size": "thumbnail",
                        "url": "https://www.kroger.com/product/images/thumbnail/right/0001111006385"
                    }
                ]
            },
            {
                "perspective": "left",
                "sizes": [
                    {
                        "size": "xlarge",
                        "url": "https://www.kroger.com/product/images/xlarge/left/0001111006385"
                    },
                    {
                        "size": "large",
                        "url": "https://www.kroger.com/product/images/large/left/0001111006385"
                    },
                    {
                        "size": "medium",
                        "url": "https://www.kroger.com/product/images/medium/left/0001111006385"
                    },
                    {
                        "size": "small",
                        "url": "https://www.kroger.com/product/images/small/left/0001111006385"
                    },
                    {
                        "size": "thumbnail",
                        "url": "https://www.kroger.com/product/images/thumbnail/left/0001111006385"
                    }
                ]
            }
        ],
        "items": [
            {
                "itemId": "0001111006385",
                "favorite": false,
                "fulfillment": {
                    "curbside": false,
                    "delivery": false,
                    "inStore": false,
                    "shipToHome": false
                },
                "price": {
                    "regular": 1.25,
                    "promo": 0
                },
                "size": "15 oz",
                "soldBy": "UNIT"
            }
        ],
        "itemInformation": {},
        "temperature": {
            "indicator": "Ambient",
            "heatSensitive": false
        }
    },
    {
        "productId": "1004227200517",
        "upc": "1004227200517",
        "productPageURI": "/p/amy-s-organic-vegetarian-baked-beans/1004227200517?cid=dis.api.tpi_products-api_20240521_b:all_c:np_t:lookupproduct-243261",
        "aisleLocations": [],
        "brand": "Amy's",
        "categories": [
            "Canned & Packaged",
            "Natural & Organic"
        ],
        "countryOrigin": "UNITED STATES",
        "description": "Amy's Organic Vegetarian Baked Beans",
        "images": [
            {
                "perspective": "front",
                "featured": true,
                "sizes": [
                    {
                        "size": "xlarge",
                        "url": "https://www.kroger.com/product/images/xlarge/front/1004227200517"
                    },
                    {
                        "size": "large",
                        "url": "https://www.kroger.com/product/images/large/front/1004227200517"
                    },
                    {
                        "size": "medium",
                        "url": "https://www.kroger.com/product/images/medium/front/1004227200517"
                    },
                    {
                        "size": "small",
                        "url": "https://www.kroger.com/product/images/small/front/1004227200517"
                    },
                    {
                        "size": "thumbnail",
                        "url": "https://www.kroger.com/product/images/thumbnail/front/1004227200517"
                    }
                ]
            }
        ],
        "items": [
            {
                "itemId": "1004227200517",
                "favorite": false,
                "fulfillment": {
                    "curbside": false,
                    "delivery": false,
                    "inStore": false,
                    "shipToHome": false
                },
                "size": "12 ct /15 oz"
            }
        ],
        "itemInformation": {},
        "temperature": {
            "indicator": "Ambient",
            "heatSensitive": false
        }
    },
    {
        "productId": "0001111089419",
        "upc": "0001111089419",
        "productPageURI": "/p/simple-truth-organic-chili-beans/0001111089419?cid=dis.api.tpi_products-api_20240521_b:all_c:np_t:lookupproduct-243261",
        "aisleLocations": [],
        "brand": "Simple Truth Organic",
        "categories": [
            "Natural & Organic",
            "Canned & Packaged"
        ],
        "description": "Simple Truth Organic\u00ae Chili Beans",
        "images": [
            {
                "perspective": "left",
                "sizes": [
                    {
                        "size": "xlarge",
                        "url": "https://www.kroger.com/product/images/xlarge/left/0001111089419"
                    },
                    {
                        "size": "large",
                        "url": "https://www.kroger.com/product/images/large/left/0001111089419"
                    },
                    {
                        "size": "medium",
                        "url": "https://www.kroger.com/product/images/medium/left/0001111089419"
                    },
                    {
                        "size": "small",
                        "url": "https://www.kroger.com/product/images/small/left/0001111089419"
                    },
                    {
                        "size": "thumbnail",
                        "url": "https://www.kroger.com/product/images/thumbnail/left/0001111089419"
                    }
                ]
            },
            {
                "perspective": "front",
                "featured": true,
                "sizes": [
                    {
                        "size": "xlarge",
                        "url": "https://www.kroger.com/product/images/xlarge/front/0001111089419"
                    },
                    {
                        "size": "large",
                        "url": "https://www.kroger.com/product/images/large/front/0001111089419"
                    },
                    {
                        "size": "medium",
                        "url": "https://www.kroger.com/product/images/medium/front/0001111089419"
                    },
                    {
                        "size": "small",
                        "url": "https://www.kroger.com/product/images/small/front/0001111089419"
                    },
                    {
                        "size": "thumbnail",
                        "url": "https://www.kroger.com/product/images/thumbnail/front/0001111089419"
                    }
                ]
            },
            {
                "perspective": "right",
                "sizes": [
                    {
                        "size": "xlarge",
                        "url": "https://www.kroger.com/product/images/xlarge/right/0001111089419"
                    },
                    {
                        "size": "large",
                        "url": "https://www.kroger.com/product/images/large/right/0001111089419"
                    },
                    {
                        "size": "medium",
                        "url": "https://www.kroger.com/product/images/medium/right/0001111089419"
                    },
                    {
                        "size": "small",
                        "url": "https://www.kroger.com/product/images/small/right/0001111089419"
                    },
                    {
                        "size": "thumbnail",
                        "url": "https://www.kroger.com/product/images/thumbnail/right/0001111089419"
                    }
                ]
            }
        ],
        "items": [
            {
                "itemId": "0001111089419",
                "favorite": false,
                "fulfillment": {
                    "curbside": false,
                    "delivery": false,
                    "inStore": false,
                    "shipToHome": false
                },
                "price": {
                    "regular": 1.25,
                    "promo": 0
                },
                "size": "15 oz",
                "soldBy": "UNIT"
            }
        ],
        "itemInformation": {},
        "temperature": {
            "indicator": "Ambient",
            "heatSensitive": false
        }
    },
    {
        "productId": "0007152415933",
        "upc": "0007152415933",
        "productPageURI": "/p/la-preferida-organic-refried-black-beans-15-oz/0007152415933?cid=dis.api.tpi_products-api_20240521_b:all_c:np_t:lookupproduct-243261",
        "aisleLocations": [],
        "brand": "La Preferida",
        "categories": [
            "Natural & Organic",
            "Canned & Packaged",
            "International"
        ],
        "description": "La Preferida Organic Refried Black Beans , 15 OZ",
        "images": [
            {
                "perspective": "front",
                "featured": true,
                "sizes": [
                    {
                        "size": "xlarge",
                        "url": "https://www.kroger.com/product/images/xlarge/front/0007152415933"
                    },
                    {
                        "size": "large",
                        "url": "https://www.kroger.com/product/images/large/front/0007152415933"
                    },
                    {
                        "size": "medium",
                        "url": "https://www.kroger.com/product/images/medium/front/0007152415933"
                    },
                    {
                        "size": "small",
                        "url": "https://www.kroger.com/product/images/small/front/0007152415933"
                    },
                    {
                        "size": "thumbnail",
                        "url": "https://www.kroger.com/product/images/thumbnail/front/0007152415933"
                    }
                ]
            }
        ],
        "items": [
            {
                "itemId": "0007152415933",
                "favorite": false,
                "fulfillment": {
                    "curbside": false,
                    "delivery": false,
                    "inStore": false,
                    "shipToHome": false
                },
                "size": "1"
            }
        ],
        "itemInformation": {},
        "temperature": {
            "indicator": "Ambient",
            "heatSensitive": false
        }
    },
    {
        "productId": "0001111008285",
        "upc": "0001111008285",
        "productPageURI": "/p/simple-truth-organic-seasoned-black-beans/0001111008285?cid=dis.api.tpi_products-api_20240521_b:all_c:np_t:lookupproduct-243261",
        "aisleLocations": [
            {
                "description": "GROCERY",
                "number": "0"
            }
        ],
        "brand": "Simple Truth Organic",
        "categories": [
            "Canned & Packaged",
            "Natural & Organic"
        ],
        "description": "Simple Truth Organic\u2122 Seasoned Black Beans",
        "images": [
            {
                "perspective": "left",
                "sizes": [
                    {
                        "size": "xlarge",
                        "url": "https://www.kroger.com/product/images/xlarge/left/0001111008285"
                    },
                    {
                        "size": "large",
                        "url": "https://www.kroger.com/product/images/large/left/0001111008285"
                    },
                    {
                        "size": "medium",
                        "url": "https://www.kroger.com/product/images/medium/left/0001111008285"
                    },
                    {
                        "size": "small",
                        "url": "https://www.kroger.com/product/images/small/left/0001111008285"
                    },
                    {
                        "size": "thumbnail",
                        "url": "https://www.kroger.com/product/images/thumbnail/left/0001111008285"
                    }
                ]
            },
            {
                "perspective": "front",
                "featured": true,
                "sizes": [
                    {
                        "size": "xlarge",
                        "url": "https://www.kroger.com/product/images/xlarge/front/0001111008285"
                    },
                    {
                        "size": "large",
                        "url": "https://www.kroger.com/product/images/large/front/0001111008285"
                    },
                    {
                        "size": "medium",
                        "url": "https://www.kroger.com/product/images/medium/front/0001111008285"
                    },
                    {
                        "size": "small",
                        "url": "https://www.kroger.com/product/images/small/front/0001111008285"
                    },
                    {
                        "size": "thumbnail",
                        "url": "https://www.kroger.com/product/images/thumbnail/front/0001111008285"
                    }
                ]
            },
            {
                "perspective": "right",
                "sizes": [
                    {
                        "size": "xlarge",
                        "url": "https://www.kroger.com/product/images/xlarge/right/0001111008285"
                    },
                    {
                        "size": "large",
                        "url": "https://www.kroger.com/product/images/large/right/0001111008285"
                    },
                    {
                        "size": "medium",
                        "url": "https://www.kroger.com/product/images/medium/right/0001111008285"
                    },
                    {
                        "size": "small",
                        "url": "https://www.kroger.com/product/images/small/right/0001111008285"
                    },
                    {
                        "size": "thumbnail",
                        "url": "https://www.kroger.com/product/images/thumbnail/right/0001111008285"
                    }
                ]
            }
        ],
        "items": [
            {
                "itemId": "0001111008285",
                "inventory": {
                    "stockLevel": "HIGH"
                },
                "favorite": false,
                "fulfillment": {
                    "curbside": true,
                    "delivery": true,
                    "inStore": true,
                    "shipToHome": false
                },
                "price": {
                    "regular": 1.25,
                    "promo": 0
                },
                "size": "15 oz",
                "soldBy": "UNIT"
            }
        ],
        "itemInformation": {
            "depth": "3.0",
            "height": "4.44",
            "width": "3.0"
        },
        "temperature": {
            "indicator": "Ambient",
            "heatSensitive": false
        }
    },
    {
        "productId": "0001111088001",
        "upc": "0001111088001",
        "productPageURI": "/p/simple-truth-organic-pinto-beans-4-count/0001111088001?cid=dis.api.tpi_products-api_20240521_b:all_c:np_t:lookupproduct-243261",
        "aisleLocations": [],
        "brand": "Simple Truth Organic",
        "categories": [
            "Natural & Organic",
            "Canned & Packaged"
        ],
        "description": "Simple Truth Organic\u2122 Pinto Beans 4 Count",
        "images": [
            {
                "perspective": "right",
                "sizes": [
                    {
                        "size": "xlarge",
                        "url": "https://www.kroger.com/product/images/xlarge/right/0001111088001"
                    },
                    {
                        "size": "large",
                        "url": "https://www.kroger.com/product/images/large/right/0001111088001"
                    },
                    {
                        "size": "medium",
                        "url": "https://www.kroger.com/product/images/medium/right/0001111088001"
                    },
                    {
                        "size": "small",
                        "url": "https://www.kroger.com/product/images/small/right/0001111088001"
                    },
                    {
                        "size": "thumbnail",
                        "url": "https://www.kroger.com/product/images/thumbnail/right/0001111088001"
                    }
                ]
            },
            {
                "perspective": "front",
                "featured": true,
                "sizes": [
                    {
                        "size": "xlarge",
                        "url": "https://www.kroger.com/product/images/xlarge/front/0001111088001"
                    },
                    {
                        "size": "large",
                        "url": "https://www.kroger.com/product/images/large/front/0001111088001"
                    },
                    {
                        "size": "medium",
                        "url": "https://www.kroger.com/product/images/medium/front/0001111088001"
                    },
                    {
                        "size": "small",
                        "url": "https://www.kroger.com/product/images/small/front/0001111088001"
                    },
                    {
                        "size": "thumbnail",
                        "url": "https://www.kroger.com/product/images/thumbnail/front/0001111088001"
                    }
                ]
            }
        ],
        "items": [
            {
                "itemId": "0001111088001",
                "inventory": {
                    "stockLevel": "HIGH"
                },
                "favorite": false,
                "fulfillment": {
                    "curbside": false,
                    "delivery": false,
                    "inStore": false,
                    "shipToHome": false
                },
                "price": {
                    "regular": 4.79,
                    "promo": 0
                },
                "size": "60 oz",
                "soldBy": "UNIT"
            }
        ],
        "itemInformation": {},
        "temperature": {
            "indicator": "Ambient",
            "heatSensitive": false
        }
    },
    {
        "productId": "0001111004711",
        "upc": "0001111004711",
        "productPageURI": "/p/simple-truth-organic-tomato-paste/0001111004711?cid=dis.api.tpi_products-api_20240521_b:all_c:np_t:lookupproduct-243261",
        "aisleLocations": [
            {
                "bayNumber": "999",
                "description": "SHELF EXTENDER PROGRAM",
                "number": "997",
                "numberOfFacings": "1",
                "side": "L",
                "shelfNumber": "7",
                "shelfPositionInBay": "2"
            }
        ],
        "brand": "Simple Truth Organic",
        "categories": [
            "Natural & Organic",
            "Canned & Packaged"
        ],
        "countryOrigin": "UNITED STATES",
        "description": "Simple Truth Organic\u2122 Tomato Paste",
        "images": [
            {
                "perspective": "left",
                "sizes": [
                    {
                        "size": "xlarge",
                        "url": "https://www.kroger.com/product/images/xlarge/left/0001111004711"
                    },
                    {
                        "size": "large",
                        "url": "https://www.kroger.com/product/images/large/left/0001111004711"
                    },
                    {
                        "size": "medium",
                        "url": "https://www.kroger.com/product/images/medium/left/0001111004711"
                    },
                    {
                        "size": "small",
                        "url": "https://www.kroger.com/product/images/small/left/0001111004711"
                    },
                    {
                        "size": "thumbnail",
                        "url": "https://www.kroger.com/product/images/thumbnail/left/0001111004711"
                    }
                ]
            },
            {
                "perspective": "right",
                "sizes": [
                    {
                        "size": "xlarge",
                        "url": "https://www.kroger.com/product/images/xlarge/right/0001111004711"
                    },
                    {
                        "size": "large",
                        "url": "https://www.kroger.com/product/images/large/right/0001111004711"
                    },
                    {
                        "size": "medium",
                        "url": "https://www.kroger.com/product/images/medium/right/0001111004711"
                    },
                    {
                        "size": "small",
                        "url": "https://www.kroger.com/product/images/small/right/0001111004711"
                    },
                    {
                        "size": "thumbnail",
                        "url": "https://www.kroger.com/product/images/thumbnail/right/0001111004711"
                    }
                ]
            },
            {
                "perspective": "front",
                "featured": true,
                "sizes": [
                    {
                        "size": "xlarge",
                        "url": "https://www.kroger.com/product/images/xlarge/front/0001111004711"
                    },
                    {
                        "size": "large",
                        "url": "https://www.kroger.com/product/images/large/front/0001111004711"
                    },
                    {
                        "size": "medium",
                        "url": "https://www.kroger.com/product/images/medium/front/0001111004711"
                    },
                    {
                        "size": "small",
                        "url": "https://www.kroger.com/product/images/small/front/0001111004711"
                    },
                    {
                        "size": "thumbnail",
                        "url": "https://www.kroger.com/product/images/thumbnail/front/0001111004711"
                    }
                ]
            }
        ],
        "items": [
            {
                "itemId": "0001111004711",
                "inventory": {
                    "stockLevel": "HIGH"
                },
                "favorite": false,
                "fulfillment": {
                    "curbside": true,
                    "delivery": true,
                    "inStore": true,
                    "shipToHome": false
                },
                "price": {
                    "regular": 1.19,
                    "promo": 0
                },
                "size": "6 oz",
                "soldBy": "UNIT"
            }
        ],
        "itemInformation": {
            "depth": "2.15",
            "height": "3.35",
            "width": "2.15"
        },
        "temperature": {
            "indicator": "Ambient",
            "heatSensitive": false
        }
    },
    {
        "productId": "0001111080703",
        "upc": "0001111080703",
        "productPageURI": "/p/simple-truth-organic-dark-red-kidney-beans/0001111080703?cid=dis.api.tpi_products-api_20240521_b:all_c:np_t:lookupproduct-243261",
        "aisleLocations": [
            {
                "description": "GROCERY",
                "number": "0"
            }
        ],
        "brand": "Simple Truth Organic",
        "categories": [
            "Canned & Packaged",
            "Natural & Organic"
        ],
        "description": "Simple Truth Organic\u2122 Dark Red Kidney Beans",
        "images": [
            {
                "perspective": "left",
                "sizes": [
                    {
                        "size": "xlarge",
                        "url": "https://www.kroger.com/product/images/xlarge/left/0001111080703"
                    },
                    {
                        "size": "large",
                        "url": "https://www.kroger.com/product/images/large/left/0001111080703"
                    },
                    {
                        "size": "medium",
                        "url": "https://www.kroger.com/product/images/medium/left/0001111080703"
                    },
                    {
                        "size": "small",
                        "url": "https://www.kroger.com/product/images/small/left/0001111080703"
                    },
                    {
                        "size": "thumbnail",
                        "url": "https://www.kroger.com/product/images/thumbnail/left/0001111080703"
                    }
                ]
            },
            {
                "perspective": "front",
                "featured": true,
                "sizes": [
                    {
                        "size": "xlarge",
                        "url": "https://www.kroger.com/product/images/xlarge/front/0001111080703"
                    },
                    {
                        "size": "large",
                        "url": "https://www.kroger.com/product/images/large/front/0001111080703"
                    },
                    {
                        "size": "medium",
                        "url": "https://www.kroger.com/product/images/medium/front/0001111080703"
                    },
                    {
                        "size": "small",
                        "url": "https://www.kroger.com/product/images/small/front/0001111080703"
                    },
                    {
                        "size": "thumbnail",
                        "url": "https://www.kroger.com/product/images/thumbnail/front/0001111080703"
                    }
                ]
            },
            {
                "perspective": "right",
                "sizes": [
                    {
                        "size": "xlarge",
                        "url": "https://www.kroger.com/product/images/xlarge/right/0001111080703"
                    },
                    {
                        "size": "large",
                        "url": "https://www.kroger.com/product/images/large/right/0001111080703"
                    },
                    {
                        "size": "medium",
                        "url": "https://www.kroger.com/product/images/medium/right/0001111080703"
                    },
                    {
                        "size": "small",
                        "url": "https://www.kroger.com/product/images/small/right/0001111080703"
                    },
                    {
                        "size": "thumbnail",
                        "url": "https://www.kroger.com/product/images/thumbnail/right/0001111080703"
                    }
                ]
            }
        ],
        "items": [
            {
                "itemId": "0001111080703",
                "inventory": {
                    "stockLevel": "HIGH"
                },
                "favorite": false,
                "fulfillment": {
                    "curbside": true,
                    "delivery": true,
                    "inStore": true,
                    "shipToHome": false
                },
                "price": {
                    "regular": 4.79,
                    "promo": 0
                },
                "size": "4 ct / 15 oz",
                "soldBy": "UNIT"
            }
        ],
        "itemInformation": {},
        "temperature": {
            "indicator": "Ambient",
            "heatSensitive": false
        }
    },
    {
        "productId": "0003940001878",
        "upc": "0003940001878",
        "productPageURI": "/p/bush-s-best-organic-black-beans-15-oz/0003940001878?cid=dis.api.tpi_products-api_20240521_b:all_c:np_t:lookupproduct-243261",
        "aisleLocations": [],
        "brand": "Bush's Best",
        "categories": [
            "Natural & Organic",
            "Canned & Packaged"
        ],
        "countryOrigin": "UNITED STATES",
        "description": "Bush's Best Organic Black Beans, 15 OZ",
        "images": [
            {
                "perspective": "back",
                "sizes": [
                    {
                        "size": "xlarge",
                        "url": "https://www.kroger.com/product/images/xlarge/back/0003940001878"
                    },
                    {
                        "size": "large",
                        "url": "https://www.kroger.com/product/images/large/back/0003940001878"
                    },
                    {
                        "size": "medium",
                        "url": "https://www.kroger.com/product/images/medium/back/0003940001878"
                    },
                    {
                        "size": "small",
                        "url": "https://www.kroger.com/product/images/small/back/0003940001878"
                    },
                    {
                        "size": "thumbnail",
                        "url": "https://www.kroger.com/product/images/thumbnail/back/0003940001878"
                    }
                ]
            },
            {
                "perspective": "front",
                "featured": true,
                "sizes": [
                    {
                        "size": "xlarge",
                        "url": "https://www.kroger.com/product/images/xlarge/front/0003940001878"
                    },
                    {
                        "size": "large",
                        "url": "https://www.kroger.com/product/images/large/front/0003940001878"
                    },
                    {
                        "size": "medium",
                        "url": "https://www.kroger.com/product/images/medium/front/0003940001878"
                    },
                    {
                        "size": "small",
                        "url": "https://www.kroger.com/product/images/small/front/0003940001878"
                    },
                    {
                        "size": "thumbnail",
                        "url": "https://www.kroger.com/product/images/thumbnail/front/0003940001878"
                    }
                ]
            }
        ],
        "items": [
            {
                "itemId": "0003940001878",
                "inventory": {
                    "stockLevel": "HIGH"
                },
                "favorite": false,
                "fulfillment": {
                    "curbside": false,
                    "delivery": false,
                    "inStore": false,
                    "shipToHome": false
                },
                "size": "1"
            }
        ],
        "itemInformation": {},
        "temperature": {
            "indicator": "Ambient",
            "heatSensitive": false
        }
    }
]