[
    {
        "productId": "0044480046227",
        "upc": "0044480046227",
        "productPageURI": "/p/studio-3b-interaction-60-inch-x-30-inch-framed-embellished-wall-canvas/0044480046227?cid=dis.api.tpi_products-api_20240521_b:all_c:np_t:lookupproduct-243261",
        "aisleLocations": [],
        "categories": [
            "Home Decor"
        ],
        "description": "Studio 3B\u2122 Interaction 60-Inch x 30-Inch Framed Embellished Wall Canvas",
        "images": [
            {
                "perspective": "front",
                "featured": true,
                "sizes": [
                    {
                        "size": "xlarge",
                        "url": "https://www.kroger.com/product/images/xlarge/front/0044480046227"
                    },
                    {
                        "size": "large",
                        "url": "https://www.kroger.com/product/images/large/front/0044480046227"
                    },
                    {
                        "size": "medium",
                        "url": "https://www.kroger.com/product/images/medium/front/0044480046227"
                    },
                    {
                        "size": "small",
                        "url": "https://www.kroger.com/product/images/small/front/0044480046227"
                    },
                    {
                        "size": "thumbnail",
                        "url": "https://www.kroger.com/product/images/thumbnail/front/0044480046227"
                    }
                ]
            }
        ],
        "items": [
            {
                "itemId": "0044480046227",
                "favorite": false,
                "fulfillment": {
                    "curbside": false,
                    "delivery": false,
                    "inStore": false,
                    "shipToHome": false
                },
                "size": "30 x 60 in"
            }
        ],
        "itemInformation": {},
        "temperature": {
            "indicator": "Ambient",
            "heatSensitive": false
        }
    },
    {
        "productId": "0044480046226",
        "upc": "0044480046226",
        "productPageURI": "/p/wild-sage-vibrant-floral-20-inch-x-30-inch-framed-canvas-wall-art-set-of-2-/0044480046226?cid=dis.api.tpi_products-api_20240521_b:all_c:np_t:lookupproduct-243261",
        "aisleLocations": [],
        "categories": [
            "Home Decor"
        ],
        "description": "Wild Sage\u2122 Vibrant Floral 20-inch x 30-Inch Framed Canvas Wall Art (Set of 2)",
        "images": [
            {
                "perspective": "front",
                "featured": true,
                "sizes": [
                    {
                        "size": "xlarge",
                        "url": "https://www.kroger.com/product/images/xlarge/front/0044480046226"
                    },
                    {
                        "size": "large",
                        "url": "https://www.kroger.com/product/images/large/front/0044480046226"
                    },
                    {
                        "size": "medium",
                        "url": "https://www.kroger.com/product/images/medium/front/0044480046226"
                    },
                    {
                        "size": "small",
                        "url": "https://www.kroger.com/product/images/small/front/0044480046226"
                    },
                    {
                        "size": "thumbnail",
                        "url": "https://www.kroger.com/product/images/thumbnail/front/0044480046226"
                    }
                ]
            }
        ],
        "items": [
            {
                "itemId": "0044480046226",
                "favorite": false,
                "fulfillment": {
                    "curbside": false,
                    "delivery": false,
                    "inStore": false,
                    "shipToHome": false
                },
                "size": "set of 2"
            }
        ],
        "itemInformation": {},
        "temperature": {
            "indicator": "Ambient",
            "heatSensitive": false
        }
    },
    {
        "productId": "0084884901630",
        "upc": "0084884901630",
        "productPageURI": "/p/3-x-3-stretched-canvas-with-5-mini-black-wood-display-easel-kit-12-pack-tabletop-stand/0084884901630?cid=dis.api.tpi_products-api_20240521_b:all_c:np_t:lookupproduct-243261",
        "aisleLocations": [],
        "categories": [
            "Office, School, & Crafts"
        ],
        "description": "3  x 3  Stretched Canvas with 5  Mini Black Wood Display Easel Kit, 12 Pack - Tabletop Stand",
        "images": [
            {
                "perspective": "front",
                "featured": true,
                "sizes": [
                    {
                        "size": "xlarge",
                        "url": "https://www.kroger.com/product/images/xlarge/front/0084884901630"
                    },
                    {
                        "size": "large",
                        "url": "https://www.kroger.com/product/images/large/front/0084884901630"
                    },
                    {
                        "size": "medium",
                        "url": "https://www.kroger.com/product/images/medium/front/0084884901630"
                    },
                    {
                        "size": "small",
                        "url": "https://www.kroger.com/product/images/small/front/0084884901630"
                    },
                    {
                        "size": "thumbnail",
                        "url": "https://www.kroger.com/product/images/thumbnail/front/0084884901630"
                    }
                ]
            }
        ],
        "items": [
            {
                "itemId": "0084884901630",
                "favorite": false,
                "fulfillment": {
                    "curbside": false,
                    "delivery": false,
                    "inStore": false,
                    "shipToHome": false
                },
                "size": "1"
            }
        ],
        "itemInformation": {},
        "temperature": {
            "indicator": "Ambient",
            "heatSensitive": false
        }
    },
    {
        "productId": "0084884901631",
        "upc": "0084884901631",
        "productPageURI": "/p/3-x-4-stretched-canvas-with-5-mini-black-wood-display-easel-kit-12-pack-tabletop-stand/0084884901631?cid=dis.api.tpi_products-api_20240521_b:all_c:np_t:lookupproduct-243261",
        "aisleLocations": [],
        "categories": [
            "Office, School, & Crafts"
        ],
        "description": "3  x 4  Stretched Canvas with 5  Mini Black Wood Display Easel Kit, 12 Pack - Tabletop Stand",
        "images": [
            {
                "perspective": "front",
                "featured": true,
                "sizes": [
                    {
                        "size": "xlarge",
                        "url": "https://www.kroger.com/product/images/xlarge/front/0084884901631"
                    },
                    {
                        "size": "large",
                        "url": "https://www.kroger.com/product/images/large/front/0084884901631"
                    },
                    {
                        "size": "medium",
                        "url": "https://www.kroger.com/product/images/medium/front/0084884901631"
                    },
                    {
                        "size": "small",
                        "url": "https://www.kroger.com/product/images/small/front/0084884901631"
                    },
                    {
                        "size": "thumbnail",
                        "url": "https://www.kroger.com/product/images/thumbnail/front/0084884901631"
                    }
                ]
            }
        ],
        "items": [
            {
                "itemId": "0084884901631",
                "favorite": false,
                "fulfillment": {
                    "curbside": false,
                    "delivery": false,
                    "inStore": false,
                    "shipToHome": false
                },
                "size": "1"
            }
        ],
        "itemInformation": {},
        "temperature": {
            "indicator": "Ambient",
            "heatSensitive": false
        }
    },
    {
        "productId": "0044480046229",
        "upc": "0044480046229",
        "productPageURI": "/p/studio-3b-diagonal-60-inch-x-30-inch-framed-embellished-wall-canvas-in-sage-multi/0044480046229?cid=dis.api.tpi_products-api_20240521_b:all_c:np_t:lookupproduct-243261",
        "aisleLocations": [],
        "categories": [
            "Home Decor"
        ],
        "description": "Studio 3B\u2122 Diagonal 60-Inch x 30-Inch Framed Embellished Wall Canvas in Sage/Multi",
        "images": [
            {
                "perspective": "front",
                "featured": true,
                "sizes": [
                    {
                        "size": "xlarge",
                        "url": "https://www.kroger.com/product/images/xlarge/front/0044480046229"
                    },
                    {
                        "size": "large",
                        "url": "https://www.kroger.com/product/images/large/front/0044480046229"
                    },
                    {
                        "size": "medium",
                        "url": "https://www.kroger.com/product/images/medium/front/0044480046229"
                    },
                    {
                        "size": "small",
                        "url": "https://www.kroger.com/product/images/small/front/0044480046229"
                    },
                    {
                        "size": "thumbnail",
                        "url": "https://www.kroger.com/product/images/thumbnail/front/0044480046229"
                    }
                ]
            }
        ],
        "items": [
            {
                "itemId": "0044480046229",
                "favorite": false,
                "fulfillment": {
                    "curbside": false,
                    "delivery": false,
                    "inStore": false,
                    "shipToHome": false
                },
                "size": "30 x 60 in"
            }
        ],
        "itemInformation": {},
        "temperature": {
            "indicator": "Ambient",
            "heatSensitive": false
        }
    },
    {
        "productId": "0044480046228",
        "upc": "0044480046228",
        "productPageURI": "/p/wild-sage-vases-20-inch-x-30-inch-framed-canvas-wall-art-set-of-2-/0044480046228?cid=dis.api.tpi_products-api_20240521_b:all_c:np_t:lookupproduct-243261",
        "aisleLocations": [],
        "categories": [
            "Home Decor"
        ],
        "description": "Wild Sage\u2122 Vases 20-inch x 30-Inch Framed Canvas Wall Art (Set of 2)",
        "images": [
            {
                "perspective": "front",
                "featured": true,
                "sizes": [
                    {
                        "size": "xlarge",
                        "url": "https://www.kroger.com/product/images/xlarge/front/0044480046228"
                    },
                    {
                        "size": "large",
                        "url": "https://www.kroger.com/product/images/large/front/0044480046228"
                    },
                    {
                        "size": "medium",
                        "url": "https://www.kroger.com/product/images/medium/front/0044480046228"
                    },
                    {
                        "size": "small",
                        "url": "https://www.kroger.com/product/images/small/front/0044480046228"
                    },
                    {
                        "size": "thumbnail",
                        "url": "https://www.kroger.com/product/images/thumbnail/front/0044480046228"
                    }
                ]
            }
        ],
        "items": [
            {
                "itemId": "0044480046228",
                "favorite": false,
                "fulfillment": {
                    "curbside": false,
                    "delivery": false,
                    "inStore": false,
                    "shipToHome": false
                },
                "size": "set of 2"
            }
        ],
        "itemInformation": {},
        "temperature": {
            "indicator": "Ambient",
            "heatSensitive": false
        }
    },
    {
        "productId": "0084884902804",
        "upc": "0084884902804",
        "productPageURI": "/p/la-jolla-classic-64-to-89-lyre-style-studio-a-frame-easel-adjustable-height-to-48-canvas/0084884902804?cid=dis.api.tpi_products-api_20240521_b:all_c:np_t:lookupproduct-243261",
        "aisleLocations": [],
        "categories": [
            "Office, School, & Crafts"
        ],
        "description": "La Jolla Classic 64  to 89  Lyre Style Studio A-Frame Easel - Adjustable Height To 48  Canvas",
        "images": [
            {
                "perspective": "front",
                "featured": true,
                "sizes": [
                    {
                        "size": "xlarge",
                        "url": "https://www.kroger.com/product/images/xlarge/front/0084884902804"
                    },
                    {
                        "size": "large",
                        "url": "https://www.kroger.com/product/images/large/front/0084884902804"
                    },
                    {
                        "size": "medium",
                        "url": "https://www.kroger.com/product/images/medium/front/0084884902804"
                    },
                    {
                        "size": "small",
                        "url": "https://www.kroger.com/product/images/small/front/0084884902804"
                    },
                    {
                        "size": "thumbnail",
                        "url": "https://www.kroger.com/product/images/thumbnail/front/0084884902804"
                    }
                ]
            }
        ],
        "items": [
            {
                "itemId": "0084884902804",
                "favorite": false,
                "fulfillment": {
                    "curbside": false,
                    "delivery": false,
                    "inStore": false,
                    "shipToHome": false
                },
                "size": "1"
            }
        ],
        "itemInformation": {},
        "temperature": {
            "indicator": "Ambient",
            "heatSensitive": false
        }
    },
    {
        "productId": "0019129601688",
        "upc": "0019129601688",
        "productPageURI": "/p/northlight-led-lighted-jack-o-lanterns-in-a-cemetery-halloween-canvas-wall-art-23-5-x-15-5/0019129601688?cid=dis.api.tpi_products-api_20240521_b:all_c:np_t:lookupproduct-243261",
        "aisleLocations": [],
        "categories": [
            "Garden & Patio"
        ],
        "description": "Northlight LED Lighted Jack-O-Lanterns in a Cemetery Halloween Canvas Wall Art 23.5 x 15.5",
        "images": [
            {
                "perspective": "front",
                "featured": true,
                "sizes": [
                    {
                        "size": "xlarge",
                        "url": "https://www.kroger.com/product/images/xlarge/front/0019129601688"
                    },
                    {
                        "size": "large",
                        "url": "https://www.kroger.com/product/images/large/front/0019129601688"
                    },
                    {
                        "size": "medium",
                        "url": "https://www.kroger.com/product/images/medium/front/0019129601688"
                    },
                    {
                        "size": "small",
                        "url": "https://www.kroger.com/product/images/small/front/0019129601688"
                    },
                    {
                        "size": "thumbnail",
                        "url": "https://www.kroger.com/product/images/thumbnail/front/0019129601688"
                    }
                ]
            }
        ],
        "items": [
            {
                "itemId": "0019129601688",
                "favorite": false,
                "fulfillment": {
                    "curbside": false,
                    "delivery": false,
                    "inStore": false,
                    "shipToHome": false
                },
                "size": "1"
            }
        ],
        "itemInformation": {},
        "temperature": {
            "indicator": "Ambient",
            "heatSensitive": false
        }
    },
    {
        "productId": "0084884900248",
        "upc": "0084884900248",
        "productPageURI": "/p/8-x-8-stretched-canvas-with-10-5-tabletop-stand-a-frame-artist-easel-kit-pack-of-6-/0084884900248?cid=dis.api.tpi_products-api_20240521_b:all_c:np_t:lookupproduct-243261",
        "aisleLocations": [],
        "categories": [
            "Office, School, & Crafts"
        ],
        "description": "8  x 8  Stretched Canvas with 10.5  Tabletop Stand A-Frame Artist Easel Kit (Pack of 6)",
        "images": [
            {
                "perspective": "front",
                "featured": true,
                "sizes": [
                    {
                        "size": "xlarge",
                        "url": "https://www.kroger.com/product/images/xlarge/front/0084884900248"
                    },
                    {
                        "size": "large",
                        "url": "https://www.kroger.com/product/images/large/front/0084884900248"
                    },
                    {
                        "size": "medium",
                        "url": "https://www.kroger.com/product/images/medium/front/0084884900248"
                    },
                    {
                        "size": "small",
                        "url": "https://www.kroger.com/product/images/small/front/0084884900248"
                    },
                    {
                        "size": "thumbnail",
                        "url": "https://www.kroger.com/product/images/thumbnail/front/0084884900248"
                    }
                ]
            }
        ],
        "items": [
            {
                "itemId": "0084884900248",
                "favorite": false,
                "fulfillment": {
                    "curbside": false,
                    "delivery": false,
                    "inStore": false,
                    "shipToHome": false
                },
                "size": "1"
            }
        ],
        "itemInformation": {},
        "temperature": {
            "indicator": "Ambient",
            "heatSensitive": false
        }
    },
    {
        "productId": "0084884900247",
        "upc": "0084884900247",
        "productPageURI": "/p/4-x-6-stretched-canvas-with-8-mini-wood-display-easel-kit-12-pack-artist-tabletop-stand/0084884900247?cid=dis.api.tpi_products-api_20240521_b:all_c:np_t:lookupproduct-243261",
        "aisleLocations": [],
        "categories": [
            "Office, School, & Crafts"
        ],
        "description": "4  x 6  Stretched Canvas with 8  Mini Wood Display Easel Kit, 12 Pack - Artist Tabletop Stand",
        "images": [
            {
                "perspective": "front",
                "featured": true,
                "sizes": [
                    {
                        "size": "xlarge",
                        "url": "https://www.kroger.com/product/images/xlarge/front/0084884900247"
                    },
                    {
                        "size": "large",
                        "url": "https://www.kroger.com/product/images/large/front/0084884900247"
                    },
                    {
                        "size": "medium",
                        "url": "https://www.kroger.com/product/images/medium/front/0084884900247"
                    },
                    {
                        "size": "small",
                        "url": "https://www.kroger.com/product/images/small/front/0084884900247"
                    },
                    {
                        "size": "thumbnail",
                        "url": "https://www.kroger.com/product/images/thumbnail/front/0084884900247"
                    }
                ]
            }
        ],
        "items": [
            {
                "itemId": "0084884900247",
                "favorite": false,
                "fulfillment": {
                    "curbside": false,
                    "delivery": false,
                    "inStore": false,
                    "shipToHome": false
                },
                "size": "1"
            }
        ],
        "itemInformation": {},
        "temperature": {
            "indicator": "Ambient",
            "heatSensitive": false
        }
    },
    {
        "productId": "0084884902482",
        "upc": "0084884902482",
        "productPageURI": "/p/3-x-3-stretched-canvas-with-5-mini-wood-display-easel-kit-12-pack-artist-tabletop-stand/0084884902482?cid=dis.api.tpi_products-api_20240521_b:all_c:np_t:lookupproduct-243261",
        "aisleLocations": [],
        "categories": [
            "Office, School, & Crafts"
        ],
        "description": "3  x 3  Stretched Canvas with 5  Mini Wood Display Easel Kit, 12 Pack - Artist Tabletop Stand",
        "images": [
            {
                "perspective": "front",
                "featured": true,
                "sizes": [
                    {
                        "size": "xlarge",
                        "url": "https://www.kroger.com/product/images/xlarge/front/0084884902482"
                    },
                    {
                        "size": "large",
                        "url": "https://www.kroger.com/product/images/large/front/0084884902482"
                    },
                    {
                        "size": "medium",
                        "url": "https://www.kroger.com/product/images/medium/front/0084884902482"
                    },
                    {
                        "size": "small",
                        "url": "https://www.kroger.com/product/images/small/front/0084884902482"
                    },
                    {
                        "size": "thumbnail",
                        "url": "https://www.kroger.com/product/images/thumbnail/front/0084884902482"
                    }
                ]
            }
        ],
        "items": [
            {
                "itemId": "0084884902482",
                "favorite": false,
                "fulfillment": {
                    "curbside": false,
                    "delivery": false,
                    "inStore": false,
                    "shipToHome": false
                },
                "size": "1"
            }
        ],
        "itemInformation": {},
        "temperature": {
            "indicator": "Ambient",
            "heatSensitive": false
        }
    },
    {
        "productId": "0084884900246",
        "upc": "0084884900246",
        "productPageURI": "/p/5-x-5-stretched-canvas-with-8-mini-wood-display-easel-kit-12-pack-artist-tabletop-stand/0084884900246?cid=dis.api.tpi_products-api_20240521_b:all_c:np_t:lookupproduct-243261",
        "aisleLocations": [],
        "categories": [
            "Office, School, & Crafts"
        ],
        "description": "5  x 5  Stretched Canvas with 8  Mini Wood Display Easel Kit, 12 Pack - Artist Tabletop Stand",
        "images": [
            {
                "perspective": "front",
                "featured": true,
                "sizes": [
                    {
                        "size": "xlarge",
                        "url": "https://www.kroger.com/product/images/xlarge/front/0084884900246"
                    },
                    {
                        "size": "large",
                        "url": "https://www.kroger.com/product/images/large/front/0084884900246"
                    },
                    {
                        "size": "medium",
                        "url": "https://www.kroger.com/product/images/medium/front/0084884900246"
                    },
                    {
                        "size": "small",
                        "url": "https://www.kroger.com/product/images/small/front/0084884900246"
                    },
                    {
                        "size": "thumbnail",
                        "url": "https://www.kroger.com/product/images/thumbnail/front/0084884900246"
                    }
                ]
            }
        ],
        "items": [
            {
                "itemId": "0084884900246",
                "favorite": false,
                "fulfillment": {
                    "curbside": false,
                    "delivery": false,
                    "inStore": false,
                    "shipToHome": false
                },
                "size": "1"
            }
        ],
        "itemInformation": {},
        "temperature": {
            "indicator": "Ambient",
            "heatSensitive": false
        }
    },
    {
        "productId": "0044480046223",
        "upc": "0044480046223",
        "productPageURI": "/p/studio-3b-curves-60-inch-x-30-inch-framed-embellished-wall-canvas/0044480046223?cid=dis.api.tpi_products-api_20240521_b:all_c:np_t:lookupproduct-243261",
        "aisleLocations": [],
        "categories": [
            "Home Decor"
        ],
        "description": "Studio 3B\u2122 Curves 60-Inch x 30-Inch Framed Embellished Wall Canvas",
        "images": [
            {
                "perspective": "front",
                "featured": true,
                "sizes": [
                    {
                        "size": "xlarge",
                        "url": "https://www.kroger.com/product/images/xlarge/front/0044480046223"
                    },
                    {
                        "size": "large",
                        "url": "https://www.kroger.com/product/images/large/front/0044480046223"
                    },
                    {
                        "size": "medium",
                        "url": "https://www.kroger.com/product/images/medium/front/0044480046223"
                    },
                    {
                        "size": "small",
                        "url": "https://www.kroger.com/product/images/small/front/0044480046223"
                    },
                    {
                        "size": "thumbnail",
                        "url": "https://www.kroger.com/product/images/thumbnail/front/0044480046223"
                    }
                ]
            }
        ],
        "items": [
            {
                "itemId": "0044480046223",
                "favorite": false,
                "fulfillment": {
                    "curbside": false,
                    "delivery": false,
                    "inStore": false,
                    "shipToHome": false
                },
                "size": "30 x 60 in"
            }
        ],
        "itemInformation": {},
        "temperature": {
            "indicator": "Ambient",
            "heatSensitive": false
        }
    },
    {
        "productId": "0007630873118",
        "upc": "0007630873118",
        "productPageURI": "/p/command-jumbo-canvas-picture-hanger-white/0007630873118?cid=dis.api.tpi_products-api_20240521_b:all_c:np_t:lookupproduct-243261",
        "aisleLocations": [],
        "brand": "Command\u2122",
        "categories": [
            "Health"
        ],
        "countryOrigin": "MEXICO",
        "description": "Command\u2122 Jumbo Canvas Picture Hanger - White",
        "images": [
            {
                "perspective": "front",
                "featured": true,
                "sizes": [
                    {
                        "size": "large",
                        "url": "https://www.kroger.com/product/images/large/front/0007630873118"
                    },
                    {
                        "size": "medium",
                        "url": "https://www.kroger.com/product/images/medium/front/0007630873118"
                    },
                    {
                        "size": "small",
                        "url": "https://www.kroger.com/product/images/small/front/0007630873118"
                    },
                    {
                        "size": "thumbnail",
                        "url": "https://www.kroger.com/product/images/thumbnail/front/0007630873118"
                    }
                ]
            }
        ],
        "items": [
            {
                "itemId": "0007630873118",
                "favorite": false,
                "fulfillment": {
                    "curbside": false,
                    "delivery": false,
                    "inStore": false,
                    "shipToHome": false
                },
                "size": "1 ct"
            }
        ],
        "itemInformation": {},
        "temperature": {
            "indicator": "Ambient",
            "heatSensitive": false
        }
    },
    {
        "productId": "0081970301317",
        "upc": "0081970301317",
        "productPageURI": "/p/earthwise-canvas-bag-natural/0081970301317?cid=dis.api.tpi_products-api_20240521_b:all_c:np_t:lookupproduct-243261",
        "aisleLocations": [
            {
                "bayNumber": "3",
                "description": "CHECKLANE AUTHORIZATION ONLY",
                "number": "300",
                "numberOfFacings": "1",
                "side": "R",
                "shelfNumber": "2",
                "shelfPositionInBay": "2"
            },
            {
                "bayNumber": "9",
                "description": "CHECKLANE AUTHORIZATION ONLY",
                "number": "300",
                "numberOfFacings": "1",
                "side": "R",
                "shelfNumber": "1",
                "shelfPositionInBay": "3"
            },
            {
                "bayNumber": "999",
                "description": "FRONT-OTHER",
                "number": "150",
                "numberOfFacings": "1",
                "side": "R",
                "shelfNumber": "1",
                "shelfPositionInBay": "2"
            }
        ],
        "brand": "Earthwise",
        "categories": [
            "Kitchen"
        ],
        "description": "Earthwise Canvas Bag - Natural",
        "images": [
            {
                "perspective": "front",
                "featured": true,
                "sizes": [
                    {
                        "size": "xlarge",
                        "url": "https://www.kroger.com/product/images/xlarge/front/0081970301317"
                    },
                    {
                        "size": "large",
                        "url": "https://www.kroger.com/product/images/large/front/0081970301317"
                    },
                    {
                        "size": "medium",
                        "url": "https://www.kroger.com/product/images/medium/front/0081970301317"
                    },
                    {
                        "size": "small",
                        "url": "https://www.kroger.com/product/images/small/front/0081970301317"
                    },
                    {
                        "size": "thumbnail",
                        "url": "https://www.kroger.com/product/images/thumbnail/front/0081970301317"
                    }
                ]
            }
        ],
        "items": [
            {
                "itemId": "0081970301317",
                "favorite": false,
                "fulfillment": {
                    "curbside": false,
                    "delivery": false,
                    "inStore": false,
                    "shipToHome": false
                },
                "price": {
                    "regular": 4.99,
                    "promo": 0
                },
                "size": "1 ct",
                "soldBy": "UNIT"
            }
        ],
        "itemInformation": {
            "depth": "0.38",
            "height": "17.5",
            "width": "17.5"
        },
        "temperature": {
            "indicator": "Ambient",
            "heatSensitive": false
        }
    },
    {
        "productId": "0044480046215",
        "upc": "0044480046215",
        "productPageURI": "/p/marmalade-elephant-giraffe-20-inch-x-30-inch-framed-canvas-art-set-of-2-/0044480046215?cid=dis.api.tpi_products-api_20240521_b:all_c:np_t:lookupproduct-243261",
        "aisleLocations": [],
        "categories": [
            "Home Decor"
        ],
        "description": "Marmalade\u2122 Elephant & Giraffe 20-Inch x 30-Inch Framed Canvas Art (Set of 2)",
        "images": [
            {
                "perspective": "front",
                "featured": true,
                "sizes": [
                    {
                        "size": "xlarge",
                        "url": "https://www.kroger.com/product/images/xlarge/front/0044480046215"
                    },
                    {
                        "size": "large",
                        "url": "https://www.kroger.com/product/images/large/front/0044480046215"
                    },
                    {
                        "size": "medium",
                        "url": "https://www.kroger.com/product/images/medium/front/0044480046215"
                    },
                    {
                        "size": "small",
                        "url": "https://www.kroger.com/product/images/small/front/0044480046215"
                    },
                    {
                        "size": "thumbnail",
                        "url": "https://www.kroger.com/product/images/thumbnail/front/0044480046215"
                    }
                ]
            }
        ],
        "items": [
            {
                "itemId": "0044480046215",
                "favorite": false,
                "fulfillment": {
                    "curbside": false,
                    "delivery": false,
                    "inStore": false,
                    "shipToHome": false
                },
                "size": "set of 2"
            }
        ],
        "itemInformation": {},
        "temperature": {
            "indicator": "Ambient",
            "heatSensitive": false
        }
    },
    {
        "productId": "0044480046217",
        "upc": "0044480046217",
        "productPageURI": "/p/marmalade-sloth-fox-20-inch-x-30-inch-framed-canvas-art-set-of-2-/0044480046217?cid=dis.api.tpi_products-api_20240521_b:all_c:np_t:lookupproduct-243261",
        "aisleLocations": [],
        "categories": [
            "Home Decor"
        ],
        "description": "Marmalade\u2122 Sloth & Fox 20-Inch x 30-Inch Framed Canvas Art (Set of 2)",
        "images": [
            {
                "perspective": "front",
                "featured": true,
                "sizes": [
                    {
                        "size": "xlarge",
                        "url": "https://www.kroger.com/product/images/xlarge/front/0044480046217"
                    },
                    {
                        "size": "large",
                        "url": "https://www.kroger.com/product/images/large/front/0044480046217"
                    },
                    {
                        "size": "medium",
                        "url": "https://www.kroger.com/product/images/medium/front/0044480046217"
                    },
                    {
                        "size": "small",
                        "url": "https://www.kroger.com/product/images/small/front/0044480046217"
                    },
                    {
                        "size": "thumbnail",
                        "url": "https://www.kroger.com/product/images/thumbnail/front/0044480046217"
                    }
                ]
            }
        ],
        "items": [
            {
                "itemId": "0044480046217",
                "favorite": false,
                "fulfillment": {
                    "curbside": false,
                    "delivery": false,
                    "inStore": false,
                    "shipToHome": false
                },
                "size": "set of 2"
            }
        ],
        "itemInformation": {},
        "temperature": {
            "indicator": "Ambient",
            "heatSensitive": false
        }
    },
    {
        "productId": "0084884901447",
        "upc": "0084884901447",
        "productPageURI": "/p/3-x-3-stretched-black-canvas-with-5-mini-black-wood-display-easel-kit-12-pack/0084884901447?cid=dis.api.tpi_products-api_20240521_b:all_c:np_t:lookupproduct-243261",
        "aisleLocations": [],
        "categories": [
            "Office, School, & Crafts"
        ],
        "description": "3  x 3  Stretched Black Canvas with 5  Mini Black Wood Display Easel Kit, 12 Pack",
        "images": [
            {
                "perspective": "front",
                "featured": true,
                "sizes": [
                    {
                        "size": "xlarge",
                        "url": "https://www.kroger.com/product/images/xlarge/front/0084884901447"
                    },
                    {
                        "size": "large",
                        "url": "https://www.kroger.com/product/images/large/front/0084884901447"
                    },
                    {
                        "size": "medium",
                        "url": "https://www.kroger.com/product/images/medium/front/0084884901447"
                    },
                    {
                        "size": "small",
                        "url": "https://www.kroger.com/product/images/small/front/0084884901447"
                    },
                    {
                        "size": "thumbnail",
                        "url": "https://www.kroger.com/product/images/thumbnail/front/0084884901447"
                    }
                ]
            }
        ],
        "items": [
            {
                "itemId": "0084884901447",
                "favorite": false,
                "fulfillment": {
                    "curbside": false,
                    "delivery": false,
                    "inStore": false,
                    "shipToHome": false
                },
                "size": "1"
            }
        ],
        "itemInformation": {},
        "temperature": {
            "indicator": "Ambient",
            "heatSensitive": false
        }
    },
    {
        "productId": "0070533208625",
        "upc": "0070533208625",
        "productPageURI": "/p/carolines-treasures-8139chf-crab-flag-canvas-house-size/0070533208625?cid=dis.api.tpi_products-api_20240521_b:all_c:np_t:lookupproduct-243261",
        "aisleLocations": [],
        "brand": "19 Crimes Wine",
        "categories": [
            "Garden & Patio"
        ],
        "description": "Carolines Treasures 8139CHF Crab Flag Canvas House Size",
        "images": [
            {
                "perspective": "front",
                "featured": true,
                "sizes": [
                    {
                        "size": "xlarge",
                        "url": "https://www.kroger.com/product/images/xlarge/front/0070533208625"
                    },
                    {
                        "size": "large",
                        "url": "https://www.kroger.com/product/images/large/front/0070533208625"
                    },
                    {
                        "size": "medium",
                        "url": "https://www.kroger.com/product/images/medium/front/0070533208625"
                    },
                    {
                        "size": "small",
                        "url": "https://www.kroger.com/product/images/small/front/0070533208625"
                    },
                    {
                        "size": "thumbnail",
                        "url": "https://www.kroger.com/product/images/thumbnail/front/0070533208625"
                    }
                ]
            }
        ],
        "items": [
            {
                "itemId": "0070533208625",
                "favorite": false,
                "fulfillment": {
                    "curbside": false,
                    "delivery": false,
                    "inStore": false,
                    "shipToHome": false
                },
                "size": "house size"
            }
        ],
        "itemInformation": {},
        "temperature": {
            "indicator": "Ambient",
            "heatSensitive": false
        }
    },
    {
        "productId": "0084884901625",
        "upc": "0084884901625",
        "productPageURI": "/p/2-x-2-stretched-canvas-with-5-mini-wood-display-easel-kit-12-pack-artist-tabletop-stand/0084884901625?cid=dis.api.tpi_products-api_20240521_b:all_c:np_t:lookupproduct-243261",
        "aisleLocations": [],
        "categories": [
            "Office, School, & Crafts"
        ],
        "description": "2  x 2  Stretched Canvas with 5  Mini Wood Display Easel Kit, 12 Pack - Artist Tabletop Stand",
        "images": [
            {
                "perspective": "front",
                "featured": true,
                "sizes": [
                    {
                        "size": "xlarge",
                        "url": "https://www.kroger.com/product/images/xlarge/front/0084884901625"
                    },
                    {
                        "size": "large",
                        "url": "https://www.kroger.com/product/images/large/front/0084884901625"
                    },
                    {
                        "size": "medium",
                        "url": "https://www.kroger.com/product/images/medium/front/0084884901625"
                    },
                    {
                        "size": "small",
                        "url": "https://www.kroger.com/product/images/small/front/0084884901625"
                    },
                    {
                        "size": "thumbnail",
                        "url": "https://www.kroger.com/product/images/thumbnail/front/0084884901625"
                    }
                ]
            }
        ],
        "items": [
            {
                "itemId": "0084884901625",
                "favorite": false,
                "fulfillment": {
                    "curbside": false,
                    "delivery": false,
                    "inStore": false,
                    "shipToHome": false
                },
                "size": "1"
            }
        ],
        "itemInformation": {},
        "temperature": {
            "indicator": "Ambient",
            "heatSensitive": false
        }
    },
    {
        "productId": "0019129690580",
        "upc": "0019129690580",
        "productPageURI": "/p/northlight-lighted-santa-with-christmas-tree-canvas-wall-art-11-75-x-15-75/0019129690580?cid=dis.api.tpi_products-api_20240521_b:all_c:np_t:lookupproduct-243261",
        "aisleLocations": [],
        "categories": [
            "Garden & Patio"
        ],
        "description": "Northlight Lighted Santa with Christmas Tree Canvas Wall Art 11.75 x 15.75",
        "images": [
            {
                "perspective": "front",
                "featured": true,
                "sizes": [
                    {
                        "size": "xlarge",
                        "url": "https://www.kroger.com/product/images/xlarge/front/0019129690580"
                    },
                    {
                        "size": "large",
                        "url": "https://www.kroger.com/product/images/large/front/0019129690580"
                    },
                    {
                        "size": "medium",
                        "url": "https://www.kroger.com/product/images/medium/front/0019129690580"
                    },
                    {
                        "size": "small",
                        "url": "https://www.kroger.com/product/images/small/front/0019129690580"
                    },
                    {
                        "size": "thumbnail",
                        "url": "https://www.kroger.com/product/images/thumbnail/front/0019129690580"
                    }
                ]
            }
        ],
        "items": [
            {
                "itemId": "0019129690580",
                "favorite": false,
                "fulfillment": {
                    "curbside": false,
                    "delivery": false,
                    "inStore": false,
                    "shipToHome": false
                },
                "size": "1"
            }
        ],
        "itemInformation": {},
        "temperature": {
            "indicator": "Ambient",
            "heatSensitive": false
        }
    },
    {
        "productId": "0084884901626",
        "upc": "0084884901626",
        "productPageURI": "/p/2-x-3-stretched-canvas-with-5-mini-wood-display-easel-kit-12-pack-artist-tabletop-stand/0084884901626?cid=dis.api.tpi_products-api_20240521_b:all_c:np_t:lookupproduct-243261",
        "aisleLocations": [],
        "categories": [
            "Office, School, & Crafts"
        ],
        "description": "2  x 3  Stretched Canvas with 5  Mini Wood Display Easel Kit, 12 Pack - Artist Tabletop Stand",
        "images": [
            {
                "perspective": "front",
                "featured": true,
                "sizes": [
                    {
                        "size": "xlarge",
                        "url": "https://www.kroger.com/product/images/xlarge/front/0084884901626"
                    },
                    {
                        "size": "large",
                        "url": "https://www.kroger.com/product/images/large/front/0084884901626"
                    },
                    {
                        "size": "medium",
                        "url": "https://www.kroger.com/product/images/medium/front/0084884901626"
                    },
                    {
                        "size": "small",
                        "url": "https://www.kroger.com/product/images/small/front/0084884901626"
                    },
                    {
                        "size": "thumbnail",
                        "url": "https://www.kroger.com/product/images/thumbnail/front/0084884901626"
                    }
                ]
            }
        ],
        "items": [
            {
                "itemId": "0084884901626",
                "favorite": false,
                "fulfillment": {
                    "curbside": false,
                    "delivery": false,
                    "inStore": false,
                    "shipToHome": false
                },
                "size": "1"
            }
        ],
        "itemInformation": {},
        "temperature": {
            "indicator": "Ambient",
            "heatSensitive": false
        }
    },
    {
        "productId": "0007166299343",
        "upc": "0007166299343",
        "productPageURI": "/p/crayola-marker-and-watercolor-pad-1-count/0007166299343?cid=dis.api.tpi_products-api_20240521_b:all_c:np_t:lookupproduct-243261",
        "aisleLocations": [
            {
                "description": "DRUG/GM",
                "number": "0"
            }
        ],
        "brand": "Crayola",
        "categories": [
            "Office, School, & Crafts"
        ],
        "description": "Crayola Marker and Watercolor Pad - 1 Count",
        "images": [
            {
                "perspective": "front",
                "featured": true,
                "sizes": [
                    {
                        "size": "large",
                        "url": "https://www.kroger.com/product/images/large/front/0007166299343"
                    },
                    {
                        "size": "medium",
                        "url": "https://www.kroger.com/product/images/medium/front/0007166299343"
                    },
                    {
                        "size": "small",
                        "url": "https://www.kroger.com/product/images/small/front/0007166299343"
                    },
                    {
                        "size": "thumbnail",
                        "url": "https://www.kroger.com/product/images/thumbnail/front/0007166299343"
                    }
                ]
            }
        ],
        "items": [
            {
                "itemId": "0007166299343",
                "favorite": false,
                "fulfillment": {
                    "curbside": true,
                    "delivery": true,
                    "inStore": true,
                    "shipToHome": false
                },
                "price": {
                    "regular": 2.29,
                    "promo": 0
                },
                "size": "1  count",
                "soldBy": "UNIT"
            }
        ],
        "itemInformation": {},
        "temperature": {
            "indicator": "Ambient",
            "heatSensitive": false
        }
    },
    {
        "productId": "0084884901628",
        "upc": "0084884901628",
        "productPageURI": "/p/2-x-2-stretched-canvas-with-5-mini-black-wood-display-easel-kit-12-pack-tabletop-stand/0084884901628?cid=dis.api.tpi_products-api_20240521_b:all_c:np_t:lookupproduct-243261",
        "aisleLocations": [],
        "categories": [
            "Office, School, & Crafts"
        ],
        "description": "2  x 2  Stretched Canvas with 5  Mini Black Wood Display Easel Kit, 12 Pack - Tabletop Stand",
        "images": [
            {
                "perspective": "front",
                "featured": true,
                "sizes": [
                    {
                        "size": "xlarge",
                        "url": "https://www.kroger.com/product/images/xlarge/front/0084884901628"
                    },
                    {
                        "size": "large",
                        "url": "https://www.kroger.com/product/images/large/front/0084884901628"
                    },
                    {
                        "size": "medium",
                        "url": "https://www.kroger.com/product/images/medium/front/0084884901628"
                    },
                    {
                        "size": "small",
                        "url": "https://www.kroger.com/product/images/small/front/0084884901628"
                    },
                    {
                        "size": "thumbnail",
                        "url": "https://www.kroger.com/product/images/thumbnail/front/0084884901628"
                    }
                ]
            }
        ],
        "items": [
            {
                "itemId": "0084884901628",
                "favorite": false,
                "fulfillment": {
                    "curbside": false,
                    "delivery": false,
                    "inStore": false,
                    "shipToHome": false
                },
                "size": "1"
            }
        ],
        "itemInformation": {},
        "temperature": {
            "indicator": "Ambient",
            "heatSensitive": false
        }
    },
    {
        "productId": "0006418029277",
        "upc": "0006418029277",
        "productPageURI": "/p/now-designs-canvas-tote-bag-for-daily-essentials-18x15-inch-avocados/0006418029277?cid=dis.api.tpi_products-api_20240521_b:all_c:np_t:lookupproduct-243261",
        "aisleLocations": [],
        "categories": [
            "Cleaning Products"
        ],
        "description": "Now Designs Canvas Tote Bag for Daily Essentials 18x15 inch Avocados",
        "images": [
            {
                "perspective": "front",
                "featured": true,
                "sizes": [
                    {
                        "size": "xlarge",
                        "url": "https://www.kroger.com/product/images/xlarge/front/0006418029277"
                    },
                    {
                        "size": "large",
                        "url": "https://www.kroger.com/product/images/large/front/0006418029277"
                    },
                    {
                        "size": "medium",
                        "url": "https://www.kroger.com/product/images/medium/front/0006418029277"
                    },
                    {
                        "size": "small",
                        "url": "https://www.kroger.com/product/images/small/front/0006418029277"
                    },
                    {
                        "size": "thumbnail",
                        "url": "https://www.kroger.com/product/images/thumbnail/front/0006418029277"
                    }
                ]
            }
        ],
        "items": [
            {
                "itemId": "0006418029277",
                "favorite": false,
                "fulfillment": {
                    "curbside": false,
                    "delivery": false,
                    "inStore": false,
                    "shipToHome": false
                },
                "size": "1"
            }
        ],
        "itemInformation": {},
        "temperature": {
            "indicator": "Ambient",
            "heatSensitive": false
        }
    },
    {
        "productId": "0044480046230",
        "upc": "0044480046230",
        "productPageURI": "/p/wild-sage-birds-20-inch-x-30-inch-framed-canvas-wall-art-set-of-2-/0044480046230?cid=dis.api.tpi_products-api_20240521_b:all_c:np_t:lookupproduct-243261",
        "aisleLocations": [],
        "categories": [
            "Home Decor"
        ],
        "description": "Wild Sage\u2122 Birds 20-inch x 30-Inch Framed Canvas Wall Art (Set of 2)",
        "images": [
            {
                "perspective": "front",
                "featured": true,
                "sizes": [
                    {
                        "size": "xlarge",
                        "url": "https://www.kroger.com/product/images/xlarge/front/0044480046230"
                    },
                    {
                        "size": "large",
                        "url": "https://www.kroger.com/product/images/large/front/0044480046230"
                    },
                    {
                        "size": "medium",
                        "url": "https://www.kroger.com/product/images/medium/front/0044480046230"
                    },
                    {
                        "size": "small",
                        "url": "https://www.kroger.com/product/images/small/front/0044480046230"
                    },
                    {
                        "size": "thumbnail",
                        "url": "https://www.kroger.com/product/images/thumbnail/front/0044480046230"
                    }
                ]
            }
        ],
        "items": [
            {
                "itemId": "0044480046230",
                "favorite": false,
                "fulfillment": {
                    "curbside": false,
                    "delivery": false,
                    "inStore": false,
                    "shipToHome": false
                },
                "size": "set of 2"
            }
        ],
        "itemInformation": {},
        "temperature": {
            "indicator": "Ambient",
            "heatSensitive": false
        }
    },
    {
        "productId": "0044480046231",
        "upc": "0044480046231",
        "productPageURI": "/p/studio-3b-diagonal-60-inch-x-30-inch-framed-embellished-wall-canvas-in-blue-multi/0044480046231?cid=dis.api.tpi_products-api_20240521_b:all_c:np_t:lookupproduct-243261",
        "aisleLocations": [],
        "categories": [
            "Home Decor"
        ],
        "description": "Studio 3B\u2122 Diagonal 60-Inch x 30-Inch Framed Embellished Wall Canvas in Blue/Multi",
        "images": [
            {
                "perspective": "front",
                "featured": true,
                "sizes": [
                    {
                        "size": "xlarge",
                        "url": "https://www.kroger.com/product/images/xlarge/front/0044480046231"
                    },
                    {
                        "size": "large",
                        "url": "https://www.kroger.com/product/images/large/front/0044480046231"
                    },
                    {
                        "size": "medium",
                        "url": "https://www.kroger.com/product/images/medium/front/0044480046231"
                    },
                    {
                        "size": "small",
                        "url": "https://www.kroger.com/product/images/small/front/0044480046231"
                    },
                    {
                        "size": "thumbnail",
                        "url": "https://www.kroger.com/product/images/thumbnail/front/0044480046231"
                    }
                ]
            }
        ],
        "items": [
            {
                "itemId": "0044480046231",
                "favorite": false,
                "fulfillment": {
                    "curbside": false,
                    "delivery": false,
                    "inStore": false,
                    "shipToHome": false
                },
                "size": "30 x 60 in"
            }
        ],
        "itemInformation": {},
        "temperature": {
            "indicator": "Ambient",
            "heatSensitive": false
        }
    },
    {
        "productId": "0044480046234",
        "upc": "0044480046234",
        "productPageURI": "/p/wild-sage-potted-floral-20-inch-x-30-inch-framed-canvas-wall-art-set-of-2-/0044480046234?cid=dis.api.tpi_products-api_20240521_b:all_c:np_t:lookupproduct-243261",
        "aisleLocations": [],
        "categories": [
            "Home Decor"
        ],
        "description": "Wild Sage\u2122 Potted Floral 20-inch x 30-Inch Framed Canvas Wall Art (Set of 2)",
        "images": [
            {
                "perspective": "front",
                "featured": true,
                "sizes": [
                    {
                        "size": "xlarge",
                        "url": "https://www.kroger.com/product/images/xlarge/front/0044480046234"
                    },
                    {
                        "size": "large",
                        "url": "https://www.kroger.com/product/images/large/front/0044480046234"
                    },
                    {
                        "size": "medium",
                        "url": "https://www.kroger.com/product/images/medium/front/0044480046234"
                    },
                    {
                        "size": "small",
                        "url": "https://www.kroger.com/product/images/small/front/0044480046234"
                    },
                    {
                        "size": "thumbnail",
                        "url": "https://www.kroger.com/product/images/thumbnail/front/0044480046234"
                    }
                ]
            }
        ],
        "items": [
            {
                "itemId": "0044480046234",
                "favorite": false,
                "fulfillment": {
                    "curbside": false,
                    "delivery": false,
                    "inStore": false,
                    "shipToHome": false
                },
                "size": "set of 2"
            }
        ],
        "itemInformation": {},
        "temperature": {
            "indicator": "Ambient",
            "heatSensitive": false
        }
    },
    {
        "productId": "0044480046233",
        "upc": "0044480046233",
        "productPageURI": "/p/studio-3b-dimension-60-inch-x-30-inch-framed-embellished-wall-canvas-in-yellow-multi/0044480046233?cid=dis.api.tpi_products-api_20240521_b:all_c:np_t:lookupproduct-243261",
        "aisleLocations": [],
        "categories": [
            "Home Decor"
        ],
        "description": "Studio 3B\u2122 Dimension 60-Inch x 30-Inch Framed Embellished Wall Canvas in Yellow/Multi",
        "images": [
            {
                "perspective": "front",
                "featured": true,
                "sizes": [
                    {
                        "size": "xlarge",
                        "url": "https://www.kroger.com/product/images/xlarge/front/0044480046233"
                    },
                    {
                        "size": "large",
                        "url": "https://www.kroger.com/product/images/large/front/0044480046233"
                    },
                    {
                        "size": "medium",
                        "url": "https://www.kroger.com/product/images/medium/front/0044480046233"
                    },
                    {
                        "size": "small",
                        "url": "https://www.kroger.com/product/images/small/front/0044480046233"
                    },
                    {
                        "size": "thumbnail",
                        "url": "https://www.kroger.com/product/images/thumbnail/front/0044480046233"
                    }
                ]
            }
        ],
        "items": [
            {
                "itemId": "0044480046233",
                "favorite": false,
                "fulfillment": {
                    "curbside": false,
                    "delivery": false,
                    "inStore": false,
                    "shipToHome": false
                },
                "size": "30 x 60 in"
            }
        ],
        "itemInformation": {},
        "temperature": {
            "indicator": "Ambient",
            "heatSensitive": false
        }
    },
    {
        "productId": "0006418024607",
        "upc": "0006418024607",
        "productPageURI": "/p/jubilee-canvas-tote-bag-for-daily-essentials-everyday-bag-18x15inch-sweet-ride/0006418024607?cid=dis.api.tpi_products-api_20240521_b:all_c:np_t:lookupproduct-243261",
        "aisleLocations": [],
        "categories": [
            "Cleaning Products"
        ],
        "description": "Jubilee Canvas Tote Bag for Daily Essentials Everyday Bag 18x15inch Sweet Ride",
        "images": [
            {
                "perspective": "front",
                "featured": true,
                "sizes": [
                    {
                        "size": "xlarge",
                        "url": "https://www.kroger.com/product/images/xlarge/front/0006418024607"
                    },
                    {
                        "size": "large",
                        "url": "https://www.kroger.com/product/images/large/front/0006418024607"
                    },
                    {
                        "size": "medium",
                        "url": "https://www.kroger.com/product/images/medium/front/0006418024607"
                    },
                    {
                        "size": "small",
                        "url": "https://www.kroger.com/product/images/small/front/0006418024607"
                    },
                    {
                        "size": "thumbnail",
                        "url": "https://www.kroger.com/product/images/thumbnail/front/0006418024607"
                    }
                ]
            }
        ],
        "items": [
            {
                "itemId": "0006418024607",
                "favorite": false,
                "fulfillment": {
                    "curbside": false,
                    "delivery": false,
                    "inStore": false,
                    "shipToHome": false
                },
                "size": "1"
            }
        ],
        "itemInformation": {},
        "temperature": {
            "indicator": "Ambient",
            "heatSensitive": false
        }
    }
]