[
    {
        "productId": "0004979660847",
        "upc": "0004979660847",
        "productPageURI": "/p/chicco-fit2-2-year-rear-facing-car-seat-base/0004979660847?cid=dis.api.tpi_products-api_20240521_b:all_c:np_t:lookupproduct-243261",
        "aisleLocations": [],
        "categories": [
            "Baby"
        ],
        "description": "Chicco\u00ae Fit2\u00ae 2-year Rear-Facing Car Seat Base",
        "images": [
            {
                "perspective": "front",
                "featured": true,
                "sizes": [
                    {
                        "size": "xlarge",
                        "url": "https://www.kroger.com/product/images/xlarge/front/0004979660847"
                    },
                    {
                        "size": "large",
                        "url": "https://www.kroger.com/product/images/large/front/0004979660847"
                    },
                    {
                        "size": "medium",
                        "url": "https://www.kroger.com/product/images/medium/front/0004979660847"
                    },
                    {
                        "size": "small",
                        "url": "https://www.kroger.com/product/images/small/front/0004979660847"
                    },
                    {
                        "size": "thumbnail",
                        "url": "https://www.kroger.com/product/images/thumbnail/front/0004979660847"
                    }
                ]
            }
        ],
        "items": [
            {
                "itemId": "0004979660847",
                "favorite": false,
                "fulfillment": {
                    "curbside": false,
                    "delivery": false,
                    "inStore": false,
                    "shipToHome": false
                },
                "size": "no size"
            }
        ],
        "itemInformation": {},
        "temperature": {
            "indicator": "Ambient",
            "heatSensitive": false
        }
    },
    {
        "productId": "0088796168750",
        "upc": "0088796168750",
        "productPageURI": "/p/fisher-price-slow-much-fun-stroller-sloth/0088796168750?cid=dis.api.tpi_products-api_20240521_b:all_c:np_t:lookupproduct-243261",
        "aisleLocations": [],
        "brand": "Fisher-Price\u00ae",
        "categories": [
            "Baby"
        ],
        "countryOrigin": "CHINA",
        "description": "Fisher-Price\u00ae Slow Much Fun Stroller Sloth",
        "images": [
            {
                "perspective": "front",
                "featured": true,
                "sizes": [
                    {
                        "size": "large",
                        "url": "https://www.kroger.com/product/images/large/front/0088796168750"
                    },
                    {
                        "size": "medium",
                        "url": "https://www.kroger.com/product/images/medium/front/0088796168750"
                    },
                    {
                        "size": "small",
                        "url": "https://www.kroger.com/product/images/small/front/0088796168750"
                    },
                    {
                        "size": "thumbnail",
                        "url": "https://www.kroger.com/product/images/thumbnail/front/0088796168750"
                    }
                ]
            },
            {
                "perspective": "back",
                "sizes": [
                    {
                        "size": "large",
                        "url": "https://www.kroger.com/product/images/large/back/0088796168750"
                    },
                    {
                        "size": "medium",
                        "url": "https://www.kroger.com/product/images/medium/back/0088796168750"
                    },
                    {
                        "size": "small",
                        "url": "https://www.kroger.com/product/images/small/back/0088796168750"
                    },
                    {
                        "size": "thumbnail",
                        "url": "https://www.kroger.com/product/images/thumbnail/back/0088796168750"
                    }
                ]
            },
            {
                "perspective": "bottom",
                "sizes": [
                    {
                        "size": "large",
                        "url": "https://www.kroger.com/product/images/large/bottom/0088796168750"
                    },
                    {
                        "size": "medium",
                        "url": "https://www.kroger.com/product/images/medium/bottom/0088796168750"
                    },
                    {
                        "size": "small",
                        "url": "https://www.kroger.com/product/images/small/bottom/0088796168750"
                    },
                    {
                        "size": "thumbnail",
                        "url": "https://www.kroger.com/product/images/thumbnail/bottom/0088796168750"
                    }
                ]
            },
            {
                "perspective": "left",
                "sizes": [
                    {
                        "size": "large",
                        "url": "https://www.kroger.com/product/images/large/left/0088796168750"
                    },
                    {
                        "size": "medium",
                        "url": "https://www.kroger.com/product/images/medium/left/0088796168750"
                    },
                    {
                        "size": "small",
                        "url": "https://www.kroger.com/product/images/small/left/0088796168750"
                    },
                    {
                        "size": "thumbnail",
                        "url": "https://www.kroger.com/product/images/thumbnail/left/0088796168750"
                    }
                ]
            },
            {
                "perspective": "top",
                "sizes": [
                    {
                        "size": "large",
                        "url": "https://www.kroger.com/product/images/large/top/0088796168750"
                    },
                    {
                        "size": "medium",
                        "url": "https://www.kroger.com/product/images/medium/top/0088796168750"
                    },
                    {
                        "size": "small",
                        "url": "https://www.kroger.com/product/images/small/top/0088796168750"
                    },
                    {
                        "size": "thumbnail",
                        "url": "https://www.kroger.com/product/images/thumbnail/top/0088796168750"
                    }
                ]
            }
        ],
        "items": [
            {
                "itemId": "0088796168750",
                "favorite": false,
                "fulfillment": {
                    "curbside": false,
                    "delivery": false,
                    "inStore": false,
                    "shipToHome": false
                },
                "size": "1 ct"
            }
        ],
        "itemInformation": {},
        "temperature": {
            "indicator": "Ambient",
            "heatSensitive": false
        }
    },
    {
        "productId": "0003288420082",
        "upc": "0003288420082",
        "productPageURI": "/p/evenflo-everyfit-4-in-1-convertible-car-seat-in-olympus/0003288420082?cid=dis.api.tpi_products-api_20240521_b:all_c:np_t:lookupproduct-243261",
        "aisleLocations": [],
        "categories": [
            "Baby"
        ],
        "description": "Evenflo\ufffd EveryFit? 4-in-1 Convertible Car Seat in Olympus",
        "images": [
            {
                "perspective": "front",
                "featured": true,
                "sizes": [
                    {
                        "size": "xlarge",
                        "url": "https://www.kroger.com/product/images/xlarge/front/0003288420082"
                    },
                    {
                        "size": "large",
                        "url": "https://www.kroger.com/product/images/large/front/0003288420082"
                    },
                    {
                        "size": "medium",
                        "url": "https://www.kroger.com/product/images/medium/front/0003288420082"
                    },
                    {
                        "size": "small",
                        "url": "https://www.kroger.com/product/images/small/front/0003288420082"
                    },
                    {
                        "size": "thumbnail",
                        "url": "https://www.kroger.com/product/images/thumbnail/front/0003288420082"
                    }
                ]
            }
        ],
        "items": [
            {
                "itemId": "0003288420082",
                "favorite": false,
                "fulfillment": {
                    "curbside": false,
                    "delivery": false,
                    "inStore": false,
                    "shipToHome": false
                },
                "size": "1"
            }
        ],
        "itemInformation": {},
        "temperature": {
            "indicator": "Ambient",
            "heatSensitive": false
        }
    },
    {
        "productId": "0088796133228",
        "upc": "0088796133228",
        "productPageURI": "/p/fisher-price-on-the-go-baby-dome/0088796133228?cid=dis.api.tpi_products-api_20240521_b:all_c:np_t:lookupproduct-243261",
        "aisleLocations": [],
        "brand": "Fisher-Price\u00ae",
        "categories": [
            "Baby"
        ],
        "description": "Fisher-Price On-the-Go Baby Dome",
        "images": [
            {
                "perspective": "front",
                "featured": true,
                "sizes": [
                    {
                        "size": "xlarge",
                        "url": "https://www.kroger.com/product/images/xlarge/front/0088796133228"
                    },
                    {
                        "size": "large",
                        "url": "https://www.kroger.com/product/images/large/front/0088796133228"
                    },
                    {
                        "size": "medium",
                        "url": "https://www.kroger.com/product/images/medium/front/0088796133228"
                    },
                    {
                        "size": "small",
                        "url": "https://www.kroger.com/product/images/small/front/0088796133228"
                    },
                    {
                        "size": "thumbnail",
                        "url": "https://www.kroger.com/product/images/thumbnail/front/0088796133228"
                    }
                ]
            }
        ],
        "items": [
            {
                "itemId": "0088796133228",
                "favorite": false,
                "fulfillment": {
                    "curbside": false,
                    "delivery": false,
                    "inStore": false,
                    "shipToHome": false
                },
                "size": "one size"
            }
        ],
        "itemInformation": {},
        "temperature": {
            "indicator": "Ambient",
            "heatSensitive": false
        }
    },
    {
        "productId": "0019380219262",
        "upc": "0019380219262",
        "productPageURI": "/p/babytrend-ally-35-newborn-baby-infant-car-seat-travel-system-with-cover-2-pack-/0019380219262?cid=dis.api.tpi_products-api_20240521_b:all_c:np_t:lookupproduct-243261",
        "aisleLocations": [],
        "categories": [
            "Baby"
        ],
        "description": "BabyTrend Ally 35 Newborn Baby Infant Car Seat Travel System with Cover (2 Pack)",
        "images": [
            {
                "perspective": "front",
                "featured": true,
                "sizes": [
                    {
                        "size": "xlarge",
                        "url": "https://www.kroger.com/product/images/xlarge/front/0019380219262"
                    },
                    {
                        "size": "large",
                        "url": "https://www.kroger.com/product/images/large/front/0019380219262"
                    },
                    {
                        "size": "medium",
                        "url": "https://www.kroger.com/product/images/medium/front/0019380219262"
                    },
                    {
                        "size": "small",
                        "url": "https://www.kroger.com/product/images/small/front/0019380219262"
                    },
                    {
                        "size": "thumbnail",
                        "url": "https://www.kroger.com/product/images/thumbnail/front/0019380219262"
                    }
                ]
            }
        ],
        "items": [
            {
                "itemId": "0019380219262",
                "favorite": false,
                "fulfillment": {
                    "curbside": false,
                    "delivery": false,
                    "inStore": false,
                    "shipToHome": false
                },
                "size": "1"
            }
        ],
        "itemInformation": {},
        "temperature": {
            "indicator": "Ambient",
            "heatSensitive": false
        }
    },
    {
        "productId": "0003288420086",
        "upc": "0003288420086",
        "productPageURI": "/p/evenflo-everyfit-4-in-1-convertible-car-seat-in-sawyer/0003288420086?cid=dis.api.tpi_products-api_20240521_b:all_c:np_t:lookupproduct-243261",
        "aisleLocations": [],
        "categories": [
            "Baby"
        ],
        "description": "Evenflo\ufffd EveryFit? 4-in-1 Convertible Car Seat in Sawyer",
        "images": [
            {
                "perspective": "front",
                "featured": true,
                "sizes": [
                    {
                        "size": "xlarge",
                        "url": "https://www.kroger.com/product/images/xlarge/front/0003288420086"
                    },
                    {
                        "size": "large",
                        "url": "https://www.kroger.com/product/images/large/front/0003288420086"
                    },
                    {
                        "size": "medium",
                        "url": "https://www.kroger.com/product/images/medium/front/0003288420086"
                    },
                    {
                        "size": "small",
                        "url": "https://www.kroger.com/product/images/small/front/0003288420086"
                    },
                    {
                        "size": "thumbnail",
                        "url": "https://www.kroger.com/product/images/thumbnail/front/0003288420086"
                    }
                ]
            }
        ],
        "items": [
            {
                "itemId": "0003288420086",
                "favorite": false,
                "fulfillment": {
                    "curbside": false,
                    "delivery": false,
                    "inStore": false,
                    "shipToHome": false
                },
                "size": "1"
            }
        ],
        "itemInformation": {},
        "temperature": {
            "indicator": "Ambient",
            "heatSensitive": false
        }
    },
    {
        "productId": "0004979661008",
        "upc": "0004979661008",
        "productPageURI": "/p/chicco-cortina-together-double-stroller-in-minerale/0004979661008?cid=dis.api.tpi_products-api_20240521_b:all_c:np_t:lookupproduct-243261",
        "aisleLocations": [],
        "categories": [
            "Baby"
        ],
        "description": "Chicco\u00ae Cortina Together Double Stroller in Minerale",
        "images": [
            {
                "perspective": "front",
                "featured": true,
                "sizes": [
                    {
                        "size": "xlarge",
                        "url": "https://www.kroger.com/product/images/xlarge/front/0004979661008"
                    },
                    {
                        "size": "large",
                        "url": "https://www.kroger.com/product/images/large/front/0004979661008"
                    },
                    {
                        "size": "medium",
                        "url": "https://www.kroger.com/product/images/medium/front/0004979661008"
                    },
                    {
                        "size": "small",
                        "url": "https://www.kroger.com/product/images/small/front/0004979661008"
                    },
                    {
                        "size": "thumbnail",
                        "url": "https://www.kroger.com/product/images/thumbnail/front/0004979661008"
                    }
                ]
            }
        ],
        "items": [
            {
                "itemId": "0004979661008",
                "favorite": false,
                "fulfillment": {
                    "curbside": false,
                    "delivery": false,
                    "inStore": false,
                    "shipToHome": false
                },
                "size": "os"
            }
        ],
        "itemInformation": {},
        "temperature": {
            "indicator": "Ambient",
            "heatSensitive": false
        }
    },
    {
        "productId": "0084017204324",
        "upc": "0084017204324",
        "productPageURI": "/p/winfun-0704-baby-driver-stroller-car-seat/0084017204324?cid=dis.api.tpi_products-api_20240521_b:all_c:np_t:lookupproduct-243261",
        "aisleLocations": [],
        "categories": [
            "Entertainment"
        ],
        "description": "Winfun 0704 Baby Driver Stroller & Car Seat",
        "items": [
            {
                "itemId": "0084017204324",
                "favorite": false,
                "fulfillment": {
                    "curbside": false,
                    "delivery": false,
                    "inStore": false,
                    "shipToHome": false
                },
                "size": "1"
            }
        ],
        "itemInformation": {},
        "temperature": {
            "indicator": "Ambient",
            "heatSensitive": false
        }
    },
    {
        "productId": "0003288420011",
        "upc": "0003288420011",
        "productPageURI": "/p/evenflo-19132343-pivot-xplore-all-terrain-modular-toddler-stroller-adventurer/0003288420011?cid=dis.api.tpi_products-api_20240521_b:all_c:np_t:lookupproduct-243261",
        "aisleLocations": [],
        "brand": "Evenflo",
        "categories": [
            "Baby"
        ],
        "description": "Evenflo 19132343 Pivot Xplore All Terrain Modular Toddler Stroller, Adventurer",
        "images": [
            {
                "perspective": "front",
                "featured": true,
                "sizes": [
                    {
                        "size": "xlarge",
                        "url": "https://www.kroger.com/product/images/xlarge/front/0003288420011"
                    },
                    {
                        "size": "large",
                        "url": "https://www.kroger.com/product/images/large/front/0003288420011"
                    },
                    {
                        "size": "medium",
                        "url": "https://www.kroger.com/product/images/medium/front/0003288420011"
                    },
                    {
                        "size": "small",
                        "url": "https://www.kroger.com/product/images/small/front/0003288420011"
                    },
                    {
                        "size": "thumbnail",
                        "url": "https://www.kroger.com/product/images/thumbnail/front/0003288420011"
                    }
                ]
            }
        ],
        "items": [
            {
                "itemId": "0003288420011",
                "favorite": false,
                "fulfillment": {
                    "curbside": false,
                    "delivery": false,
                    "inStore": false,
                    "shipToHome": false
                },
                "size": "1 piece"
            }
        ],
        "itemInformation": {},
        "temperature": {
            "indicator": "Ambient",
            "heatSensitive": false
        }
    }
]