[
    {
        "productId": "0005113120364",
        "upc": "0005113120364",
        "productPageURI": "/p/ace-3-inch-elastic-bandage-with-hook-closure/0005113120364?cid=dis.api.tpi_products-api_20240521_b:all_c:np_t:lookupproduct-243261",
        "aisleLocations": [
            {
                "bayNumber": "7",
                "description": "AISLE 24",
                "number": "24",
                "numberOfFacings": "1",
                "side": "L",
                "shelfNumber": "3",
                "shelfPositionInBay": "3"
            }
        ],
        "brand": "Ace",
        "categories": [
            "Health",
            "Health",
            "Health"
        ],
        "countryOrigin": "MEXICO",
        "description": "Ace 3 Inch Elastic Bandage with Hook Closure",
        "images": [
            {
                "perspective": "front",
                "featured": true,
                "sizes": [
                    {
                        "size": "xlarge",
                        "url": "https://www.kroger.com/product/images/xlarge/front/0005113120364"
                    },
                    {
                        "size": "large",
                        "url": "https://www.kroger.com/product/images/large/front/0005113120364"
                    },
                    {
                        "size": "medium",
                        "url": "https://www.kroger.com/product/images/medium/front/0005113120364"
                    },
                    {
                        "size": "small",
                        "url": "https://www.kroger.com/product/images/small/front/0005113120364"
                    },
                    {
                        "size": "thumbnail",
                        "url": "https://www.kroger.com/product/images/thumbnail/front/0005113120364"
                    }
                ]
            }
        ],
        "items": [
            {
                "itemId": "0005113120364",
                "inventory": {
                    "stockLevel": "LOW"
                },
                "favorite": false,
                "fulfillment": {
                    "curbside": true,
                    "delivery": true,
                    "inStore": true,
                    "shipToHome": false
                },
                "price": {
                    "regular": 5.99,
                    "promo": 0
                },
                "size": "1 ct",
                "soldBy": "UNIT"
            }
        ],
        "itemInformation": {
            "depth": "2.25",
            "height": "4.19",
            "width": "2.25"
        },
        "temperature": {
            "indicator": "Ambient",
            "heatSensitive": false
        }
    }
]