[
    {
        "productId": "0008178784109",
        "upc": "0008178784109",
        "productPageURI": "/p/care-bears-baby-bedtime-bear-yellow-bean-bag-plush-rattle/0008178784109?cid=dis.api.tpi_products-api_20240521_b:all_c:np_t:lookupproduct-243261",
        "aisleLocations": [],
        "brand": "Kids Preferred",
        "categories": [
            "Baby"
        ],
        "description": "Care Bears Baby Bedtime Bear Yellow Bean Bag Plush Rattle",
        "images": [
            {
                "perspective": "front",
                "featured": true,
                "sizes": [
                    {
                        "size": "xlarge",
                        "url": "https://www.kroger.com/product/images/xlarge/front/0008178784109"
                    },
                    {
                        "size": "large",
                        "url": "https://www.kroger.com/product/images/large/front/0008178784109"
                    },
                    {
                        "size": "medium",
                        "url": "https://www.kroger.com/product/images/medium/front/0008178784109"
                    },
                    {
                        "size": "small",
                        "url": "https://www.kroger.com/product/images/small/front/0008178784109"
                    },
                    {
                        "size": "thumbnail",
                        "url": "https://www.kroger.com/product/images/thumbnail/front/0008178784109"
                    }
                ]
            }
        ],
        "items": [
            {
                "itemId": "0008178784109",
                "favorite": false,
                "fulfillment": {
                    "curbside": false,
                    "delivery": false,
                    "inStore": false,
                    "shipToHome": false
                },
                "size": "1 unit"
            }
        ],
        "itemInformation": {},
        "temperature": {
            "indicator": "Ambient",
            "heatSensitive": false
        }
    },
    {
        "productId": "0008178784108",
        "upc": "0008178784108",
        "productPageURI": "/p/care-bears-baby-bedtime-bear-blue-bean-bag-plush-rattle/0008178784108?cid=dis.api.tpi_products-api_20240521_b:all_c:np_t:lookupproduct-243261",
        "aisleLocations": [],
        "brand": "Kids Preferred",
        "categories": [
            "Baby"
        ],
        "countryOrigin": "CHINA",
        "description": "Care Bears Baby Bedtime Bear Blue Bean Bag Plush Rattle",
        "images": [
            {
                "perspective": "front",
                "featured": true,
                "sizes": [
                    {
                        "size": "xlarge",
                        "url": "https://www.kroger.com/product/images/xlarge/front/0008178784108"
                    },
                    {
                        "size": "large",
                        "url": "https://www.kroger.com/product/images/large/front/0008178784108"
                    },
                    {
                        "size": "medium",
                        "url": "https://www.kroger.com/product/images/medium/front/0008178784108"
                    },
                    {
                        "size": "small",
                        "url": "https://www.kroger.com/product/images/small/front/0008178784108"
                    },
                    {
                        "size": "thumbnail",
                        "url": "https://www.kroger.com/product/images/thumbnail/front/0008178784108"
                    }
                ]
            }
        ],
        "items": [
            {
                "itemId": "0008178784108",
                "favorite": false,
                "fulfillment": {
                    "curbside": false,
                    "delivery": false,
                    "inStore": false,
                    "shipToHome": false
                },
                "size": "1 unit"
            }
        ],
        "itemInformation": {},
        "temperature": {
            "indicator": "Ambient",
            "heatSensitive": false
        }
    },
    {
        "productId": "0008178784107",
        "upc": "0008178784107",
        "productPageURI": "/p/care-bears-baby-bedtime-bear-pink-bean-bag-plush-rattle/0008178784107?cid=dis.api.tpi_products-api_20240521_b:all_c:np_t:lookupproduct-243261",
        "aisleLocations": [],
        "brand": "Kids Preferred",
        "categories": [
            "Baby"
        ],
        "countryOrigin": "CHINA",
        "description": "Care Bears Baby Bedtime Bear Pink Bean Bag Plush Rattle",
        "images": [
            {
                "perspective": "front",
                "featured": true,
                "sizes": [
                    {
                        "size": "xlarge",
                        "url": "https://www.kroger.com/product/images/xlarge/front/0008178784107"
                    },
                    {
                        "size": "large",
                        "url": "https://www.kroger.com/product/images/large/front/0008178784107"
                    },
                    {
                        "size": "medium",
                        "url": "https://www.kroger.com/product/images/medium/front/0008178784107"
                    },
                    {
                        "size": "small",
                        "url": "https://www.kroger.com/product/images/small/front/0008178784107"
                    },
                    {
                        "size": "thumbnail",
                        "url": "https://www.kroger.com/product/images/thumbnail/front/0008178784107"
                    }
                ]
            }
        ],
        "items": [
            {
                "itemId": "0008178784107",
                "favorite": false,
                "fulfillment": {
                    "curbside": false,
                    "delivery": false,
                    "inStore": false,
                    "shipToHome": false
                },
                "size": "1 unit"
            }
        ],
        "itemInformation": {},
        "temperature": {
            "indicator": "Ambient",
            "heatSensitive": false
        }
    }
]