[
    {
        "productId": "0007217923714",
        "upc": "0007217923714",
        "productPageURI": "/p/mr-coffee-31160393-easy-measure-12-cup-programmable-digital-coffee-maker-gray/0007217923714?cid=dis.api.tpi_products-api_20240521_b:all_c:np_t:lookupproduct-243261",
        "aisleLocations": [],
        "categories": [
            "Kitchen"
        ],
        "description": "Mr. Coffee 31160393 Easy Measure 12 Cup Programmable Digital Coffee Maker, Gray",
        "images": [
            {
                "perspective": "front",
                "featured": true,
                "sizes": [
                    {
                        "size": "xlarge",
                        "url": "https://www.kroger.com/product/images/xlarge/front/0007217923714"
                    },
                    {
                        "size": "large",
                        "url": "https://www.kroger.com/product/images/large/front/0007217923714"
                    },
                    {
                        "size": "medium",
                        "url": "https://www.kroger.com/product/images/medium/front/0007217923714"
                    },
                    {
                        "size": "small",
                        "url": "https://www.kroger.com/product/images/small/front/0007217923714"
                    },
                    {
                        "size": "thumbnail",
                        "url": "https://www.kroger.com/product/images/thumbnail/front/0007217923714"
                    }
                ]
            }
        ],
        "items": [
            {
                "itemId": "0007217923714",
                "favorite": false,
                "fulfillment": {
                    "curbside": false,
                    "delivery": false,
                    "inStore": false,
                    "shipToHome": false
                },
                "size": "1"
            }
        ],
        "itemInformation": {},
        "temperature": {
            "indicator": "Ambient",
            "heatSensitive": false
        }
    },
    {
        "productId": "0061124735341",
        "upc": "0061124735341",
        "productPageURI": "/p/keurig-hot-rinse-pods-white/0061124735341?cid=dis.api.tpi_products-api_20240521_b:all_c:np_t:lookupproduct-243261",
        "aisleLocations": [],
        "brand": "Keurig\u00ae",
        "categories": [
            "Kitchen"
        ],
        "description": "Keurig\u00ae Hot Rinse Pods - White",
        "images": [
            {
                "perspective": "right",
                "sizes": [
                    {
                        "size": "xlarge",
                        "url": "https://www.kroger.com/product/images/xlarge/right/0061124735341"
                    },
                    {
                        "size": "large",
                        "url": "https://www.kroger.com/product/images/large/right/0061124735341"
                    },
                    {
                        "size": "medium",
                        "url": "https://www.kroger.com/product/images/medium/right/0061124735341"
                    },
                    {
                        "size": "small",
                        "url": "https://www.kroger.com/product/images/small/right/0061124735341"
                    },
                    {
                        "size": "thumbnail",
                        "url": "https://www.kroger.com/product/images/thumbnail/right/0061124735341"
                    }
                ]
            },
            {
                "perspective": "front",
                "featured": true,
                "sizes": [
                    {
                        "size": "xlarge",
                        "url": "https://www.kroger.com/product/images/xlarge/front/0061124735341"
                    },
                    {
                        "size": "large",
                        "url": "https://www.kroger.com/product/images/large/front/0061124735341"
                    },
                    {
                        "size": "medium",
                        "url": "https://www.kroger.com/product/images/medium/front/0061124735341"
                    },
                    {
                        "size": "small",
                        "url": "https://www.kroger.com/product/images/small/front/0061124735341"
                    },
                    {
                        "size": "thumbnail",
                        "url": "https://www.kroger.com/product/images/thumbnail/front/0061124735341"
                    }
                ]
            }
        ],
        "items": [
            {
                "itemId": "0061124735341",
                "favorite": false,
                "fulfillment": {
                    "curbside": true,
                    "delivery": true,
                    "inStore": true,
                    "shipToHome": false
                },
                "price": {
                    "regular": 9.99,
                    "promo": 0
                },
                "size": "10 pk",
                "soldBy": "UNIT"
            }
        ],
        "itemInformation": {},
        "temperature": {
            "indicator": "Ambient",
            "heatSensitive": false
        }
    },
    {
        "productId": "0006128311252",
        "upc": "0006128311252",
        "productPageURI": "/p/salton-sk34020bln-swan-retro-dome-1-70-liter-electric-iron-tea-kettle-blue/0006128311252?cid=dis.api.tpi_products-api_20240521_b:all_c:np_t:lookupproduct-243261",
        "aisleLocations": [],
        "categories": [
            "Kitchen",
            "Kitchen"
        ],
        "description": "Salton SK34020BLN Swan Retro Dome 1.70 Liter Electric Iron Tea Kettle, Blue",
        "images": [
            {
                "perspective": "front",
                "featured": true,
                "sizes": [
                    {
                        "size": "xlarge",
                        "url": "https://www.kroger.com/product/images/xlarge/front/0006128311252"
                    },
                    {
                        "size": "large",
                        "url": "https://www.kroger.com/product/images/large/front/0006128311252"
                    },
                    {
                        "size": "medium",
                        "url": "https://www.kroger.com/product/images/medium/front/0006128311252"
                    },
                    {
                        "size": "small",
                        "url": "https://www.kroger.com/product/images/small/front/0006128311252"
                    },
                    {
                        "size": "thumbnail",
                        "url": "https://www.kroger.com/product/images/thumbnail/front/0006128311252"
                    }
                ]
            }
        ],
        "items": [
            {
                "itemId": "0006128311252",
                "favorite": false,
                "fulfillment": {
                    "curbside": false,
                    "delivery": false,
                    "inStore": false,
                    "shipToHome": false
                },
                "size": "1"
            }
        ],
        "itemInformation": {},
        "temperature": {
            "indicator": "Ambient",
            "heatSensitive": false
        }
    },
    {
        "productId": "0007027530185",
        "upc": "0007027530185",
        "productPageURI": "/p/whink-30285-natural-coffee-maker-cleaner-10oz-bottle/0007027530185?cid=dis.api.tpi_products-api_20240521_b:all_c:np_t:lookupproduct-243261",
        "aisleLocations": [],
        "categories": [
            "Cleaning Products",
            "Cleaning Products"
        ],
        "description": "Whink 30285 Natural Coffee Maker Cleaner 10oz bottle",
        "images": [
            {
                "perspective": "front",
                "featured": true,
                "sizes": [
                    {
                        "size": "xlarge",
                        "url": "https://www.kroger.com/product/images/xlarge/front/0007027530185"
                    },
                    {
                        "size": "large",
                        "url": "https://www.kroger.com/product/images/large/front/0007027530185"
                    },
                    {
                        "size": "medium",
                        "url": "https://www.kroger.com/product/images/medium/front/0007027530185"
                    },
                    {
                        "size": "small",
                        "url": "https://www.kroger.com/product/images/small/front/0007027530185"
                    },
                    {
                        "size": "thumbnail",
                        "url": "https://www.kroger.com/product/images/thumbnail/front/0007027530185"
                    }
                ]
            }
        ],
        "items": [
            {
                "itemId": "0007027530185",
                "favorite": false,
                "fulfillment": {
                    "curbside": false,
                    "delivery": false,
                    "inStore": false,
                    "shipToHome": false
                },
                "size": "1"
            }
        ],
        "itemInformation": {},
        "temperature": {
            "indicator": "Ambient",
            "heatSensitive": false
        }
    },
    {
        "productId": "0064964540678",
        "upc": "0064964540678",
        "productPageURI": "/p/keurig-brewer-care-kit/0064964540678?cid=dis.api.tpi_products-api_20240521_b:all_c:np_t:lookupproduct-243261",
        "aisleLocations": [],
        "brand": "Keurig\u00ae",
        "categories": [
            "Kitchen"
        ],
        "description": "Keurig\u00ae  Brewer Care Kit",
        "images": [
            {
                "perspective": "front",
                "featured": true,
                "sizes": [
                    {
                        "size": "xlarge",
                        "url": "https://www.kroger.com/product/images/xlarge/front/0064964540678"
                    },
                    {
                        "size": "large",
                        "url": "https://www.kroger.com/product/images/large/front/0064964540678"
                    },
                    {
                        "size": "medium",
                        "url": "https://www.kroger.com/product/images/medium/front/0064964540678"
                    },
                    {
                        "size": "small",
                        "url": "https://www.kroger.com/product/images/small/front/0064964540678"
                    },
                    {
                        "size": "thumbnail",
                        "url": "https://www.kroger.com/product/images/thumbnail/front/0064964540678"
                    }
                ]
            }
        ],
        "items": [
            {
                "itemId": "0064964540678",
                "favorite": false,
                "fulfillment": {
                    "curbside": true,
                    "delivery": true,
                    "inStore": true,
                    "shipToHome": false
                },
                "price": {
                    "regular": 24.99,
                    "promo": 0
                },
                "size": "2 pk",
                "soldBy": "UNIT"
            }
        ],
        "itemInformation": {},
        "temperature": {
            "indicator": "Ambient",
            "heatSensitive": false
        }
    },
    {
        "productId": "0005389113747",
        "upc": "0005389113747",
        "productPageURI": "/p/mr-coffee-5-cup-switch-coffee-maker-black/0005389113747?cid=dis.api.tpi_products-api_20240521_b:all_c:np_t:lookupproduct-243261",
        "aisleLocations": [],
        "brand": "Mr. Coffee\u00ae",
        "categories": [
            "Kitchen"
        ],
        "countryOrigin": "CHINA",
        "description": "Mr Coffee\u00ae 5-Cup Switch Coffee Maker - Black",
        "images": [
            {
                "perspective": "front",
                "featured": true,
                "sizes": [
                    {
                        "size": "xlarge",
                        "url": "https://www.kroger.com/product/images/xlarge/front/0005389113747"
                    },
                    {
                        "size": "large",
                        "url": "https://www.kroger.com/product/images/large/front/0005389113747"
                    },
                    {
                        "size": "medium",
                        "url": "https://www.kroger.com/product/images/medium/front/0005389113747"
                    },
                    {
                        "size": "small",
                        "url": "https://www.kroger.com/product/images/small/front/0005389113747"
                    },
                    {
                        "size": "thumbnail",
                        "url": "https://www.kroger.com/product/images/thumbnail/front/0005389113747"
                    }
                ]
            }
        ],
        "items": [
            {
                "itemId": "0005389113747",
                "inventory": {
                    "stockLevel": "HIGH"
                },
                "favorite": false,
                "fulfillment": {
                    "curbside": false,
                    "delivery": false,
                    "inStore": false,
                    "shipToHome": false
                },
                "size": "1 ct"
            }
        ],
        "itemInformation": {},
        "temperature": {
            "indicator": "Ambient",
            "heatSensitive": false
        }
    },
    {
        "productId": "0366183414278",
        "upc": "0366183414278",
        "productPageURI": "/p/handheld-electric-coffee-frother/0366183414278?cid=dis.api.tpi_products-api_20240521_b:all_c:np_t:lookupproduct-243261",
        "aisleLocations": [],
        "categories": [
            "Kitchen"
        ],
        "description": "Handheld Electric Coffee Frother",
        "images": [
            {
                "perspective": "front",
                "featured": true,
                "sizes": [
                    {
                        "size": "xlarge",
                        "url": "https://www.kroger.com/product/images/xlarge/front/0366183414278"
                    },
                    {
                        "size": "large",
                        "url": "https://www.kroger.com/product/images/large/front/0366183414278"
                    },
                    {
                        "size": "medium",
                        "url": "https://www.kroger.com/product/images/medium/front/0366183414278"
                    },
                    {
                        "size": "small",
                        "url": "https://www.kroger.com/product/images/small/front/0366183414278"
                    },
                    {
                        "size": "thumbnail",
                        "url": "https://www.kroger.com/product/images/thumbnail/front/0366183414278"
                    }
                ]
            },
            {
                "perspective": "back",
                "sizes": [
                    {
                        "size": "xlarge",
                        "url": "https://www.kroger.com/product/images/xlarge/back/0366183414278"
                    },
                    {
                        "size": "large",
                        "url": "https://www.kroger.com/product/images/large/back/0366183414278"
                    },
                    {
                        "size": "medium",
                        "url": "https://www.kroger.com/product/images/medium/back/0366183414278"
                    },
                    {
                        "size": "small",
                        "url": "https://www.kroger.com/product/images/small/back/0366183414278"
                    },
                    {
                        "size": "thumbnail",
                        "url": "https://www.kroger.com/product/images/thumbnail/back/0366183414278"
                    }
                ]
            },
            {
                "perspective": "bottom",
                "sizes": [
                    {
                        "size": "xlarge",
                        "url": "https://www.kroger.com/product/images/xlarge/bottom/0366183414278"
                    },
                    {
                        "size": "large",
                        "url": "https://www.kroger.com/product/images/large/bottom/0366183414278"
                    },
                    {
                        "size": "medium",
                        "url": "https://www.kroger.com/product/images/medium/bottom/0366183414278"
                    },
                    {
                        "size": "small",
                        "url": "https://www.kroger.com/product/images/small/bottom/0366183414278"
                    },
                    {
                        "size": "thumbnail",
                        "url": "https://www.kroger.com/product/images/thumbnail/bottom/0366183414278"
                    }
                ]
            },
            {
                "perspective": "top",
                "sizes": [
                    {
                        "size": "xlarge",
                        "url": "https://www.kroger.com/product/images/xlarge/top/0366183414278"
                    },
                    {
                        "size": "large",
                        "url": "https://www.kroger.com/product/images/large/top/0366183414278"
                    },
                    {
                        "size": "medium",
                        "url": "https://www.kroger.com/product/images/medium/top/0366183414278"
                    },
                    {
                        "size": "small",
                        "url": "https://www.kroger.com/product/images/small/top/0366183414278"
                    },
                    {
                        "size": "thumbnail",
                        "url": "https://www.kroger.com/product/images/thumbnail/top/0366183414278"
                    }
                ]
            }
        ],
        "items": [
            {
                "itemId": "0366183414278",
                "favorite": false,
                "fulfillment": {
                    "curbside": false,
                    "delivery": false,
                    "inStore": false,
                    "shipToHome": false
                },
                "size": "1 count"
            }
        ],
        "itemInformation": {},
        "temperature": {
            "indicator": "Ambient",
            "heatSensitive": false
        }
    },
    {
        "productId": "0006128311339",
        "upc": "0006128311339",
        "productPageURI": "/p/salton-1-5-liter-cordless-compact-glass-electric-kitchen-hot-water-tea-kettle/0006128311339?cid=dis.api.tpi_products-api_20240521_b:all_c:np_t:lookupproduct-243261",
        "aisleLocations": [],
        "categories": [
            "Kitchen",
            "Kitchen"
        ],
        "description": "Salton 1.5 Liter Cordless Compact Glass Electric Kitchen Hot Water Tea Kettle",
        "images": [
            {
                "perspective": "front",
                "featured": true,
                "sizes": [
                    {
                        "size": "xlarge",
                        "url": "https://www.kroger.com/product/images/xlarge/front/0006128311339"
                    },
                    {
                        "size": "large",
                        "url": "https://www.kroger.com/product/images/large/front/0006128311339"
                    },
                    {
                        "size": "medium",
                        "url": "https://www.kroger.com/product/images/medium/front/0006128311339"
                    },
                    {
                        "size": "small",
                        "url": "https://www.kroger.com/product/images/small/front/0006128311339"
                    },
                    {
                        "size": "thumbnail",
                        "url": "https://www.kroger.com/product/images/thumbnail/front/0006128311339"
                    }
                ]
            }
        ],
        "items": [
            {
                "itemId": "0006128311339",
                "favorite": false,
                "fulfillment": {
                    "curbside": false,
                    "delivery": false,
                    "inStore": false,
                    "shipToHome": false
                },
                "size": "1"
            }
        ],
        "itemInformation": {},
        "temperature": {
            "indicator": "Ambient",
            "heatSensitive": false
        }
    },
    {
        "productId": "0044480041456",
        "upc": "0044480041456",
        "productPageURI": "/p/our-table-simply-white-soup-tureen-with-ladle/0044480041456?cid=dis.api.tpi_products-api_20240521_b:all_c:np_t:lookupproduct-243261",
        "aisleLocations": [],
        "categories": [
            "Kitchen",
            "Kitchen"
        ],
        "description": "Our Table\u2122 Simply White Soup Tureen with Ladle",
        "images": [
            {
                "perspective": "front",
                "featured": true,
                "sizes": [
                    {
                        "size": "xlarge",
                        "url": "https://www.kroger.com/product/images/xlarge/front/0044480041456"
                    },
                    {
                        "size": "large",
                        "url": "https://www.kroger.com/product/images/large/front/0044480041456"
                    },
                    {
                        "size": "medium",
                        "url": "https://www.kroger.com/product/images/medium/front/0044480041456"
                    },
                    {
                        "size": "small",
                        "url": "https://www.kroger.com/product/images/small/front/0044480041456"
                    },
                    {
                        "size": "thumbnail",
                        "url": "https://www.kroger.com/product/images/thumbnail/front/0044480041456"
                    }
                ]
            }
        ],
        "items": [
            {
                "itemId": "0044480041456",
                "favorite": false,
                "fulfillment": {
                    "curbside": false,
                    "delivery": false,
                    "inStore": false,
                    "shipToHome": false
                },
                "size": "no size"
            }
        ],
        "itemInformation": {},
        "temperature": {
            "indicator": "Ambient",
            "heatSensitive": false
        }
    },
    {
        "productId": "0061124737308",
        "upc": "0061124737308",
        "productPageURI": "/p/keurig-k-mini-plus-single-serve-coffee-maker-matte-black/0061124737308?cid=dis.api.tpi_products-api_20240521_b:all_c:np_t:lookupproduct-243261",
        "aisleLocations": [],
        "brand": "Keurig\u00ae",
        "categories": [
            "Kitchen"
        ],
        "countryOrigin": "CHINA",
        "description": "Keurig\u00ae K-Mini Plus Single Serve Coffee Maker - Matte Black",
        "images": [
            {
                "perspective": "front",
                "featured": true,
                "sizes": [
                    {
                        "size": "xlarge",
                        "url": "https://www.kroger.com/product/images/xlarge/front/0061124737308"
                    },
                    {
                        "size": "large",
                        "url": "https://www.kroger.com/product/images/large/front/0061124737308"
                    },
                    {
                        "size": "medium",
                        "url": "https://www.kroger.com/product/images/medium/front/0061124737308"
                    },
                    {
                        "size": "small",
                        "url": "https://www.kroger.com/product/images/small/front/0061124737308"
                    },
                    {
                        "size": "thumbnail",
                        "url": "https://www.kroger.com/product/images/thumbnail/front/0061124737308"
                    }
                ]
            }
        ],
        "items": [
            {
                "itemId": "0061124737308",
                "favorite": false,
                "fulfillment": {
                    "curbside": true,
                    "delivery": true,
                    "inStore": true,
                    "shipToHome": false
                },
                "size": "1 ct"
            }
        ],
        "itemInformation": {},
        "temperature": {
            "indicator": "Ambient",
            "heatSensitive": false
        }
    },
    {
        "productId": "0002233348524",
        "upc": "0002233348524",
        "productPageURI": "/p/proctor-silex-12-cup-black-coffee-maker-case-of-1-/0002233348524?cid=dis.api.tpi_products-api_20240521_b:all_c:np_t:lookupproduct-243261",
        "aisleLocations": [],
        "brand": "Proctor Silex\u00ae",
        "categories": [
            "Kitchen"
        ],
        "description": "Proctor Silex 12 cup Black Coffee Maker - Case Of: 1;",
        "images": [
            {
                "perspective": "front",
                "featured": true,
                "sizes": [
                    {
                        "size": "xlarge",
                        "url": "https://www.kroger.com/product/images/xlarge/front/0002233348524"
                    },
                    {
                        "size": "large",
                        "url": "https://www.kroger.com/product/images/large/front/0002233348524"
                    },
                    {
                        "size": "medium",
                        "url": "https://www.kroger.com/product/images/medium/front/0002233348524"
                    },
                    {
                        "size": "small",
                        "url": "https://www.kroger.com/product/images/small/front/0002233348524"
                    },
                    {
                        "size": "thumbnail",
                        "url": "https://www.kroger.com/product/images/thumbnail/front/0002233348524"
                    }
                ]
            }
        ],
        "items": [
            {
                "itemId": "0002233348524",
                "favorite": false,
                "fulfillment": {
                    "curbside": false,
                    "delivery": false,
                    "inStore": false,
                    "shipToHome": false
                },
                "size": "1"
            }
        ],
        "itemInformation": {},
        "temperature": {
            "indicator": "Ambient",
            "heatSensitive": false
        }
    },
    {
        "productId": "0007217922778",
        "upc": "0007217922778",
        "productPageURI": "/p/mr-coffee-precision-coffee-grinder-black/0007217922778?cid=dis.api.tpi_products-api_20240521_b:all_c:np_t:lookupproduct-243261",
        "aisleLocations": [],
        "brand": "Mr. Coffee\u00ae",
        "categories": [
            "Kitchen"
        ],
        "countryOrigin": "CHINA",
        "description": "Mr. Coffee\u00ae Precision Coffee Grinder - Black",
        "images": [
            {
                "perspective": "front",
                "featured": true,
                "sizes": [
                    {
                        "size": "xlarge",
                        "url": "https://www.kroger.com/product/images/xlarge/front/0007217922778"
                    },
                    {
                        "size": "large",
                        "url": "https://www.kroger.com/product/images/large/front/0007217922778"
                    },
                    {
                        "size": "medium",
                        "url": "https://www.kroger.com/product/images/medium/front/0007217922778"
                    },
                    {
                        "size": "small",
                        "url": "https://www.kroger.com/product/images/small/front/0007217922778"
                    },
                    {
                        "size": "thumbnail",
                        "url": "https://www.kroger.com/product/images/thumbnail/front/0007217922778"
                    }
                ]
            }
        ],
        "items": [
            {
                "itemId": "0007217922778",
                "inventory": {
                    "stockLevel": "HIGH"
                },
                "favorite": false,
                "fulfillment": {
                    "curbside": true,
                    "delivery": true,
                    "inStore": true,
                    "shipToHome": false
                },
                "size": "1 ct"
            }
        ],
        "itemInformation": {},
        "temperature": {
            "indicator": "Ambient",
            "heatSensitive": false
        }
    },
    {
        "productId": "0008627902948",
        "upc": "0008627902948",
        "productPageURI": "/p/cuisinart-brew-central-12-cups-black-silver-coffee-maker-total-qty-1/0008627902948?cid=dis.api.tpi_products-api_20240521_b:all_c:np_t:lookupproduct-243261",
        "aisleLocations": [],
        "categories": [
            "Garden & Patio"
        ],
        "description": "Cuisinart Brew Central 12 cups Black/Silver Coffee Maker - Total Qty: 1",
        "images": [
            {
                "perspective": "front",
                "featured": true,
                "sizes": [
                    {
                        "size": "xlarge",
                        "url": "https://www.kroger.com/product/images/xlarge/front/0008627902948"
                    },
                    {
                        "size": "large",
                        "url": "https://www.kroger.com/product/images/large/front/0008627902948"
                    },
                    {
                        "size": "medium",
                        "url": "https://www.kroger.com/product/images/medium/front/0008627902948"
                    },
                    {
                        "size": "small",
                        "url": "https://www.kroger.com/product/images/small/front/0008627902948"
                    },
                    {
                        "size": "thumbnail",
                        "url": "https://www.kroger.com/product/images/thumbnail/front/0008627902948"
                    }
                ]
            }
        ],
        "items": [
            {
                "itemId": "0008627902948",
                "favorite": false,
                "fulfillment": {
                    "curbside": false,
                    "delivery": false,
                    "inStore": false,
                    "shipToHome": false
                },
                "size": "1"
            }
        ],
        "itemInformation": {},
        "temperature": {
            "indicator": "Ambient",
            "heatSensitive": false
        }
    },
    {
        "productId": "0007250405620",
        "upc": "0007250405620",
        "productPageURI": "/p/bunn-airpot-push-button-74-oz/0007250405620?cid=dis.api.tpi_products-api_20240521_b:all_c:np_t:lookupproduct-243261",
        "aisleLocations": [],
        "categories": [
            "Kitchen",
            "Kitchen"
        ],
        "description": "Bunn Airpot,Push-Button,74 oz",
        "images": [
            {
                "perspective": "front",
                "featured": true,
                "sizes": [
                    {
                        "size": "xlarge",
                        "url": "https://www.kroger.com/product/images/xlarge/front/0007250405620"
                    },
                    {
                        "size": "large",
                        "url": "https://www.kroger.com/product/images/large/front/0007250405620"
                    },
                    {
                        "size": "medium",
                        "url": "https://www.kroger.com/product/images/medium/front/0007250405620"
                    },
                    {
                        "size": "small",
                        "url": "https://www.kroger.com/product/images/small/front/0007250405620"
                    },
                    {
                        "size": "thumbnail",
                        "url": "https://www.kroger.com/product/images/thumbnail/front/0007250405620"
                    }
                ]
            }
        ],
        "items": [
            {
                "itemId": "0007250405620",
                "favorite": false,
                "fulfillment": {
                    "curbside": false,
                    "delivery": false,
                    "inStore": false,
                    "shipToHome": false
                },
                "size": "1"
            }
        ],
        "itemInformation": {},
        "temperature": {
            "indicator": "Ambient",
            "heatSensitive": false
        }
    },
    {
        "productId": "0007218063751",
        "upc": "0007218063751",
        "productPageURI": "/p/red-baron-deep-dish-singles-pepperoni-pizza-2-count/0007218063751?cid=dis.api.tpi_products-api_20240521_b:all_c:np_t:lookupproduct-243261",
        "aisleLocations": [],
        "brand": "Red Baron",
        "categories": [
            "Kitchen"
        ],
        "description": "Red Baron Deep Dish Singles Pepperoni Pizza - 2 Count",
        "images": [
            {
                "perspective": "right",
                "sizes": [
                    {
                        "size": "xlarge",
                        "url": "https://www.kroger.com/product/images/xlarge/right/0007218063751"
                    },
                    {
                        "size": "large",
                        "url": "https://www.kroger.com/product/images/large/right/0007218063751"
                    },
                    {
                        "size": "medium",
                        "url": "https://www.kroger.com/product/images/medium/right/0007218063751"
                    },
                    {
                        "size": "small",
                        "url": "https://www.kroger.com/product/images/small/right/0007218063751"
                    },
                    {
                        "size": "thumbnail",
                        "url": "https://www.kroger.com/product/images/thumbnail/right/0007218063751"
                    }
                ]
            },
            {
                "perspective": "front",
                "featured": true,
                "sizes": [
                    {
                        "size": "xlarge",
                        "url": "https://www.kroger.com/product/images/xlarge/front/0007218063751"
                    },
                    {
                        "size": "large",
                        "url": "https://www.kroger.com/product/images/large/front/0007218063751"
                    },
                    {
                        "size": "medium",
                        "url": "https://www.kroger.com/product/images/medium/front/0007218063751"
                    },
                    {
                        "size": "small",
                        "url": "https://www.kroger.com/product/images/small/front/0007218063751"
                    },
                    {
                        "size": "thumbnail",
                        "url": "https://www.kroger.com/product/images/thumbnail/front/0007218063751"
                    }
                ]
            }
        ],
        "items": [
            {
                "itemId": "0007218063751",
                "favorite": false,
                "fulfillment": {
                    "curbside": true,
                    "delivery": true,
                    "inStore": true,
                    "shipToHome": false
                },
                "size": "11.2 oz"
            }
        ],
        "itemInformation": {},
        "temperature": {
            "indicator": "Frozen",
            "heatSensitive": false
        }
    },
    {
        "productId": "0008627911028",
        "upc": "0008627911028",
        "productPageURI": "/p/cuisinart-brew-central-12-cups-black-silver-coffee-maker-total-qty-1/0008627911028?cid=dis.api.tpi_products-api_20240521_b:all_c:np_t:lookupproduct-243261",
        "aisleLocations": [],
        "brand": "Cuisinart",
        "categories": [
            "Kitchen"
        ],
        "description": "Cuisinart Brew Central 12 cups Black/Silver Coffee Maker - Total Qty: 1",
        "images": [
            {
                "perspective": "top",
                "sizes": [
                    {
                        "size": "xlarge",
                        "url": "https://www.kroger.com/product/images/xlarge/top/0008627911028"
                    },
                    {
                        "size": "large",
                        "url": "https://www.kroger.com/product/images/large/top/0008627911028"
                    },
                    {
                        "size": "medium",
                        "url": "https://www.kroger.com/product/images/medium/top/0008627911028"
                    },
                    {
                        "size": "small",
                        "url": "https://www.kroger.com/product/images/small/top/0008627911028"
                    },
                    {
                        "size": "thumbnail",
                        "url": "https://www.kroger.com/product/images/thumbnail/top/0008627911028"
                    }
                ]
            },
            {
                "perspective": "front",
                "featured": true,
                "sizes": [
                    {
                        "size": "xlarge",
                        "url": "https://www.kroger.com/product/images/xlarge/front/0008627911028"
                    },
                    {
                        "size": "large",
                        "url": "https://www.kroger.com/product/images/large/front/0008627911028"
                    },
                    {
                        "size": "medium",
                        "url": "https://www.kroger.com/product/images/medium/front/0008627911028"
                    },
                    {
                        "size": "small",
                        "url": "https://www.kroger.com/product/images/small/front/0008627911028"
                    },
                    {
                        "size": "thumbnail",
                        "url": "https://www.kroger.com/product/images/thumbnail/front/0008627911028"
                    }
                ]
            }
        ],
        "items": [
            {
                "itemId": "0008627911028",
                "favorite": false,
                "fulfillment": {
                    "curbside": false,
                    "delivery": false,
                    "inStore": false,
                    "shipToHome": false
                },
                "size": "1"
            }
        ],
        "itemInformation": {},
        "temperature": {
            "indicator": "Ambient",
            "heatSensitive": false
        }
    },
    {
        "productId": "0061124736841",
        "upc": "0061124736841",
        "productPageURI": "/p/keurig-k-cup-pod-carousel-silver/0061124736841?cid=dis.api.tpi_products-api_20240521_b:all_c:np_t:lookupproduct-243261",
        "aisleLocations": [],
        "brand": "Keurig\u00ae",
        "categories": [
            "Kitchen"
        ],
        "countryOrigin": "CHINA",
        "description": "Keurig\u00ae K-Cup Pod Carousel - Silver",
        "images": [
            {
                "perspective": "front",
                "featured": true,
                "sizes": [
                    {
                        "size": "xlarge",
                        "url": "https://www.kroger.com/product/images/xlarge/front/0061124736841"
                    },
                    {
                        "size": "large",
                        "url": "https://www.kroger.com/product/images/large/front/0061124736841"
                    },
                    {
                        "size": "medium",
                        "url": "https://www.kroger.com/product/images/medium/front/0061124736841"
                    },
                    {
                        "size": "small",
                        "url": "https://www.kroger.com/product/images/small/front/0061124736841"
                    },
                    {
                        "size": "thumbnail",
                        "url": "https://www.kroger.com/product/images/thumbnail/front/0061124736841"
                    }
                ]
            },
            {
                "perspective": "bottom",
                "sizes": [
                    {
                        "size": "xlarge",
                        "url": "https://www.kroger.com/product/images/xlarge/bottom/0061124736841"
                    },
                    {
                        "size": "large",
                        "url": "https://www.kroger.com/product/images/large/bottom/0061124736841"
                    },
                    {
                        "size": "medium",
                        "url": "https://www.kroger.com/product/images/medium/bottom/0061124736841"
                    },
                    {
                        "size": "small",
                        "url": "https://www.kroger.com/product/images/small/bottom/0061124736841"
                    },
                    {
                        "size": "thumbnail",
                        "url": "https://www.kroger.com/product/images/thumbnail/bottom/0061124736841"
                    }
                ]
            }
        ],
        "items": [
            {
                "itemId": "0061124736841",
                "inventory": {
                    "stockLevel": "HIGH"
                },
                "favorite": false,
                "fulfillment": {
                    "curbside": false,
                    "delivery": false,
                    "inStore": false,
                    "shipToHome": false
                },
                "price": {
                    "regular": 34.99,
                    "promo": 0
                },
                "size": "1 ct",
                "soldBy": "UNIT"
            }
        ],
        "itemInformation": {},
        "temperature": {
            "indicator": "Ambient",
            "heatSensitive": false
        }
    },
    {
        "productId": "0007217922494",
        "upc": "0007217922494",
        "productPageURI": "/p/mr-coffee-replacement-water-filters/0007217922494?cid=dis.api.tpi_products-api_20240521_b:all_c:np_t:lookupproduct-243261",
        "aisleLocations": [],
        "brand": "Mr. Coffee\u00ae",
        "categories": [
            "Kitchen"
        ],
        "description": "Mr. Coffee\u00ae Replacement Water Filters",
        "images": [
            {
                "perspective": "front",
                "featured": true,
                "sizes": [
                    {
                        "size": "xlarge",
                        "url": "https://www.kroger.com/product/images/xlarge/front/0007217922494"
                    },
                    {
                        "size": "large",
                        "url": "https://www.kroger.com/product/images/large/front/0007217922494"
                    },
                    {
                        "size": "medium",
                        "url": "https://www.kroger.com/product/images/medium/front/0007217922494"
                    },
                    {
                        "size": "small",
                        "url": "https://www.kroger.com/product/images/small/front/0007217922494"
                    },
                    {
                        "size": "thumbnail",
                        "url": "https://www.kroger.com/product/images/thumbnail/front/0007217922494"
                    }
                ]
            }
        ],
        "items": [
            {
                "itemId": "0007217922494",
                "favorite": false,
                "fulfillment": {
                    "curbside": false,
                    "delivery": false,
                    "inStore": false,
                    "shipToHome": false
                },
                "size": "2 pk"
            }
        ],
        "itemInformation": {},
        "temperature": {
            "indicator": "Ambient",
            "heatSensitive": false
        }
    },
    {
        "productId": "0061124735598",
        "upc": "0061124735598",
        "productPageURI": "/p/keurig-k-classic-single-serve-coffee-brewer-black/0061124735598?cid=dis.api.tpi_products-api_20240521_b:all_c:np_t:lookupproduct-243261",
        "aisleLocations": [],
        "brand": "Keurig\u00ae",
        "categories": [
            "Kitchen"
        ],
        "description": "Keurig\u00ae K-Classic Single Serve Coffee Brewer - Black",
        "images": [
            {
                "perspective": "top",
                "sizes": [
                    {
                        "size": "xlarge",
                        "url": "https://www.kroger.com/product/images/xlarge/top/0061124735598"
                    },
                    {
                        "size": "large",
                        "url": "https://www.kroger.com/product/images/large/top/0061124735598"
                    },
                    {
                        "size": "medium",
                        "url": "https://www.kroger.com/product/images/medium/top/0061124735598"
                    },
                    {
                        "size": "small",
                        "url": "https://www.kroger.com/product/images/small/top/0061124735598"
                    },
                    {
                        "size": "thumbnail",
                        "url": "https://www.kroger.com/product/images/thumbnail/top/0061124735598"
                    }
                ]
            },
            {
                "perspective": "front",
                "featured": true,
                "sizes": [
                    {
                        "size": "xlarge",
                        "url": "https://www.kroger.com/product/images/xlarge/front/0061124735598"
                    },
                    {
                        "size": "large",
                        "url": "https://www.kroger.com/product/images/large/front/0061124735598"
                    },
                    {
                        "size": "medium",
                        "url": "https://www.kroger.com/product/images/medium/front/0061124735598"
                    },
                    {
                        "size": "small",
                        "url": "https://www.kroger.com/product/images/small/front/0061124735598"
                    },
                    {
                        "size": "thumbnail",
                        "url": "https://www.kroger.com/product/images/thumbnail/front/0061124735598"
                    }
                ]
            }
        ],
        "items": [
            {
                "itemId": "0061124735598",
                "inventory": {
                    "stockLevel": "HIGH"
                },
                "favorite": false,
                "fulfillment": {
                    "curbside": true,
                    "delivery": true,
                    "inStore": true,
                    "shipToHome": false
                },
                "size": "1 ct"
            }
        ],
        "itemInformation": {},
        "temperature": {
            "indicator": "Ambient",
            "heatSensitive": false
        }
    },
    {
        "productId": "0001094210438",
        "upc": "0001094210438",
        "productPageURI": "/p/krups-fast-touch-coffee-and-spice-grinder-black/0001094210438?cid=dis.api.tpi_products-api_20240521_b:all_c:np_t:lookupproduct-243261",
        "aisleLocations": [],
        "brand": "Krups",
        "categories": [
            "Kitchen"
        ],
        "description": "Krups Fast Touch Coffee and Spice Grinder - Black",
        "images": [
            {
                "perspective": "right",
                "sizes": [
                    {
                        "size": "xlarge",
                        "url": "https://www.kroger.com/product/images/xlarge/right/0001094210438"
                    },
                    {
                        "size": "large",
                        "url": "https://www.kroger.com/product/images/large/right/0001094210438"
                    },
                    {
                        "size": "medium",
                        "url": "https://www.kroger.com/product/images/medium/right/0001094210438"
                    },
                    {
                        "size": "small",
                        "url": "https://www.kroger.com/product/images/small/right/0001094210438"
                    },
                    {
                        "size": "thumbnail",
                        "url": "https://www.kroger.com/product/images/thumbnail/right/0001094210438"
                    }
                ]
            },
            {
                "perspective": "front",
                "featured": true,
                "sizes": [
                    {
                        "size": "xlarge",
                        "url": "https://www.kroger.com/product/images/xlarge/front/0001094210438"
                    },
                    {
                        "size": "large",
                        "url": "https://www.kroger.com/product/images/large/front/0001094210438"
                    },
                    {
                        "size": "medium",
                        "url": "https://www.kroger.com/product/images/medium/front/0001094210438"
                    },
                    {
                        "size": "small",
                        "url": "https://www.kroger.com/product/images/small/front/0001094210438"
                    },
                    {
                        "size": "thumbnail",
                        "url": "https://www.kroger.com/product/images/thumbnail/front/0001094210438"
                    }
                ]
            },
            {
                "perspective": "back",
                "sizes": [
                    {
                        "size": "xlarge",
                        "url": "https://www.kroger.com/product/images/xlarge/back/0001094210438"
                    },
                    {
                        "size": "large",
                        "url": "https://www.kroger.com/product/images/large/back/0001094210438"
                    },
                    {
                        "size": "medium",
                        "url": "https://www.kroger.com/product/images/medium/back/0001094210438"
                    },
                    {
                        "size": "small",
                        "url": "https://www.kroger.com/product/images/small/back/0001094210438"
                    },
                    {
                        "size": "thumbnail",
                        "url": "https://www.kroger.com/product/images/thumbnail/back/0001094210438"
                    }
                ]
            },
            {
                "perspective": "left",
                "sizes": [
                    {
                        "size": "xlarge",
                        "url": "https://www.kroger.com/product/images/xlarge/left/0001094210438"
                    },
                    {
                        "size": "large",
                        "url": "https://www.kroger.com/product/images/large/left/0001094210438"
                    },
                    {
                        "size": "medium",
                        "url": "https://www.kroger.com/product/images/medium/left/0001094210438"
                    },
                    {
                        "size": "small",
                        "url": "https://www.kroger.com/product/images/small/left/0001094210438"
                    },
                    {
                        "size": "thumbnail",
                        "url": "https://www.kroger.com/product/images/thumbnail/left/0001094210438"
                    }
                ]
            }
        ],
        "items": [
            {
                "itemId": "0001094210438",
                "inventory": {
                    "stockLevel": "HIGH"
                },
                "favorite": false,
                "fulfillment": {
                    "curbside": false,
                    "delivery": false,
                    "inStore": false,
                    "shipToHome": false
                },
                "price": {
                    "regular": 19.99,
                    "promo": 0
                },
                "size": "1 ct",
                "soldBy": "UNIT"
            }
        ],
        "itemInformation": {},
        "temperature": {
            "indicator": "Ambient",
            "heatSensitive": false
        }
    },
    {
        "productId": "0044480040779",
        "upc": "0044480040779",
        "productPageURI": "/p/our-table-landon-teapot-in-pepper/0044480040779?cid=dis.api.tpi_products-api_20240521_b:all_c:np_t:lookupproduct-243261",
        "aisleLocations": [],
        "categories": [
            "Kitchen",
            "Kitchen"
        ],
        "description": "Our Table\u2122 Landon Teapot in Pepper",
        "images": [
            {
                "perspective": "front",
                "featured": true,
                "sizes": [
                    {
                        "size": "xlarge",
                        "url": "https://www.kroger.com/product/images/xlarge/front/0044480040779"
                    },
                    {
                        "size": "large",
                        "url": "https://www.kroger.com/product/images/large/front/0044480040779"
                    },
                    {
                        "size": "medium",
                        "url": "https://www.kroger.com/product/images/medium/front/0044480040779"
                    },
                    {
                        "size": "small",
                        "url": "https://www.kroger.com/product/images/small/front/0044480040779"
                    },
                    {
                        "size": "thumbnail",
                        "url": "https://www.kroger.com/product/images/thumbnail/front/0044480040779"
                    }
                ]
            }
        ],
        "items": [
            {
                "itemId": "0044480040779",
                "favorite": false,
                "fulfillment": {
                    "curbside": false,
                    "delivery": false,
                    "inStore": false,
                    "shipToHome": false
                },
                "size": "38.8 oz"
            }
        ],
        "itemInformation": {},
        "temperature": {
            "indicator": "Ambient",
            "heatSensitive": false
        }
    },
    {
        "productId": "0008469185781",
        "upc": "0008469185781",
        "productPageURI": "/p/cafe-769-c7cdaas2ps3-specialty-drop-coffee-maker-stainless-steel/0008469185781?cid=dis.api.tpi_products-api_20240521_b:all_c:np_t:lookupproduct-243261",
        "aisleLocations": [],
        "categories": [
            "Garden & Patio"
        ],
        "description": "Cafe&#769; C7CDAAS2PS3 Specialty Drop Coffee Maker - Stainless Steel",
        "images": [
            {
                "perspective": "front",
                "featured": true,
                "sizes": [
                    {
                        "size": "xlarge",
                        "url": "https://www.kroger.com/product/images/xlarge/front/0008469185781"
                    },
                    {
                        "size": "large",
                        "url": "https://www.kroger.com/product/images/large/front/0008469185781"
                    },
                    {
                        "size": "medium",
                        "url": "https://www.kroger.com/product/images/medium/front/0008469185781"
                    },
                    {
                        "size": "small",
                        "url": "https://www.kroger.com/product/images/small/front/0008469185781"
                    },
                    {
                        "size": "thumbnail",
                        "url": "https://www.kroger.com/product/images/thumbnail/front/0008469185781"
                    }
                ]
            }
        ],
        "items": [
            {
                "itemId": "0008469185781",
                "favorite": false,
                "fulfillment": {
                    "curbside": false,
                    "delivery": false,
                    "inStore": false,
                    "shipToHome": false
                },
                "size": "1"
            }
        ],
        "itemInformation": {},
        "temperature": {
            "indicator": "Ambient",
            "heatSensitive": false
        }
    },
    {
        "productId": "0044480040778",
        "upc": "0044480040778",
        "productPageURI": "/p/our-table-landon-teapot-in-sea-salt/0044480040778?cid=dis.api.tpi_products-api_20240521_b:all_c:np_t:lookupproduct-243261",
        "aisleLocations": [],
        "categories": [
            "Kitchen",
            "Kitchen"
        ],
        "description": "Our Table\u2122 Landon Teapot in Sea Salt",
        "images": [
            {
                "perspective": "front",
                "featured": true,
                "sizes": [
                    {
                        "size": "xlarge",
                        "url": "https://www.kroger.com/product/images/xlarge/front/0044480040778"
                    },
                    {
                        "size": "large",
                        "url": "https://www.kroger.com/product/images/large/front/0044480040778"
                    },
                    {
                        "size": "medium",
                        "url": "https://www.kroger.com/product/images/medium/front/0044480040778"
                    },
                    {
                        "size": "small",
                        "url": "https://www.kroger.com/product/images/small/front/0044480040778"
                    },
                    {
                        "size": "thumbnail",
                        "url": "https://www.kroger.com/product/images/thumbnail/front/0044480040778"
                    }
                ]
            }
        ],
        "items": [
            {
                "itemId": "0044480040778",
                "favorite": false,
                "fulfillment": {
                    "curbside": false,
                    "delivery": false,
                    "inStore": false,
                    "shipToHome": false
                },
                "size": "38.8 oz"
            }
        ],
        "itemInformation": {},
        "temperature": {
            "indicator": "Ambient",
            "heatSensitive": false
        }
    },
    {
        "productId": "0044480040773",
        "upc": "0044480040773",
        "productPageURI": "/p/our-table-simply-white-teapot/0044480040773?cid=dis.api.tpi_products-api_20240521_b:all_c:np_t:lookupproduct-243261",
        "aisleLocations": [],
        "categories": [
            "Kitchen",
            "Kitchen"
        ],
        "description": "Our Table\u2122 Simply White Teapot",
        "images": [
            {
                "perspective": "front",
                "featured": true,
                "sizes": [
                    {
                        "size": "xlarge",
                        "url": "https://www.kroger.com/product/images/xlarge/front/0044480040773"
                    },
                    {
                        "size": "large",
                        "url": "https://www.kroger.com/product/images/large/front/0044480040773"
                    },
                    {
                        "size": "medium",
                        "url": "https://www.kroger.com/product/images/medium/front/0044480040773"
                    },
                    {
                        "size": "small",
                        "url": "https://www.kroger.com/product/images/small/front/0044480040773"
                    },
                    {
                        "size": "thumbnail",
                        "url": "https://www.kroger.com/product/images/thumbnail/front/0044480040773"
                    }
                ]
            }
        ],
        "items": [
            {
                "itemId": "0044480040773",
                "favorite": false,
                "fulfillment": {
                    "curbside": false,
                    "delivery": false,
                    "inStore": false,
                    "shipToHome": false
                },
                "size": "48 oz"
            }
        ],
        "itemInformation": {},
        "temperature": {
            "indicator": "Ambient",
            "heatSensitive": false
        }
    },
    {
        "productId": "0007217923688",
        "upc": "0007217923688",
        "productPageURI": "/p/mr-coffee-bvmc-em7000ds-1-touch-19-bar-pump-programmable-espresso-maker-machine/0007217923688?cid=dis.api.tpi_products-api_20240521_b:all_c:np_t:lookupproduct-243261",
        "aisleLocations": [],
        "categories": [
            "Kitchen"
        ],
        "description": "Mr. Coffee BVMC-EM7000DS 1 Touch 19 Bar Pump Programmable Espresso Maker Machine",
        "images": [
            {
                "perspective": "front",
                "featured": true,
                "sizes": [
                    {
                        "size": "xlarge",
                        "url": "https://www.kroger.com/product/images/xlarge/front/0007217923688"
                    },
                    {
                        "size": "large",
                        "url": "https://www.kroger.com/product/images/large/front/0007217923688"
                    },
                    {
                        "size": "medium",
                        "url": "https://www.kroger.com/product/images/medium/front/0007217923688"
                    },
                    {
                        "size": "small",
                        "url": "https://www.kroger.com/product/images/small/front/0007217923688"
                    },
                    {
                        "size": "thumbnail",
                        "url": "https://www.kroger.com/product/images/thumbnail/front/0007217923688"
                    }
                ]
            }
        ],
        "items": [
            {
                "itemId": "0007217923688",
                "favorite": false,
                "fulfillment": {
                    "curbside": false,
                    "delivery": false,
                    "inStore": false,
                    "shipToHome": false
                },
                "size": "1"
            }
        ],
        "itemInformation": {},
        "temperature": {
            "indicator": "Ambient",
            "heatSensitive": false
        }
    }
]