[
    {
        "productId": "0088796104607",
        "upc": "0088796104607",
        "productPageURI": "/p/fisher-price-butterfly-dreams-3-in-1-musical-projection-mobile/0088796104607?cid=dis.api.tpi_products-api_20240521_b:all_c:np_t:lookupproduct-243261",
        "aisleLocations": [],
        "categories": [
            "Baby"
        ],
        "description": "Fisher-Price\u00ae Butterfly Dreams\u2122 3-in-1 Musical Projection Mobile",
        "images": [
            {
                "perspective": "front",
                "featured": true,
                "sizes": [
                    {
                        "size": "xlarge",
                        "url": "https://www.kroger.com/product/images/xlarge/front/0088796104607"
                    },
                    {
                        "size": "large",
                        "url": "https://www.kroger.com/product/images/large/front/0088796104607"
                    },
                    {
                        "size": "medium",
                        "url": "https://www.kroger.com/product/images/medium/front/0088796104607"
                    },
                    {
                        "size": "small",
                        "url": "https://www.kroger.com/product/images/small/front/0088796104607"
                    },
                    {
                        "size": "thumbnail",
                        "url": "https://www.kroger.com/product/images/thumbnail/front/0088796104607"
                    }
                ]
            }
        ],
        "items": [
            {
                "itemId": "0088796104607",
                "favorite": false,
                "fulfillment": {
                    "curbside": false,
                    "delivery": false,
                    "inStore": false,
                    "shipToHome": false
                },
                "size": "no size"
            }
        ],
        "itemInformation": {},
        "temperature": {
            "indicator": "Ambient",
            "heatSensitive": false
        }
    },
    {
        "productId": "0002998671215",
        "upc": "0002998671215",
        "productPageURI": "/p/rowan-valley-arden-6-drawer-white-changing-dresser/0002998671215?cid=dis.api.tpi_products-api_20240521_b:all_c:np_t:lookupproduct-243261",
        "aisleLocations": [],
        "categories": [
            "Baby"
        ],
        "description": "Rowan Valley Arden 6 Drawer White Changing Dresser",
        "images": [
            {
                "perspective": "front",
                "featured": true,
                "sizes": [
                    {
                        "size": "xlarge",
                        "url": "https://www.kroger.com/product/images/xlarge/front/0002998671215"
                    },
                    {
                        "size": "large",
                        "url": "https://www.kroger.com/product/images/large/front/0002998671215"
                    },
                    {
                        "size": "medium",
                        "url": "https://www.kroger.com/product/images/medium/front/0002998671215"
                    },
                    {
                        "size": "small",
                        "url": "https://www.kroger.com/product/images/small/front/0002998671215"
                    },
                    {
                        "size": "thumbnail",
                        "url": "https://www.kroger.com/product/images/thumbnail/front/0002998671215"
                    }
                ]
            }
        ],
        "items": [
            {
                "itemId": "0002998671215",
                "favorite": false,
                "fulfillment": {
                    "curbside": false,
                    "delivery": false,
                    "inStore": false,
                    "shipToHome": false
                },
                "size": "1"
            }
        ],
        "itemInformation": {},
        "temperature": {
            "indicator": "Ambient",
            "heatSensitive": false
        }
    },
    {
        "productId": "0088796168755",
        "upc": "0088796168755",
        "productPageURI": "/p/fisher-price-llama-grow-with-me-tummy-time-play-pillow/0088796168755?cid=dis.api.tpi_products-api_20240521_b:all_c:np_t:lookupproduct-243261",
        "aisleLocations": [],
        "categories": [
            "Baby"
        ],
        "description": "Fisher-Price\u00ae Llama Grow-with-Me Tummy Time Play Pillow",
        "images": [
            {
                "perspective": "front",
                "featured": true,
                "sizes": [
                    {
                        "size": "xlarge",
                        "url": "https://www.kroger.com/product/images/xlarge/front/0088796168755"
                    },
                    {
                        "size": "large",
                        "url": "https://www.kroger.com/product/images/large/front/0088796168755"
                    },
                    {
                        "size": "medium",
                        "url": "https://www.kroger.com/product/images/medium/front/0088796168755"
                    },
                    {
                        "size": "small",
                        "url": "https://www.kroger.com/product/images/small/front/0088796168755"
                    },
                    {
                        "size": "thumbnail",
                        "url": "https://www.kroger.com/product/images/thumbnail/front/0088796168755"
                    }
                ]
            }
        ],
        "items": [
            {
                "itemId": "0088796168755",
                "favorite": false,
                "fulfillment": {
                    "curbside": false,
                    "delivery": false,
                    "inStore": false,
                    "shipToHome": false
                },
                "size": "1 unit"
            }
        ],
        "itemInformation": {},
        "temperature": {
            "indicator": "Ambient",
            "heatSensitive": false
        }
    },
    {
        "productId": "0002673758358",
        "upc": "0002673758358",
        "productPageURI": "/p/jocelyn-kids-craft-desk-blonde-oak/0002673758358?cid=dis.api.tpi_products-api_20240521_b:all_c:np_t:lookupproduct-243261",
        "aisleLocations": [],
        "categories": [
            "Baby"
        ],
        "description": "Jocelyn Kids Craft Desk, Blonde Oak",
        "images": [
            {
                "perspective": "front",
                "featured": true,
                "sizes": [
                    {
                        "size": "xlarge",
                        "url": "https://www.kroger.com/product/images/xlarge/front/0002673758358"
                    },
                    {
                        "size": "large",
                        "url": "https://www.kroger.com/product/images/large/front/0002673758358"
                    },
                    {
                        "size": "medium",
                        "url": "https://www.kroger.com/product/images/medium/front/0002673758358"
                    },
                    {
                        "size": "small",
                        "url": "https://www.kroger.com/product/images/small/front/0002673758358"
                    },
                    {
                        "size": "thumbnail",
                        "url": "https://www.kroger.com/product/images/thumbnail/front/0002673758358"
                    }
                ]
            }
        ],
        "items": [
            {
                "itemId": "0002673758358",
                "favorite": false,
                "fulfillment": {
                    "curbside": false,
                    "delivery": false,
                    "inStore": false,
                    "shipToHome": false
                },
                "size": "1"
            }
        ],
        "itemInformation": {},
        "temperature": {
            "indicator": "Ambient",
            "heatSensitive": false
        }
    },
    {
        "productId": "0006585721294",
        "upc": "0006585721294",
        "productPageURI": "/p/baby-relax-coco-chair-and-a-half-and-glider-nursery-living-room-gray/0006585721294?cid=dis.api.tpi_products-api_20240521_b:all_c:np_t:lookupproduct-243261",
        "aisleLocations": [],
        "categories": [
            "Baby"
        ],
        "description": "Baby Relax Coco Chair and a Half and Glider, Nursery & Living Room, Gray",
        "images": [
            {
                "perspective": "front",
                "featured": true,
                "sizes": [
                    {
                        "size": "xlarge",
                        "url": "https://www.kroger.com/product/images/xlarge/front/0006585721294"
                    },
                    {
                        "size": "large",
                        "url": "https://www.kroger.com/product/images/large/front/0006585721294"
                    },
                    {
                        "size": "medium",
                        "url": "https://www.kroger.com/product/images/medium/front/0006585721294"
                    },
                    {
                        "size": "small",
                        "url": "https://www.kroger.com/product/images/small/front/0006585721294"
                    },
                    {
                        "size": "thumbnail",
                        "url": "https://www.kroger.com/product/images/thumbnail/front/0006585721294"
                    }
                ]
            }
        ],
        "items": [
            {
                "itemId": "0006585721294",
                "favorite": false,
                "fulfillment": {
                    "curbside": false,
                    "delivery": false,
                    "inStore": false,
                    "shipToHome": false
                },
                "size": "1"
            }
        ],
        "itemInformation": {},
        "temperature": {
            "indicator": "Ambient",
            "heatSensitive": false
        }
    },
    {
        "productId": "0004365781450",
        "upc": "0004365781450",
        "productPageURI": "/p/deluxe-rocking-doll-crib-accessories/0004365781450?cid=dis.api.tpi_products-api_20240521_b:all_c:np_t:lookupproduct-243261",
        "aisleLocations": [],
        "categories": [
            "Entertainment"
        ],
        "description": "Deluxe Rocking Doll Crib & Accessories",
        "images": [
            {
                "perspective": "front",
                "featured": true,
                "sizes": [
                    {
                        "size": "xlarge",
                        "url": "https://www.kroger.com/product/images/xlarge/front/0004365781450"
                    },
                    {
                        "size": "large",
                        "url": "https://www.kroger.com/product/images/large/front/0004365781450"
                    },
                    {
                        "size": "medium",
                        "url": "https://www.kroger.com/product/images/medium/front/0004365781450"
                    },
                    {
                        "size": "small",
                        "url": "https://www.kroger.com/product/images/small/front/0004365781450"
                    },
                    {
                        "size": "thumbnail",
                        "url": "https://www.kroger.com/product/images/thumbnail/front/0004365781450"
                    }
                ]
            }
        ],
        "items": [
            {
                "itemId": "0004365781450",
                "favorite": false,
                "fulfillment": {
                    "curbside": false,
                    "delivery": false,
                    "inStore": false,
                    "shipToHome": false
                },
                "size": "1"
            }
        ],
        "itemInformation": {},
        "temperature": {
            "indicator": "Ambient",
            "heatSensitive": false
        }
    },
    {
        "productId": "0088881751273",
        "upc": "0088881751273",
        "productPageURI": "/p/karma-baby-wall-mounted-baby-changing-table-fold-down-diaper-changing-station-white/0088881751273?cid=dis.api.tpi_products-api_20240521_b:all_c:np_t:lookupproduct-243261",
        "aisleLocations": [],
        "categories": [
            "Baby"
        ],
        "description": "Karma Baby Wall Mounted Baby Changing Table Fold-Down Diaper Changing Station - White",
        "images": [
            {
                "perspective": "right",
                "sizes": [
                    {
                        "size": "xlarge",
                        "url": "https://www.kroger.com/product/images/xlarge/right/0088881751273"
                    },
                    {
                        "size": "large",
                        "url": "https://www.kroger.com/product/images/large/right/0088881751273"
                    },
                    {
                        "size": "medium",
                        "url": "https://www.kroger.com/product/images/medium/right/0088881751273"
                    },
                    {
                        "size": "small",
                        "url": "https://www.kroger.com/product/images/small/right/0088881751273"
                    },
                    {
                        "size": "thumbnail",
                        "url": "https://www.kroger.com/product/images/thumbnail/right/0088881751273"
                    }
                ]
            },
            {
                "perspective": "back",
                "sizes": [
                    {
                        "size": "xlarge",
                        "url": "https://www.kroger.com/product/images/xlarge/back/0088881751273"
                    },
                    {
                        "size": "large",
                        "url": "https://www.kroger.com/product/images/large/back/0088881751273"
                    },
                    {
                        "size": "medium",
                        "url": "https://www.kroger.com/product/images/medium/back/0088881751273"
                    },
                    {
                        "size": "small",
                        "url": "https://www.kroger.com/product/images/small/back/0088881751273"
                    },
                    {
                        "size": "thumbnail",
                        "url": "https://www.kroger.com/product/images/thumbnail/back/0088881751273"
                    }
                ]
            },
            {
                "perspective": "front",
                "featured": true,
                "sizes": [
                    {
                        "size": "xlarge",
                        "url": "https://www.kroger.com/product/images/xlarge/front/0088881751273"
                    },
                    {
                        "size": "large",
                        "url": "https://www.kroger.com/product/images/large/front/0088881751273"
                    },
                    {
                        "size": "medium",
                        "url": "https://www.kroger.com/product/images/medium/front/0088881751273"
                    },
                    {
                        "size": "small",
                        "url": "https://www.kroger.com/product/images/small/front/0088881751273"
                    },
                    {
                        "size": "thumbnail",
                        "url": "https://www.kroger.com/product/images/thumbnail/front/0088881751273"
                    }
                ]
            },
            {
                "perspective": "bottom",
                "sizes": [
                    {
                        "size": "xlarge",
                        "url": "https://www.kroger.com/product/images/xlarge/bottom/0088881751273"
                    },
                    {
                        "size": "large",
                        "url": "https://www.kroger.com/product/images/large/bottom/0088881751273"
                    },
                    {
                        "size": "medium",
                        "url": "https://www.kroger.com/product/images/medium/bottom/0088881751273"
                    },
                    {
                        "size": "small",
                        "url": "https://www.kroger.com/product/images/small/bottom/0088881751273"
                    },
                    {
                        "size": "thumbnail",
                        "url": "https://www.kroger.com/product/images/thumbnail/bottom/0088881751273"
                    }
                ]
            },
            {
                "perspective": "top",
                "sizes": [
                    {
                        "size": "xlarge",
                        "url": "https://www.kroger.com/product/images/xlarge/top/0088881751273"
                    },
                    {
                        "size": "large",
                        "url": "https://www.kroger.com/product/images/large/top/0088881751273"
                    },
                    {
                        "size": "medium",
                        "url": "https://www.kroger.com/product/images/medium/top/0088881751273"
                    },
                    {
                        "size": "small",
                        "url": "https://www.kroger.com/product/images/small/top/0088881751273"
                    },
                    {
                        "size": "thumbnail",
                        "url": "https://www.kroger.com/product/images/thumbnail/top/0088881751273"
                    }
                ]
            },
            {
                "perspective": "left",
                "sizes": [
                    {
                        "size": "xlarge",
                        "url": "https://www.kroger.com/product/images/xlarge/left/0088881751273"
                    },
                    {
                        "size": "large",
                        "url": "https://www.kroger.com/product/images/large/left/0088881751273"
                    },
                    {
                        "size": "medium",
                        "url": "https://www.kroger.com/product/images/medium/left/0088881751273"
                    },
                    {
                        "size": "small",
                        "url": "https://www.kroger.com/product/images/small/left/0088881751273"
                    },
                    {
                        "size": "thumbnail",
                        "url": "https://www.kroger.com/product/images/thumbnail/left/0088881751273"
                    }
                ]
            }
        ],
        "items": [
            {
                "itemId": "0088881751273",
                "favorite": false,
                "fulfillment": {
                    "curbside": false,
                    "delivery": false,
                    "inStore": false,
                    "shipToHome": false
                },
                "size": "1 count"
            }
        ],
        "itemInformation": {},
        "temperature": {
            "indicator": "Ambient",
            "heatSensitive": false
        }
    },
    {
        "productId": "0073497000940",
        "upc": "0073497000940",
        "productPageURI": "/p/primo-cocoon-folding-travel-bassinet-in-grey/0073497000940?cid=dis.api.tpi_products-api_20240521_b:all_c:np_t:lookupproduct-243261",
        "aisleLocations": [],
        "categories": [
            "Baby"
        ],
        "description": "Primo\u00ae Cocoon Folding Travel Bassinet in Grey",
        "images": [
            {
                "perspective": "front",
                "featured": true,
                "sizes": [
                    {
                        "size": "xlarge",
                        "url": "https://www.kroger.com/product/images/xlarge/front/0073497000940"
                    },
                    {
                        "size": "large",
                        "url": "https://www.kroger.com/product/images/large/front/0073497000940"
                    },
                    {
                        "size": "medium",
                        "url": "https://www.kroger.com/product/images/medium/front/0073497000940"
                    },
                    {
                        "size": "small",
                        "url": "https://www.kroger.com/product/images/small/front/0073497000940"
                    },
                    {
                        "size": "thumbnail",
                        "url": "https://www.kroger.com/product/images/thumbnail/front/0073497000940"
                    }
                ]
            }
        ],
        "items": [
            {
                "itemId": "0073497000940",
                "favorite": false,
                "fulfillment": {
                    "curbside": false,
                    "delivery": false,
                    "inStore": false,
                    "shipToHome": false
                },
                "size": "ns"
            }
        ],
        "itemInformation": {},
        "temperature": {
            "indicator": "Ambient",
            "heatSensitive": false
        }
    },
    {
        "productId": "0002998691901",
        "upc": "0002998691901",
        "productPageURI": "/p/rowan-valley-arden-6-drawer-white-kids-dresser/0002998691901?cid=dis.api.tpi_products-api_20240521_b:all_c:np_t:lookupproduct-243261",
        "aisleLocations": [],
        "brand": "19 Crimes Wine",
        "categories": [
            "Baby"
        ],
        "description": "Rowan Valley Arden 6 Drawer White Kids? Dresser",
        "images": [
            {
                "perspective": "front",
                "featured": true,
                "sizes": [
                    {
                        "size": "xlarge",
                        "url": "https://www.kroger.com/product/images/xlarge/front/0002998691901"
                    },
                    {
                        "size": "large",
                        "url": "https://www.kroger.com/product/images/large/front/0002998691901"
                    },
                    {
                        "size": "medium",
                        "url": "https://www.kroger.com/product/images/medium/front/0002998691901"
                    },
                    {
                        "size": "small",
                        "url": "https://www.kroger.com/product/images/small/front/0002998691901"
                    },
                    {
                        "size": "thumbnail",
                        "url": "https://www.kroger.com/product/images/thumbnail/front/0002998691901"
                    }
                ]
            }
        ],
        "items": [
            {
                "itemId": "0002998691901",
                "favorite": false,
                "fulfillment": {
                    "curbside": false,
                    "delivery": false,
                    "inStore": false,
                    "shipToHome": false
                },
                "size": "1"
            }
        ],
        "itemInformation": {},
        "temperature": {
            "indicator": "Ambient",
            "heatSensitive": false
        }
    },
    {
        "productId": "0002673727721",
        "upc": "0002673727721",
        "productPageURI": "/p/jocelyn-kids-craft-desk-white/0002673727721?cid=dis.api.tpi_products-api_20240521_b:all_c:np_t:lookupproduct-243261",
        "aisleLocations": [],
        "categories": [
            "Baby"
        ],
        "description": "Jocelyn Kids Craft Desk, White",
        "images": [
            {
                "perspective": "front",
                "featured": true,
                "sizes": [
                    {
                        "size": "xlarge",
                        "url": "https://www.kroger.com/product/images/xlarge/front/0002673727721"
                    },
                    {
                        "size": "large",
                        "url": "https://www.kroger.com/product/images/large/front/0002673727721"
                    },
                    {
                        "size": "medium",
                        "url": "https://www.kroger.com/product/images/medium/front/0002673727721"
                    },
                    {
                        "size": "small",
                        "url": "https://www.kroger.com/product/images/small/front/0002673727721"
                    },
                    {
                        "size": "thumbnail",
                        "url": "https://www.kroger.com/product/images/thumbnail/front/0002673727721"
                    }
                ]
            }
        ],
        "items": [
            {
                "itemId": "0002673727721",
                "favorite": false,
                "fulfillment": {
                    "curbside": false,
                    "delivery": false,
                    "inStore": false,
                    "shipToHome": false
                },
                "size": "1"
            }
        ],
        "itemInformation": {},
        "temperature": {
            "indicator": "Ambient",
            "heatSensitive": false
        }
    },
    {
        "productId": "0004979661124",
        "upc": "0004979661124",
        "productPageURI": "/p/chicco-close-to-you-3-in-1-bedside-bassinet-heather-grey/0004979661124?cid=dis.api.tpi_products-api_20240521_b:all_c:np_t:lookupproduct-243261",
        "aisleLocations": [],
        "categories": [
            "Baby"
        ],
        "description": "Chicco Close To You\u2122 3-in-1 Bedside Bassinet - Heather Grey",
        "images": [
            {
                "perspective": "front",
                "featured": true,
                "sizes": [
                    {
                        "size": "xlarge",
                        "url": "https://www.kroger.com/product/images/xlarge/front/0004979661124"
                    },
                    {
                        "size": "large",
                        "url": "https://www.kroger.com/product/images/large/front/0004979661124"
                    },
                    {
                        "size": "medium",
                        "url": "https://www.kroger.com/product/images/medium/front/0004979661124"
                    },
                    {
                        "size": "small",
                        "url": "https://www.kroger.com/product/images/small/front/0004979661124"
                    },
                    {
                        "size": "thumbnail",
                        "url": "https://www.kroger.com/product/images/thumbnail/front/0004979661124"
                    }
                ]
            }
        ],
        "items": [
            {
                "itemId": "0004979661124",
                "favorite": false,
                "fulfillment": {
                    "curbside": false,
                    "delivery": false,
                    "inStore": false,
                    "shipToHome": false
                },
                "size": "ns"
            }
        ],
        "itemInformation": {},
        "temperature": {
            "indicator": "Ambient",
            "heatSensitive": false
        }
    },
    {
        "productId": "0008178767325",
        "upc": "0008178767325",
        "productPageURI": "/p/carter-s-octopus-on-the-go-soother-in-turquoise/0008178767325?cid=dis.api.tpi_products-api_20240521_b:all_c:np_t:lookupproduct-243261",
        "aisleLocations": [],
        "categories": [
            "Baby"
        ],
        "description": "carter's\u00ae Octopus On-The-Go Soother in Turquoise",
        "images": [
            {
                "perspective": "front",
                "featured": true,
                "sizes": [
                    {
                        "size": "xlarge",
                        "url": "https://www.kroger.com/product/images/xlarge/front/0008178767325"
                    },
                    {
                        "size": "large",
                        "url": "https://www.kroger.com/product/images/large/front/0008178767325"
                    },
                    {
                        "size": "medium",
                        "url": "https://www.kroger.com/product/images/medium/front/0008178767325"
                    },
                    {
                        "size": "small",
                        "url": "https://www.kroger.com/product/images/small/front/0008178767325"
                    },
                    {
                        "size": "thumbnail",
                        "url": "https://www.kroger.com/product/images/thumbnail/front/0008178767325"
                    }
                ]
            }
        ],
        "items": [
            {
                "itemId": "0008178767325",
                "favorite": false,
                "fulfillment": {
                    "curbside": false,
                    "delivery": false,
                    "inStore": false,
                    "shipToHome": false
                },
                "size": "no size"
            }
        ],
        "itemInformation": {},
        "temperature": {
            "indicator": "Ambient",
            "heatSensitive": false
        }
    },
    {
        "productId": "0002673767046",
        "upc": "0002673767046",
        "productPageURI": "/p/jocelyn-kids-craft-desk-dove-gray/0002673767046?cid=dis.api.tpi_products-api_20240521_b:all_c:np_t:lookupproduct-243261",
        "aisleLocations": [],
        "categories": [
            "Baby"
        ],
        "description": "Jocelyn Kids Craft Desk, Dove Gray",
        "images": [
            {
                "perspective": "front",
                "featured": true,
                "sizes": [
                    {
                        "size": "xlarge",
                        "url": "https://www.kroger.com/product/images/xlarge/front/0002673767046"
                    },
                    {
                        "size": "large",
                        "url": "https://www.kroger.com/product/images/large/front/0002673767046"
                    },
                    {
                        "size": "medium",
                        "url": "https://www.kroger.com/product/images/medium/front/0002673767046"
                    },
                    {
                        "size": "small",
                        "url": "https://www.kroger.com/product/images/small/front/0002673767046"
                    },
                    {
                        "size": "thumbnail",
                        "url": "https://www.kroger.com/product/images/thumbnail/front/0002673767046"
                    }
                ]
            }
        ],
        "items": [
            {
                "itemId": "0002673767046",
                "favorite": false,
                "fulfillment": {
                    "curbside": false,
                    "delivery": false,
                    "inStore": false,
                    "shipToHome": false
                },
                "size": "1"
            }
        ],
        "itemInformation": {},
        "temperature": {
            "indicator": "Ambient",
            "heatSensitive": false
        }
    }
]