[
    {
        "productId": "0007910051852",
        "upc": "0007910051852",
        "productPageURI": "/p/kibbles-n-bits-small-breed-dry-dog-food/0007910051852?cid=dis.api.tpi_products-api_20240521_b:all_c:np_t:lookupproduct-243261",
        "aisleLocations": [
            {
                "bayNumber": "7",
                "description": "AISLE 13",
                "number": "13",
                "numberOfFacings": "1",
                "side": "R",
                "shelfNumber": "5",
                "shelfPositionInBay": "4"
            }
        ],
        "brand": "Kibbles 'n Bits",
        "categories": [
            "Pet Care"
        ],
        "description": "Kibbles 'n Bits Small Breed Dry Dog Food",
        "images": [
            {
                "perspective": "front",
                "featured": true,
                "sizes": [
                    {
                        "size": "xlarge",
                        "url": "https://www.kroger.com/product/images/xlarge/front/0007910051852"
                    },
                    {
                        "size": "large",
                        "url": "https://www.kroger.com/product/images/large/front/0007910051852"
                    },
                    {
                        "size": "medium",
                        "url": "https://www.kroger.com/product/images/medium/front/0007910051852"
                    },
                    {
                        "size": "small",
                        "url": "https://www.kroger.com/product/images/small/front/0007910051852"
                    },
                    {
                        "size": "thumbnail",
                        "url": "https://www.kroger.com/product/images/thumbnail/front/0007910051852"
                    }
                ]
            }
        ],
        "items": [
            {
                "itemId": "0007910051852",
                "inventory": {
                    "stockLevel": "HIGH"
                },
                "favorite": false,
                "fulfillment": {
                    "curbside": true,
                    "delivery": true,
                    "inStore": true,
                    "shipToHome": false
                },
                "price": {
                    "regular": 6.29,
                    "promo": 0
                },
                "size": "3.5 lb",
                "soldBy": "UNIT"
            }
        ],
        "itemInformation": {},
        "temperature": {
            "indicator": "Ambient",
            "heatSensitive": false
        }
    },
    {
        "productId": "0007119000601",
        "upc": "0007119000601",
        "productPageURI": "/p/rachael-ray-nutrish-real-chicken-veggies-recipe-dry-dog-food/0007119000601?cid=dis.api.tpi_products-api_20240521_b:all_c:np_t:lookupproduct-243261",
        "aisleLocations": [
            {
                "bayNumber": "14",
                "description": "AISLE 13",
                "number": "13",
                "numberOfFacings": "2",
                "side": "R",
                "shelfNumber": "5",
                "shelfPositionInBay": "3"
            }
        ],
        "brand": "Rachael Ray Nutrish",
        "categories": [
            "Pet Care"
        ],
        "description": "Rachael Ray Nutrish Real Chicken & Veggies Recipe Dry Dog Food",
        "images": [
            {
                "perspective": "front",
                "featured": true,
                "sizes": [
                    {
                        "size": "xlarge",
                        "url": "https://www.kroger.com/product/images/xlarge/front/0007119000601"
                    },
                    {
                        "size": "large",
                        "url": "https://www.kroger.com/product/images/large/front/0007119000601"
                    },
                    {
                        "size": "medium",
                        "url": "https://www.kroger.com/product/images/medium/front/0007119000601"
                    },
                    {
                        "size": "small",
                        "url": "https://www.kroger.com/product/images/small/front/0007119000601"
                    },
                    {
                        "size": "thumbnail",
                        "url": "https://www.kroger.com/product/images/thumbnail/front/0007119000601"
                    }
                ]
            }
        ],
        "items": [
            {
                "itemId": "0007119000601",
                "inventory": {
                    "stockLevel": "HIGH"
                },
                "favorite": false,
                "fulfillment": {
                    "curbside": true,
                    "delivery": true,
                    "inStore": true,
                    "shipToHome": false
                },
                "price": {
                    "regular": 13.49,
                    "promo": 0
                },
                "size": "6 lb",
                "soldBy": "UNIT"
            }
        ],
        "itemInformation": {},
        "temperature": {
            "indicator": "Ambient",
            "heatSensitive": false
        }
    },
    {
        "productId": "0001111003529",
        "upc": "0001111003529",
        "productPageURI": "/p/pet-pride-steak-vegetable-crunchy-bites-adult-dry-dog-food/0001111003529?cid=dis.api.tpi_products-api_20240521_b:all_c:np_t:lookupproduct-243261",
        "aisleLocations": [],
        "brand": "Pet Pride",
        "categories": [
            "Pet Care",
            "Pet Care"
        ],
        "description": "Pet Pride Steak & Vegetable Crunchy Bites Adult Dry Dog Food",
        "images": [
            {
                "perspective": "left",
                "sizes": [
                    {
                        "size": "xlarge",
                        "url": "https://www.kroger.com/product/images/xlarge/left/0001111003529"
                    },
                    {
                        "size": "large",
                        "url": "https://www.kroger.com/product/images/large/left/0001111003529"
                    },
                    {
                        "size": "medium",
                        "url": "https://www.kroger.com/product/images/medium/left/0001111003529"
                    },
                    {
                        "size": "small",
                        "url": "https://www.kroger.com/product/images/small/left/0001111003529"
                    },
                    {
                        "size": "thumbnail",
                        "url": "https://www.kroger.com/product/images/thumbnail/left/0001111003529"
                    }
                ]
            },
            {
                "perspective": "front",
                "featured": true,
                "sizes": [
                    {
                        "size": "xlarge",
                        "url": "https://www.kroger.com/product/images/xlarge/front/0001111003529"
                    },
                    {
                        "size": "large",
                        "url": "https://www.kroger.com/product/images/large/front/0001111003529"
                    },
                    {
                        "size": "medium",
                        "url": "https://www.kroger.com/product/images/medium/front/0001111003529"
                    },
                    {
                        "size": "small",
                        "url": "https://www.kroger.com/product/images/small/front/0001111003529"
                    },
                    {
                        "size": "thumbnail",
                        "url": "https://www.kroger.com/product/images/thumbnail/front/0001111003529"
                    }
                ]
            },
            {
                "perspective": "right",
                "sizes": [
                    {
                        "size": "xlarge",
                        "url": "https://www.kroger.com/product/images/xlarge/right/0001111003529"
                    },
                    {
                        "size": "large",
                        "url": "https://www.kroger.com/product/images/large/right/0001111003529"
                    },
                    {
                        "size": "medium",
                        "url": "https://www.kroger.com/product/images/medium/right/0001111003529"
                    },
                    {
                        "size": "small",
                        "url": "https://www.kroger.com/product/images/small/right/0001111003529"
                    },
                    {
                        "size": "thumbnail",
                        "url": "https://www.kroger.com/product/images/thumbnail/right/0001111003529"
                    }
                ]
            }
        ],
        "items": [
            {
                "itemId": "0001111003529",
                "favorite": false,
                "fulfillment": {
                    "curbside": false,
                    "delivery": false,
                    "inStore": false,
                    "shipToHome": false
                },
                "price": {
                    "regular": 18.99,
                    "promo": 0
                },
                "size": "20 lb",
                "soldBy": "UNIT"
            }
        ],
        "itemInformation": {},
        "temperature": {
            "indicator": "Ambient",
            "heatSensitive": false
        }
    },
    {
        "productId": "0007910051446",
        "upc": "0007910051446",
        "productPageURI": "/p/kibbles-n-bits-original-dry-dog-food/0007910051446?cid=dis.api.tpi_products-api_20240521_b:all_c:np_t:lookupproduct-243261",
        "aisleLocations": [
            {
                "bayNumber": "7",
                "description": "AISLE 13",
                "number": "13",
                "numberOfFacings": "1",
                "side": "R",
                "shelfNumber": "3",
                "shelfPositionInBay": "3"
            }
        ],
        "brand": "Kibbles 'n Bits",
        "categories": [
            "Pet Care"
        ],
        "description": "Kibbles 'n Bits Original Dry Dog Food",
        "images": [
            {
                "perspective": "front",
                "featured": true,
                "sizes": [
                    {
                        "size": "xlarge",
                        "url": "https://www.kroger.com/product/images/xlarge/front/0007910051446"
                    },
                    {
                        "size": "large",
                        "url": "https://www.kroger.com/product/images/large/front/0007910051446"
                    },
                    {
                        "size": "medium",
                        "url": "https://www.kroger.com/product/images/medium/front/0007910051446"
                    },
                    {
                        "size": "small",
                        "url": "https://www.kroger.com/product/images/small/front/0007910051446"
                    },
                    {
                        "size": "thumbnail",
                        "url": "https://www.kroger.com/product/images/thumbnail/front/0007910051446"
                    }
                ]
            }
        ],
        "items": [
            {
                "itemId": "0007910051446",
                "inventory": {
                    "stockLevel": "HIGH"
                },
                "favorite": false,
                "fulfillment": {
                    "curbside": true,
                    "delivery": true,
                    "inStore": true,
                    "shipToHome": false
                },
                "price": {
                    "regular": 16.49,
                    "promo": 0
                },
                "size": "16 lb",
                "soldBy": "UNIT"
            }
        ],
        "itemInformation": {},
        "temperature": {
            "indicator": "Ambient",
            "heatSensitive": false
        }
    },
    {
        "productId": "0007910511646",
        "upc": "0007910511646",
        "productPageURI": "/p/nutro-wholesome-essentials-chicken-brown-rice-sweet-potato-recipe-adult-dry-dog-food/0007910511646?cid=dis.api.tpi_products-api_20240521_b:all_c:np_t:lookupproduct-243261",
        "aisleLocations": [
            {
                "bayNumber": "16",
                "description": "AISLE 13",
                "number": "13",
                "numberOfFacings": "1",
                "side": "R",
                "shelfNumber": "5",
                "shelfPositionInBay": "5"
            }
        ],
        "brand": "Nutro",
        "categories": [
            "Pet Care",
            "Pet Care"
        ],
        "description": "Nutro Wholesome Essentials Chicken Brown Rice & Sweet Potato Recipe Adult Dry Dog Food",
        "images": [
            {
                "perspective": "left",
                "sizes": [
                    {
                        "size": "xlarge",
                        "url": "https://www.kroger.com/product/images/xlarge/left/0007910511646"
                    },
                    {
                        "size": "large",
                        "url": "https://www.kroger.com/product/images/large/left/0007910511646"
                    },
                    {
                        "size": "medium",
                        "url": "https://www.kroger.com/product/images/medium/left/0007910511646"
                    },
                    {
                        "size": "small",
                        "url": "https://www.kroger.com/product/images/small/left/0007910511646"
                    },
                    {
                        "size": "thumbnail",
                        "url": "https://www.kroger.com/product/images/thumbnail/left/0007910511646"
                    }
                ]
            },
            {
                "perspective": "front",
                "featured": true,
                "sizes": [
                    {
                        "size": "xlarge",
                        "url": "https://www.kroger.com/product/images/xlarge/front/0007910511646"
                    },
                    {
                        "size": "large",
                        "url": "https://www.kroger.com/product/images/large/front/0007910511646"
                    },
                    {
                        "size": "medium",
                        "url": "https://www.kroger.com/product/images/medium/front/0007910511646"
                    },
                    {
                        "size": "small",
                        "url": "https://www.kroger.com/product/images/small/front/0007910511646"
                    },
                    {
                        "size": "thumbnail",
                        "url": "https://www.kroger.com/product/images/thumbnail/front/0007910511646"
                    }
                ]
            },
            {
                "perspective": "right",
                "sizes": [
                    {
                        "size": "xlarge",
                        "url": "https://www.kroger.com/product/images/xlarge/right/0007910511646"
                    },
                    {
                        "size": "large",
                        "url": "https://www.kroger.com/product/images/large/right/0007910511646"
                    },
                    {
                        "size": "medium",
                        "url": "https://www.kroger.com/product/images/medium/right/0007910511646"
                    },
                    {
                        "size": "small",
                        "url": "https://www.kroger.com/product/images/small/right/0007910511646"
                    },
                    {
                        "size": "thumbnail",
                        "url": "https://www.kroger.com/product/images/thumbnail/right/0007910511646"
                    }
                ]
            }
        ],
        "items": [
            {
                "itemId": "0007910511646",
                "inventory": {
                    "stockLevel": "HIGH"
                },
                "favorite": false,
                "fulfillment": {
                    "curbside": true,
                    "delivery": true,
                    "inStore": true,
                    "shipToHome": false
                },
                "price": {
                    "regular": 23.99,
                    "promo": 0
                },
                "size": "5 lb",
                "soldBy": "UNIT"
            }
        ],
        "itemInformation": {},
        "temperature": {
            "indicator": "Ambient",
            "heatSensitive": false
        }
    },
    {
        "productId": "0001780017977",
        "upc": "0001780017977",
        "productPageURI": "/p/purina-one-plus-small-breed-adult-dry-dog-food-lamb-rice/0001780017977?cid=dis.api.tpi_products-api_20240521_b:all_c:np_t:lookupproduct-243261",
        "aisleLocations": [
            {
                "bayNumber": "11",
                "description": "AISLE 13",
                "number": "13",
                "numberOfFacings": "2",
                "side": "R",
                "shelfNumber": "5",
                "shelfPositionInBay": "2"
            }
        ],
        "brand": "Purina ONE",
        "categories": [
            "Pet Care",
            "Pet Care",
            "Pet Care"
        ],
        "description": "Purina ONE +Plus Small Breed Adult Dry Dog Food Lamb & Rice",
        "images": [
            {
                "perspective": "left",
                "sizes": [
                    {
                        "size": "xlarge",
                        "url": "https://www.kroger.com/product/images/xlarge/left/0001780017977"
                    },
                    {
                        "size": "large",
                        "url": "https://www.kroger.com/product/images/large/left/0001780017977"
                    },
                    {
                        "size": "medium",
                        "url": "https://www.kroger.com/product/images/medium/left/0001780017977"
                    },
                    {
                        "size": "small",
                        "url": "https://www.kroger.com/product/images/small/left/0001780017977"
                    },
                    {
                        "size": "thumbnail",
                        "url": "https://www.kroger.com/product/images/thumbnail/left/0001780017977"
                    }
                ]
            },
            {
                "perspective": "right",
                "sizes": [
                    {
                        "size": "xlarge",
                        "url": "https://www.kroger.com/product/images/xlarge/right/0001780017977"
                    },
                    {
                        "size": "large",
                        "url": "https://www.kroger.com/product/images/large/right/0001780017977"
                    },
                    {
                        "size": "medium",
                        "url": "https://www.kroger.com/product/images/medium/right/0001780017977"
                    },
                    {
                        "size": "small",
                        "url": "https://www.kroger.com/product/images/small/right/0001780017977"
                    },
                    {
                        "size": "thumbnail",
                        "url": "https://www.kroger.com/product/images/thumbnail/right/0001780017977"
                    }
                ]
            },
            {
                "perspective": "front",
                "featured": true,
                "sizes": [
                    {
                        "size": "xlarge",
                        "url": "https://www.kroger.com/product/images/xlarge/front/0001780017977"
                    },
                    {
                        "size": "large",
                        "url": "https://www.kroger.com/product/images/large/front/0001780017977"
                    },
                    {
                        "size": "medium",
                        "url": "https://www.kroger.com/product/images/medium/front/0001780017977"
                    },
                    {
                        "size": "small",
                        "url": "https://www.kroger.com/product/images/small/front/0001780017977"
                    },
                    {
                        "size": "thumbnail",
                        "url": "https://www.kroger.com/product/images/thumbnail/front/0001780017977"
                    }
                ]
            }
        ],
        "items": [
            {
                "itemId": "0001780017977",
                "inventory": {
                    "stockLevel": "HIGH"
                },
                "favorite": false,
                "fulfillment": {
                    "curbside": true,
                    "delivery": true,
                    "inStore": true,
                    "shipToHome": false
                },
                "price": {
                    "regular": 18.29,
                    "promo": 0
                },
                "size": "7.4 lb",
                "soldBy": "UNIT"
            }
        ],
        "itemInformation": {},
        "temperature": {
            "indicator": "Ambient",
            "heatSensitive": false
        }
    },
    {
        "productId": "0003810033022",
        "upc": "0003810033022",
        "productPageURI": "/p/moist-meaty-burger-with-cheddar-cheese-flavor-dry-dog-food-pouches-12-count/0003810033022?cid=dis.api.tpi_products-api_20240521_b:all_c:np_t:lookupproduct-243261",
        "aisleLocations": [
            {
                "bayNumber": "7",
                "description": "AISLE 13",
                "number": "13",
                "numberOfFacings": "1",
                "side": "R",
                "shelfNumber": "5",
                "shelfPositionInBay": "3"
            }
        ],
        "brand": "Moist & Meaty",
        "categories": [
            "Pet Care"
        ],
        "countryOrigin": "UNITED STATES",
        "description": "Moist & Meaty Burger with Cheddar Cheese Flavor Dry Dog Food Pouches 12 Count",
        "images": [
            {
                "perspective": "right",
                "sizes": [
                    {
                        "size": "xlarge",
                        "url": "https://www.kroger.com/product/images/xlarge/right/0003810033022"
                    },
                    {
                        "size": "large",
                        "url": "https://www.kroger.com/product/images/large/right/0003810033022"
                    },
                    {
                        "size": "medium",
                        "url": "https://www.kroger.com/product/images/medium/right/0003810033022"
                    },
                    {
                        "size": "small",
                        "url": "https://www.kroger.com/product/images/small/right/0003810033022"
                    },
                    {
                        "size": "thumbnail",
                        "url": "https://www.kroger.com/product/images/thumbnail/right/0003810033022"
                    }
                ]
            },
            {
                "perspective": "front",
                "featured": true,
                "sizes": [
                    {
                        "size": "xlarge",
                        "url": "https://www.kroger.com/product/images/xlarge/front/0003810033022"
                    },
                    {
                        "size": "large",
                        "url": "https://www.kroger.com/product/images/large/front/0003810033022"
                    },
                    {
                        "size": "medium",
                        "url": "https://www.kroger.com/product/images/medium/front/0003810033022"
                    },
                    {
                        "size": "small",
                        "url": "https://www.kroger.com/product/images/small/front/0003810033022"
                    },
                    {
                        "size": "thumbnail",
                        "url": "https://www.kroger.com/product/images/thumbnail/front/0003810033022"
                    }
                ]
            },
            {
                "perspective": "top",
                "sizes": [
                    {
                        "size": "xlarge",
                        "url": "https://www.kroger.com/product/images/xlarge/top/0003810033022"
                    },
                    {
                        "size": "large",
                        "url": "https://www.kroger.com/product/images/large/top/0003810033022"
                    },
                    {
                        "size": "medium",
                        "url": "https://www.kroger.com/product/images/medium/top/0003810033022"
                    },
                    {
                        "size": "small",
                        "url": "https://www.kroger.com/product/images/small/top/0003810033022"
                    },
                    {
                        "size": "thumbnail",
                        "url": "https://www.kroger.com/product/images/thumbnail/top/0003810033022"
                    }
                ]
            },
            {
                "perspective": "left",
                "sizes": [
                    {
                        "size": "xlarge",
                        "url": "https://www.kroger.com/product/images/xlarge/left/0003810033022"
                    },
                    {
                        "size": "large",
                        "url": "https://www.kroger.com/product/images/large/left/0003810033022"
                    },
                    {
                        "size": "medium",
                        "url": "https://www.kroger.com/product/images/medium/left/0003810033022"
                    },
                    {
                        "size": "small",
                        "url": "https://www.kroger.com/product/images/small/left/0003810033022"
                    },
                    {
                        "size": "thumbnail",
                        "url": "https://www.kroger.com/product/images/thumbnail/left/0003810033022"
                    }
                ]
            }
        ],
        "items": [
            {
                "itemId": "0003810033022",
                "inventory": {
                    "stockLevel": "HIGH"
                },
                "favorite": false,
                "fulfillment": {
                    "curbside": true,
                    "delivery": true,
                    "inStore": true,
                    "shipToHome": false
                },
                "price": {
                    "regular": 9.29,
                    "promo": 0
                },
                "size": "12 ct / 6 oz",
                "soldBy": "UNIT"
            }
        ],
        "itemInformation": {
            "depth": "3.25",
            "height": "7.0",
            "width": "11.6"
        },
        "temperature": {
            "indicator": "Ambient",
            "heatSensitive": false
        }
    },
    {
        "productId": "0001780041027",
        "upc": "0001780041027",
        "productPageURI": "/p/purina-dog-chow-4-4-lb-chicken-flavor-dry-dog-food-178600/0001780041027?cid=dis.api.tpi_products-api_20240521_b:all_c:np_t:lookupproduct-243261",
        "aisleLocations": [],
        "brand": "Dog Chow",
        "categories": [
            "Pet Care"
        ],
        "description": "Purina Dog Chow 4.4 Lb. Chicken Flavor Dry Dog Food 178600",
        "images": [
            {
                "perspective": "left",
                "sizes": [
                    {
                        "size": "xlarge",
                        "url": "https://www.kroger.com/product/images/xlarge/left/0001780041027"
                    },
                    {
                        "size": "large",
                        "url": "https://www.kroger.com/product/images/large/left/0001780041027"
                    },
                    {
                        "size": "medium",
                        "url": "https://www.kroger.com/product/images/medium/left/0001780041027"
                    },
                    {
                        "size": "small",
                        "url": "https://www.kroger.com/product/images/small/left/0001780041027"
                    },
                    {
                        "size": "thumbnail",
                        "url": "https://www.kroger.com/product/images/thumbnail/left/0001780041027"
                    }
                ]
            },
            {
                "perspective": "front",
                "featured": true,
                "sizes": [
                    {
                        "size": "xlarge",
                        "url": "https://www.kroger.com/product/images/xlarge/front/0001780041027"
                    },
                    {
                        "size": "large",
                        "url": "https://www.kroger.com/product/images/large/front/0001780041027"
                    },
                    {
                        "size": "medium",
                        "url": "https://www.kroger.com/product/images/medium/front/0001780041027"
                    },
                    {
                        "size": "small",
                        "url": "https://www.kroger.com/product/images/small/front/0001780041027"
                    },
                    {
                        "size": "thumbnail",
                        "url": "https://www.kroger.com/product/images/thumbnail/front/0001780041027"
                    }
                ]
            },
            {
                "perspective": "right",
                "sizes": [
                    {
                        "size": "xlarge",
                        "url": "https://www.kroger.com/product/images/xlarge/right/0001780041027"
                    },
                    {
                        "size": "large",
                        "url": "https://www.kroger.com/product/images/large/right/0001780041027"
                    },
                    {
                        "size": "medium",
                        "url": "https://www.kroger.com/product/images/medium/right/0001780041027"
                    },
                    {
                        "size": "small",
                        "url": "https://www.kroger.com/product/images/small/right/0001780041027"
                    },
                    {
                        "size": "thumbnail",
                        "url": "https://www.kroger.com/product/images/thumbnail/right/0001780041027"
                    }
                ]
            }
        ],
        "items": [
            {
                "itemId": "0001780041027",
                "favorite": false,
                "fulfillment": {
                    "curbside": false,
                    "delivery": false,
                    "inStore": false,
                    "shipToHome": false
                },
                "size": "1"
            }
        ],
        "itemInformation": {},
        "temperature": {
            "indicator": "Ambient",
            "heatSensitive": false
        }
    },
    {
        "productId": "0001780018456",
        "upc": "0001780018456",
        "productPageURI": "/p/beneful-incredibites-with-real-beef-small-dry-dog-food/0001780018456?cid=dis.api.tpi_products-api_20240521_b:all_c:np_t:lookupproduct-243261",
        "aisleLocations": [
            {
                "bayNumber": "10",
                "description": "AISLE 13",
                "number": "13",
                "numberOfFacings": "1",
                "side": "R",
                "shelfNumber": "4",
                "shelfPositionInBay": "1"
            }
        ],
        "brand": "Beneful",
        "categories": [
            "Pet Care"
        ],
        "description": "Beneful IncrediBites With Real Beef Small Dry Dog Food",
        "images": [
            {
                "perspective": "left",
                "sizes": [
                    {
                        "size": "xlarge",
                        "url": "https://www.kroger.com/product/images/xlarge/left/0001780018456"
                    },
                    {
                        "size": "large",
                        "url": "https://www.kroger.com/product/images/large/left/0001780018456"
                    },
                    {
                        "size": "medium",
                        "url": "https://www.kroger.com/product/images/medium/left/0001780018456"
                    },
                    {
                        "size": "small",
                        "url": "https://www.kroger.com/product/images/small/left/0001780018456"
                    },
                    {
                        "size": "thumbnail",
                        "url": "https://www.kroger.com/product/images/thumbnail/left/0001780018456"
                    }
                ]
            },
            {
                "perspective": "front",
                "featured": true,
                "sizes": [
                    {
                        "size": "xlarge",
                        "url": "https://www.kroger.com/product/images/xlarge/front/0001780018456"
                    },
                    {
                        "size": "large",
                        "url": "https://www.kroger.com/product/images/large/front/0001780018456"
                    },
                    {
                        "size": "medium",
                        "url": "https://www.kroger.com/product/images/medium/front/0001780018456"
                    },
                    {
                        "size": "small",
                        "url": "https://www.kroger.com/product/images/small/front/0001780018456"
                    },
                    {
                        "size": "thumbnail",
                        "url": "https://www.kroger.com/product/images/thumbnail/front/0001780018456"
                    }
                ]
            }
        ],
        "items": [
            {
                "itemId": "0001780018456",
                "inventory": {
                    "stockLevel": "LOW"
                },
                "favorite": false,
                "fulfillment": {
                    "curbside": true,
                    "delivery": true,
                    "inStore": true,
                    "shipToHome": false
                },
                "price": {
                    "regular": 17.99,
                    "promo": 0
                },
                "size": "14 lb",
                "soldBy": "UNIT"
            }
        ],
        "itemInformation": {
            "depth": "3.5",
            "height": "22.0",
            "width": "15.5"
        },
        "temperature": {
            "indicator": "Ambient",
            "heatSensitive": false
        }
    },
    {
        "productId": "0007910051479",
        "upc": "0007910051479",
        "productPageURI": "/p/kibbles-n-bits-chef-s-choice-bistro-beef-dry-dog-food/0007910051479?cid=dis.api.tpi_products-api_20240521_b:all_c:np_t:lookupproduct-243261",
        "aisleLocations": [
            {
                "bayNumber": "7",
                "description": "AISLE 13",
                "number": "13",
                "numberOfFacings": "1",
                "side": "R",
                "shelfNumber": "2",
                "shelfPositionInBay": "2"
            }
        ],
        "brand": "Kibbles 'n Bits",
        "categories": [
            "Pet Care"
        ],
        "description": "Kibbles 'n Bits Chef's Choice Bistro Beef Dry Dog Food",
        "images": [
            {
                "perspective": "front",
                "featured": true,
                "sizes": [
                    {
                        "size": "xlarge",
                        "url": "https://www.kroger.com/product/images/xlarge/front/0007910051479"
                    },
                    {
                        "size": "large",
                        "url": "https://www.kroger.com/product/images/large/front/0007910051479"
                    },
                    {
                        "size": "medium",
                        "url": "https://www.kroger.com/product/images/medium/front/0007910051479"
                    },
                    {
                        "size": "small",
                        "url": "https://www.kroger.com/product/images/small/front/0007910051479"
                    },
                    {
                        "size": "thumbnail",
                        "url": "https://www.kroger.com/product/images/thumbnail/front/0007910051479"
                    }
                ]
            },
            {
                "perspective": "back",
                "sizes": [
                    {
                        "size": "xlarge",
                        "url": "https://www.kroger.com/product/images/xlarge/back/0007910051479"
                    },
                    {
                        "size": "large",
                        "url": "https://www.kroger.com/product/images/large/back/0007910051479"
                    },
                    {
                        "size": "medium",
                        "url": "https://www.kroger.com/product/images/medium/back/0007910051479"
                    },
                    {
                        "size": "small",
                        "url": "https://www.kroger.com/product/images/small/back/0007910051479"
                    },
                    {
                        "size": "thumbnail",
                        "url": "https://www.kroger.com/product/images/thumbnail/back/0007910051479"
                    }
                ]
            }
        ],
        "items": [
            {
                "itemId": "0007910051479",
                "inventory": {
                    "stockLevel": "HIGH"
                },
                "favorite": false,
                "fulfillment": {
                    "curbside": true,
                    "delivery": true,
                    "inStore": true,
                    "shipToHome": false
                },
                "price": {
                    "regular": 16.49,
                    "promo": 0
                },
                "size": "16 lb",
                "soldBy": "UNIT"
            }
        ],
        "itemInformation": {},
        "temperature": {
            "indicator": "Ambient",
            "heatSensitive": false
        }
    },
    {
        "productId": "0001780013483",
        "upc": "0001780013483",
        "productPageURI": "/p/beneful-originals-with-real-beef-dry-dog-food/0001780013483?cid=dis.api.tpi_products-api_20240521_b:all_c:np_t:lookupproduct-243261",
        "aisleLocations": [
            {
                "bayNumber": "9",
                "description": "AISLE 13",
                "number": "13",
                "numberOfFacings": "1",
                "side": "R",
                "shelfNumber": "5",
                "shelfPositionInBay": "3"
            }
        ],
        "brand": "Beneful",
        "categories": [
            "Pet Care",
            "Pet Care"
        ],
        "description": "Beneful Originals with Real Beef Dry Dog Food",
        "images": [
            {
                "perspective": "back",
                "sizes": [
                    {
                        "size": "xlarge",
                        "url": "https://www.kroger.com/product/images/xlarge/back/0001780013483"
                    },
                    {
                        "size": "large",
                        "url": "https://www.kroger.com/product/images/large/back/0001780013483"
                    },
                    {
                        "size": "medium",
                        "url": "https://www.kroger.com/product/images/medium/back/0001780013483"
                    },
                    {
                        "size": "small",
                        "url": "https://www.kroger.com/product/images/small/back/0001780013483"
                    },
                    {
                        "size": "thumbnail",
                        "url": "https://www.kroger.com/product/images/thumbnail/back/0001780013483"
                    }
                ]
            },
            {
                "perspective": "right",
                "sizes": [
                    {
                        "size": "xlarge",
                        "url": "https://www.kroger.com/product/images/xlarge/right/0001780013483"
                    },
                    {
                        "size": "large",
                        "url": "https://www.kroger.com/product/images/large/right/0001780013483"
                    },
                    {
                        "size": "medium",
                        "url": "https://www.kroger.com/product/images/medium/right/0001780013483"
                    },
                    {
                        "size": "small",
                        "url": "https://www.kroger.com/product/images/small/right/0001780013483"
                    },
                    {
                        "size": "thumbnail",
                        "url": "https://www.kroger.com/product/images/thumbnail/right/0001780013483"
                    }
                ]
            },
            {
                "perspective": "front",
                "featured": true,
                "sizes": [
                    {
                        "size": "xlarge",
                        "url": "https://www.kroger.com/product/images/xlarge/front/0001780013483"
                    },
                    {
                        "size": "large",
                        "url": "https://www.kroger.com/product/images/large/front/0001780013483"
                    },
                    {
                        "size": "medium",
                        "url": "https://www.kroger.com/product/images/medium/front/0001780013483"
                    },
                    {
                        "size": "small",
                        "url": "https://www.kroger.com/product/images/small/front/0001780013483"
                    },
                    {
                        "size": "thumbnail",
                        "url": "https://www.kroger.com/product/images/thumbnail/front/0001780013483"
                    }
                ]
            },
            {
                "perspective": "left",
                "sizes": [
                    {
                        "size": "xlarge",
                        "url": "https://www.kroger.com/product/images/xlarge/left/0001780013483"
                    },
                    {
                        "size": "large",
                        "url": "https://www.kroger.com/product/images/large/left/0001780013483"
                    },
                    {
                        "size": "medium",
                        "url": "https://www.kroger.com/product/images/medium/left/0001780013483"
                    },
                    {
                        "size": "small",
                        "url": "https://www.kroger.com/product/images/small/left/0001780013483"
                    },
                    {
                        "size": "thumbnail",
                        "url": "https://www.kroger.com/product/images/thumbnail/left/0001780013483"
                    }
                ]
            }
        ],
        "items": [
            {
                "itemId": "0001780013483",
                "inventory": {
                    "stockLevel": "HIGH"
                },
                "favorite": false,
                "fulfillment": {
                    "curbside": true,
                    "delivery": true,
                    "inStore": true,
                    "shipToHome": false
                },
                "price": {
                    "regular": 6.29,
                    "promo": 0
                },
                "size": "3.5 lb",
                "soldBy": "UNIT"
            }
        ],
        "itemInformation": {
            "depth": "4.0",
            "height": "2.0",
            "width": "2.0"
        },
        "temperature": {
            "indicator": "Ambient",
            "heatSensitive": false
        }
    },
    {
        "productId": "0001780014932",
        "upc": "0001780014932",
        "productPageURI": "/p/purina-one-smartblend-vibrant-maturity-adult-7-formula-senior-dry-dog-food/0001780014932?cid=dis.api.tpi_products-api_20240521_b:all_c:np_t:lookupproduct-243261",
        "aisleLocations": [
            {
                "bayNumber": "11",
                "description": "AISLE 13",
                "number": "13",
                "numberOfFacings": "1",
                "side": "R",
                "shelfNumber": "2",
                "shelfPositionInBay": "2"
            }
        ],
        "brand": "Purina ONE",
        "categories": [
            "Pet Care"
        ],
        "description": "Purina ONE SmartBlend Vibrant Maturity Adult 7+ Formula Senior Dry Dog Food",
        "images": [
            {
                "perspective": "back",
                "sizes": [
                    {
                        "size": "large",
                        "url": "https://www.kroger.com/product/images/large/back/0001780014932"
                    },
                    {
                        "size": "medium",
                        "url": "https://www.kroger.com/product/images/medium/back/0001780014932"
                    },
                    {
                        "size": "small",
                        "url": "https://www.kroger.com/product/images/small/back/0001780014932"
                    },
                    {
                        "size": "thumbnail",
                        "url": "https://www.kroger.com/product/images/thumbnail/back/0001780014932"
                    }
                ]
            },
            {
                "perspective": "right",
                "sizes": [
                    {
                        "size": "xlarge",
                        "url": "https://www.kroger.com/product/images/xlarge/right/0001780014932"
                    },
                    {
                        "size": "large",
                        "url": "https://www.kroger.com/product/images/large/right/0001780014932"
                    },
                    {
                        "size": "medium",
                        "url": "https://www.kroger.com/product/images/medium/right/0001780014932"
                    },
                    {
                        "size": "small",
                        "url": "https://www.kroger.com/product/images/small/right/0001780014932"
                    },
                    {
                        "size": "thumbnail",
                        "url": "https://www.kroger.com/product/images/thumbnail/right/0001780014932"
                    }
                ]
            },
            {
                "perspective": "front",
                "featured": true,
                "sizes": [
                    {
                        "size": "xlarge",
                        "url": "https://www.kroger.com/product/images/xlarge/front/0001780014932"
                    },
                    {
                        "size": "large",
                        "url": "https://www.kroger.com/product/images/large/front/0001780014932"
                    },
                    {
                        "size": "medium",
                        "url": "https://www.kroger.com/product/images/medium/front/0001780014932"
                    },
                    {
                        "size": "small",
                        "url": "https://www.kroger.com/product/images/small/front/0001780014932"
                    },
                    {
                        "size": "thumbnail",
                        "url": "https://www.kroger.com/product/images/thumbnail/front/0001780014932"
                    }
                ]
            },
            {
                "perspective": "left",
                "sizes": [
                    {
                        "size": "xlarge",
                        "url": "https://www.kroger.com/product/images/xlarge/left/0001780014932"
                    },
                    {
                        "size": "large",
                        "url": "https://www.kroger.com/product/images/large/left/0001780014932"
                    },
                    {
                        "size": "medium",
                        "url": "https://www.kroger.com/product/images/medium/left/0001780014932"
                    },
                    {
                        "size": "small",
                        "url": "https://www.kroger.com/product/images/small/left/0001780014932"
                    },
                    {
                        "size": "thumbnail",
                        "url": "https://www.kroger.com/product/images/thumbnail/left/0001780014932"
                    }
                ]
            }
        ],
        "items": [
            {
                "itemId": "0001780014932",
                "inventory": {
                    "stockLevel": "LOW"
                },
                "favorite": false,
                "fulfillment": {
                    "curbside": true,
                    "delivery": true,
                    "inStore": true,
                    "shipToHome": false
                },
                "price": {
                    "regular": 33.99,
                    "promo": 0
                },
                "size": "16.5 lb",
                "soldBy": "UNIT"
            }
        ],
        "itemInformation": {},
        "temperature": {
            "indicator": "Ambient",
            "heatSensitive": false
        }
    },
    {
        "productId": "0001111003664",
        "upc": "0001111003664",
        "productPageURI": "/p/abound-grain-free-chicken-sweet-potato-cranberry-recipe-adult-dog-food/0001111003664?cid=dis.api.tpi_products-api_20240521_b:all_c:np_t:lookupproduct-243261",
        "aisleLocations": [
            {
                "bayNumber": "15",
                "description": "AISLE 13",
                "number": "13",
                "numberOfFacings": "1",
                "side": "R",
                "shelfNumber": "3",
                "shelfPositionInBay": "1"
            }
        ],
        "brand": "Abound",
        "categories": [
            "Pet Care"
        ],
        "description": "Abound Grain Free Chicken Sweet Potato & Cranberry Recipe Adult Dog Food",
        "images": [
            {
                "perspective": "left",
                "sizes": [
                    {
                        "size": "xlarge",
                        "url": "https://www.kroger.com/product/images/xlarge/left/0001111003664"
                    },
                    {
                        "size": "large",
                        "url": "https://www.kroger.com/product/images/large/left/0001111003664"
                    },
                    {
                        "size": "medium",
                        "url": "https://www.kroger.com/product/images/medium/left/0001111003664"
                    },
                    {
                        "size": "small",
                        "url": "https://www.kroger.com/product/images/small/left/0001111003664"
                    },
                    {
                        "size": "thumbnail",
                        "url": "https://www.kroger.com/product/images/thumbnail/left/0001111003664"
                    }
                ]
            },
            {
                "perspective": "front",
                "featured": true,
                "sizes": [
                    {
                        "size": "xlarge",
                        "url": "https://www.kroger.com/product/images/xlarge/front/0001111003664"
                    },
                    {
                        "size": "large",
                        "url": "https://www.kroger.com/product/images/large/front/0001111003664"
                    },
                    {
                        "size": "medium",
                        "url": "https://www.kroger.com/product/images/medium/front/0001111003664"
                    },
                    {
                        "size": "small",
                        "url": "https://www.kroger.com/product/images/small/front/0001111003664"
                    },
                    {
                        "size": "thumbnail",
                        "url": "https://www.kroger.com/product/images/thumbnail/front/0001111003664"
                    }
                ]
            },
            {
                "perspective": "right",
                "sizes": [
                    {
                        "size": "xlarge",
                        "url": "https://www.kroger.com/product/images/xlarge/right/0001111003664"
                    },
                    {
                        "size": "large",
                        "url": "https://www.kroger.com/product/images/large/right/0001111003664"
                    },
                    {
                        "size": "medium",
                        "url": "https://www.kroger.com/product/images/medium/right/0001111003664"
                    },
                    {
                        "size": "small",
                        "url": "https://www.kroger.com/product/images/small/right/0001111003664"
                    },
                    {
                        "size": "thumbnail",
                        "url": "https://www.kroger.com/product/images/thumbnail/right/0001111003664"
                    }
                ]
            }
        ],
        "items": [
            {
                "itemId": "0001111003664",
                "inventory": {
                    "stockLevel": "HIGH"
                },
                "favorite": false,
                "fulfillment": {
                    "curbside": true,
                    "delivery": true,
                    "inStore": true,
                    "shipToHome": false
                },
                "price": {
                    "regular": 28.99,
                    "promo": 0
                },
                "size": "14 lb",
                "soldBy": "UNIT"
            }
        ],
        "itemInformation": {
            "depth": "3.5",
            "height": "18.0",
            "width": "14.5"
        },
        "temperature": {
            "indicator": "Ambient",
            "heatSensitive": false
        }
    },
    {
        "productId": "0001780018446",
        "upc": "0001780018446",
        "productPageURI": "/p/beneful-healthy-weight-with-real-chicken-adult-dry-dog-food/0001780018446?cid=dis.api.tpi_products-api_20240521_b:all_c:np_t:lookupproduct-243261",
        "aisleLocations": [
            {
                "bayNumber": "10",
                "description": "AISLE 13",
                "number": "13",
                "numberOfFacings": "1",
                "side": "R",
                "shelfNumber": "1",
                "shelfPositionInBay": "2"
            }
        ],
        "brand": "Beneful",
        "categories": [
            "Pet Care"
        ],
        "description": "Beneful Healthy Weight with Real Chicken Adult Dry Dog Food",
        "images": [
            {
                "perspective": "left",
                "sizes": [
                    {
                        "size": "xlarge",
                        "url": "https://www.kroger.com/product/images/xlarge/left/0001780018446"
                    },
                    {
                        "size": "large",
                        "url": "https://www.kroger.com/product/images/large/left/0001780018446"
                    },
                    {
                        "size": "medium",
                        "url": "https://www.kroger.com/product/images/medium/left/0001780018446"
                    },
                    {
                        "size": "small",
                        "url": "https://www.kroger.com/product/images/small/left/0001780018446"
                    },
                    {
                        "size": "thumbnail",
                        "url": "https://www.kroger.com/product/images/thumbnail/left/0001780018446"
                    }
                ]
            },
            {
                "perspective": "front",
                "featured": true,
                "sizes": [
                    {
                        "size": "xlarge",
                        "url": "https://www.kroger.com/product/images/xlarge/front/0001780018446"
                    },
                    {
                        "size": "large",
                        "url": "https://www.kroger.com/product/images/large/front/0001780018446"
                    },
                    {
                        "size": "medium",
                        "url": "https://www.kroger.com/product/images/medium/front/0001780018446"
                    },
                    {
                        "size": "small",
                        "url": "https://www.kroger.com/product/images/small/front/0001780018446"
                    },
                    {
                        "size": "thumbnail",
                        "url": "https://www.kroger.com/product/images/thumbnail/front/0001780018446"
                    }
                ]
            },
            {
                "perspective": "right",
                "sizes": [
                    {
                        "size": "xlarge",
                        "url": "https://www.kroger.com/product/images/xlarge/right/0001780018446"
                    },
                    {
                        "size": "large",
                        "url": "https://www.kroger.com/product/images/large/right/0001780018446"
                    },
                    {
                        "size": "medium",
                        "url": "https://www.kroger.com/product/images/medium/right/0001780018446"
                    },
                    {
                        "size": "small",
                        "url": "https://www.kroger.com/product/images/small/right/0001780018446"
                    },
                    {
                        "size": "thumbnail",
                        "url": "https://www.kroger.com/product/images/thumbnail/right/0001780018446"
                    }
                ]
            }
        ],
        "items": [
            {
                "itemId": "0001780018446",
                "inventory": {
                    "stockLevel": "LOW"
                },
                "favorite": false,
                "fulfillment": {
                    "curbside": true,
                    "delivery": true,
                    "inStore": true,
                    "shipToHome": false
                },
                "price": {
                    "regular": 33.99,
                    "promo": 0
                },
                "size": "28 lb",
                "soldBy": "UNIT"
            }
        ],
        "itemInformation": {
            "depth": "5.25",
            "height": "22.0",
            "width": "18.5"
        },
        "temperature": {
            "indicator": "Ambient",
            "heatSensitive": false
        }
    },
    {
        "productId": "0001780018441",
        "upc": "0001780018441",
        "productPageURI": "/p/beneful-originals-with-real-beef-adult-dry-dog-food/0001780018441?cid=dis.api.tpi_products-api_20240521_b:all_c:np_t:lookupproduct-243261",
        "aisleLocations": [
            {
                "description": "GROCERY",
                "number": "0"
            }
        ],
        "brand": "Beneful",
        "categories": [
            "Pet Care"
        ],
        "description": "Beneful Originals with Real Beef Adult Dry Dog Food",
        "images": [
            {
                "perspective": "left",
                "sizes": [
                    {
                        "size": "xlarge",
                        "url": "https://www.kroger.com/product/images/xlarge/left/0001780018441"
                    },
                    {
                        "size": "large",
                        "url": "https://www.kroger.com/product/images/large/left/0001780018441"
                    },
                    {
                        "size": "medium",
                        "url": "https://www.kroger.com/product/images/medium/left/0001780018441"
                    },
                    {
                        "size": "small",
                        "url": "https://www.kroger.com/product/images/small/left/0001780018441"
                    },
                    {
                        "size": "thumbnail",
                        "url": "https://www.kroger.com/product/images/thumbnail/left/0001780018441"
                    }
                ]
            },
            {
                "perspective": "right",
                "sizes": [
                    {
                        "size": "xlarge",
                        "url": "https://www.kroger.com/product/images/xlarge/right/0001780018441"
                    },
                    {
                        "size": "large",
                        "url": "https://www.kroger.com/product/images/large/right/0001780018441"
                    },
                    {
                        "size": "medium",
                        "url": "https://www.kroger.com/product/images/medium/right/0001780018441"
                    },
                    {
                        "size": "small",
                        "url": "https://www.kroger.com/product/images/small/right/0001780018441"
                    },
                    {
                        "size": "thumbnail",
                        "url": "https://www.kroger.com/product/images/thumbnail/right/0001780018441"
                    }
                ]
            },
            {
                "perspective": "front",
                "featured": true,
                "sizes": [
                    {
                        "size": "xlarge",
                        "url": "https://www.kroger.com/product/images/xlarge/front/0001780018441"
                    },
                    {
                        "size": "large",
                        "url": "https://www.kroger.com/product/images/large/front/0001780018441"
                    },
                    {
                        "size": "medium",
                        "url": "https://www.kroger.com/product/images/medium/front/0001780018441"
                    },
                    {
                        "size": "small",
                        "url": "https://www.kroger.com/product/images/small/front/0001780018441"
                    },
                    {
                        "size": "thumbnail",
                        "url": "https://www.kroger.com/product/images/thumbnail/front/0001780018441"
                    }
                ]
            }
        ],
        "items": [
            {
                "itemId": "0001780018441",
                "inventory": {
                    "stockLevel": "LOW"
                },
                "favorite": false,
                "fulfillment": {
                    "curbside": true,
                    "delivery": true,
                    "inStore": true,
                    "shipToHome": false
                },
                "price": {
                    "regular": 33.99,
                    "promo": 0
                },
                "size": "28 lb",
                "soldBy": "UNIT"
            }
        ],
        "itemInformation": {
            "depth": "5.25",
            "height": "22.0",
            "width": "18.5"
        },
        "temperature": {
            "indicator": "Ambient",
            "heatSensitive": false
        }
    },
    {
        "productId": "0001901471108",
        "upc": "0001901471108",
        "productPageURI": "/p/iams-proactive-health-minichunks-chicken-adult-dry-dog-food/0001901471108?cid=dis.api.tpi_products-api_20240521_b:all_c:np_t:lookupproduct-243261",
        "aisleLocations": [
            {
                "bayNumber": "13",
                "description": "AISLE 13",
                "number": "13",
                "numberOfFacings": "3",
                "side": "R",
                "shelfNumber": "6",
                "shelfPositionInBay": "2"
            }
        ],
        "brand": "IAMS",
        "categories": [
            "Pet Care",
            "Pet Care",
            "Pet Care"
        ],
        "description": "IAMS ProActive Health Minichunks Chicken Adult Dry Dog Food",
        "images": [
            {
                "perspective": "right",
                "sizes": [
                    {
                        "size": "xlarge",
                        "url": "https://www.kroger.com/product/images/xlarge/right/0001901471108"
                    },
                    {
                        "size": "large",
                        "url": "https://www.kroger.com/product/images/large/right/0001901471108"
                    },
                    {
                        "size": "medium",
                        "url": "https://www.kroger.com/product/images/medium/right/0001901471108"
                    },
                    {
                        "size": "small",
                        "url": "https://www.kroger.com/product/images/small/right/0001901471108"
                    },
                    {
                        "size": "thumbnail",
                        "url": "https://www.kroger.com/product/images/thumbnail/right/0001901471108"
                    }
                ]
            },
            {
                "perspective": "front",
                "featured": true,
                "sizes": [
                    {
                        "size": "xlarge",
                        "url": "https://www.kroger.com/product/images/xlarge/front/0001901471108"
                    },
                    {
                        "size": "large",
                        "url": "https://www.kroger.com/product/images/large/front/0001901471108"
                    },
                    {
                        "size": "medium",
                        "url": "https://www.kroger.com/product/images/medium/front/0001901471108"
                    },
                    {
                        "size": "small",
                        "url": "https://www.kroger.com/product/images/small/front/0001901471108"
                    },
                    {
                        "size": "thumbnail",
                        "url": "https://www.kroger.com/product/images/thumbnail/front/0001901471108"
                    }
                ]
            },
            {
                "perspective": "back",
                "sizes": [
                    {
                        "size": "xlarge",
                        "url": "https://www.kroger.com/product/images/xlarge/back/0001901471108"
                    },
                    {
                        "size": "large",
                        "url": "https://www.kroger.com/product/images/large/back/0001901471108"
                    },
                    {
                        "size": "medium",
                        "url": "https://www.kroger.com/product/images/medium/back/0001901471108"
                    },
                    {
                        "size": "small",
                        "url": "https://www.kroger.com/product/images/small/back/0001901471108"
                    },
                    {
                        "size": "thumbnail",
                        "url": "https://www.kroger.com/product/images/thumbnail/back/0001901471108"
                    }
                ]
            },
            {
                "perspective": "left",
                "sizes": [
                    {
                        "size": "xlarge",
                        "url": "https://www.kroger.com/product/images/xlarge/left/0001901471108"
                    },
                    {
                        "size": "large",
                        "url": "https://www.kroger.com/product/images/large/left/0001901471108"
                    },
                    {
                        "size": "medium",
                        "url": "https://www.kroger.com/product/images/medium/left/0001901471108"
                    },
                    {
                        "size": "small",
                        "url": "https://www.kroger.com/product/images/small/left/0001901471108"
                    },
                    {
                        "size": "thumbnail",
                        "url": "https://www.kroger.com/product/images/thumbnail/left/0001901471108"
                    }
                ]
            }
        ],
        "items": [
            {
                "itemId": "0001901471108",
                "inventory": {
                    "stockLevel": "HIGH"
                },
                "favorite": false,
                "fulfillment": {
                    "curbside": true,
                    "delivery": true,
                    "inStore": true,
                    "shipToHome": false
                },
                "price": {
                    "regular": 18.49,
                    "promo": 0
                },
                "size": "7 lb",
                "soldBy": "UNIT"
            }
        ],
        "itemInformation": {},
        "temperature": {
            "indicator": "Ambient",
            "heatSensitive": false
        }
    },
    {
        "productId": "0001111003660",
        "upc": "0001111003660",
        "productPageURI": "/p/abound-grain-free-salmon-sweet-potato-recipe-adult-dog-food/0001111003660?cid=dis.api.tpi_products-api_20240521_b:all_c:np_t:lookupproduct-243261",
        "aisleLocations": [
            {
                "bayNumber": "15",
                "description": "AISLE 13",
                "number": "13",
                "numberOfFacings": "1",
                "side": "R",
                "shelfNumber": "2",
                "shelfPositionInBay": "2"
            }
        ],
        "brand": "Abound",
        "categories": [
            "Pet Care"
        ],
        "description": "Abound Grain Free Salmon & Sweet Potato Recipe Adult Dog Food",
        "images": [
            {
                "perspective": "left",
                "sizes": [
                    {
                        "size": "xlarge",
                        "url": "https://www.kroger.com/product/images/xlarge/left/0001111003660"
                    },
                    {
                        "size": "large",
                        "url": "https://www.kroger.com/product/images/large/left/0001111003660"
                    },
                    {
                        "size": "medium",
                        "url": "https://www.kroger.com/product/images/medium/left/0001111003660"
                    },
                    {
                        "size": "small",
                        "url": "https://www.kroger.com/product/images/small/left/0001111003660"
                    },
                    {
                        "size": "thumbnail",
                        "url": "https://www.kroger.com/product/images/thumbnail/left/0001111003660"
                    }
                ]
            },
            {
                "perspective": "front",
                "featured": true,
                "sizes": [
                    {
                        "size": "xlarge",
                        "url": "https://www.kroger.com/product/images/xlarge/front/0001111003660"
                    },
                    {
                        "size": "large",
                        "url": "https://www.kroger.com/product/images/large/front/0001111003660"
                    },
                    {
                        "size": "medium",
                        "url": "https://www.kroger.com/product/images/medium/front/0001111003660"
                    },
                    {
                        "size": "small",
                        "url": "https://www.kroger.com/product/images/small/front/0001111003660"
                    },
                    {
                        "size": "thumbnail",
                        "url": "https://www.kroger.com/product/images/thumbnail/front/0001111003660"
                    }
                ]
            },
            {
                "perspective": "right",
                "sizes": [
                    {
                        "size": "xlarge",
                        "url": "https://www.kroger.com/product/images/xlarge/right/0001111003660"
                    },
                    {
                        "size": "large",
                        "url": "https://www.kroger.com/product/images/large/right/0001111003660"
                    },
                    {
                        "size": "medium",
                        "url": "https://www.kroger.com/product/images/medium/right/0001111003660"
                    },
                    {
                        "size": "small",
                        "url": "https://www.kroger.com/product/images/small/right/0001111003660"
                    },
                    {
                        "size": "thumbnail",
                        "url": "https://www.kroger.com/product/images/thumbnail/right/0001111003660"
                    }
                ]
            }
        ],
        "items": [
            {
                "itemId": "0001111003660",
                "inventory": {
                    "stockLevel": "HIGH"
                },
                "favorite": false,
                "fulfillment": {
                    "curbside": true,
                    "delivery": true,
                    "inStore": true,
                    "shipToHome": false
                },
                "price": {
                    "regular": 28.99,
                    "promo": 0
                },
                "size": "14 lb",
                "soldBy": "UNIT"
            }
        ],
        "itemInformation": {
            "depth": "3.5",
            "height": "18.0",
            "width": "14.5"
        },
        "temperature": {
            "indicator": "Ambient",
            "heatSensitive": false
        }
    },
    {
        "productId": "0084024313074",
        "upc": "0084024313074",
        "productPageURI": "/p/blue-wilderness-nature-s-evolutionary-diet-large-breed-puppy-dry-dog-food-with-chicken/0084024313074?cid=dis.api.tpi_products-api_20240521_b:all_c:np_t:lookupproduct-243261",
        "aisleLocations": [],
        "brand": "Blue Wilderness",
        "categories": [
            "Pet Care",
            "Pet Care",
            "Pet Care"
        ],
        "description": "Blue Wilderness Nature's Evolutionary Diet Large Breed Puppy Dry Dog Food with Chicken",
        "images": [
            {
                "perspective": "front",
                "featured": true,
                "sizes": [
                    {
                        "size": "xlarge",
                        "url": "https://www.kroger.com/product/images/xlarge/front/0084024313074"
                    },
                    {
                        "size": "large",
                        "url": "https://www.kroger.com/product/images/large/front/0084024313074"
                    },
                    {
                        "size": "medium",
                        "url": "https://www.kroger.com/product/images/medium/front/0084024313074"
                    },
                    {
                        "size": "small",
                        "url": "https://www.kroger.com/product/images/small/front/0084024313074"
                    },
                    {
                        "size": "thumbnail",
                        "url": "https://www.kroger.com/product/images/thumbnail/front/0084024313074"
                    }
                ]
            }
        ],
        "items": [
            {
                "itemId": "0084024313074",
                "favorite": false,
                "fulfillment": {
                    "curbside": false,
                    "delivery": false,
                    "inStore": false,
                    "shipToHome": false
                },
                "size": "20 lb"
            }
        ],
        "itemInformation": {},
        "temperature": {
            "indicator": "Ambient",
            "heatSensitive": false
        }
    }
]