[
    {
        "productId": "0002394294834",
        "upc": "0002394294834",
        "productPageURI": "/p/verbatim-dvd-rw-discs-4-7gb-4x-spindle-30-pack-94834/0002394294834?cid=dis.api.tpi_products-api_20240521_b:all_c:np_t:lookupproduct-243261",
        "aisleLocations": [],
        "categories": [
            "Electronics",
            "Electronics",
            "Electronics"
        ],
        "description": "Verbatim DVD+RW Discs 4.7GB 4x Spindle 30/Pack 94834",
        "images": [
            {
                "perspective": "front",
                "featured": true,
                "sizes": [
                    {
                        "size": "xlarge",
                        "url": "https://www.kroger.com/product/images/xlarge/front/0002394294834"
                    },
                    {
                        "size": "large",
                        "url": "https://www.kroger.com/product/images/large/front/0002394294834"
                    },
                    {
                        "size": "medium",
                        "url": "https://www.kroger.com/product/images/medium/front/0002394294834"
                    },
                    {
                        "size": "small",
                        "url": "https://www.kroger.com/product/images/small/front/0002394294834"
                    },
                    {
                        "size": "thumbnail",
                        "url": "https://www.kroger.com/product/images/thumbnail/front/0002394294834"
                    }
                ]
            },
            {
                "perspective": "back",
                "sizes": [
                    {
                        "size": "xlarge",
                        "url": "https://www.kroger.com/product/images/xlarge/back/0002394294834"
                    },
                    {
                        "size": "large",
                        "url": "https://www.kroger.com/product/images/large/back/0002394294834"
                    },
                    {
                        "size": "medium",
                        "url": "https://www.kroger.com/product/images/medium/back/0002394294834"
                    },
                    {
                        "size": "small",
                        "url": "https://www.kroger.com/product/images/small/back/0002394294834"
                    },
                    {
                        "size": "thumbnail",
                        "url": "https://www.kroger.com/product/images/thumbnail/back/0002394294834"
                    }
                ]
            },
            {
                "perspective": "bottom",
                "sizes": [
                    {
                        "size": "xlarge",
                        "url": "https://www.kroger.com/product/images/xlarge/bottom/0002394294834"
                    },
                    {
                        "size": "large",
                        "url": "https://www.kroger.com/product/images/large/bottom/0002394294834"
                    },
                    {
                        "size": "medium",
                        "url": "https://www.kroger.com/product/images/medium/bottom/0002394294834"
                    },
                    {
                        "size": "small",
                        "url": "https://www.kroger.com/product/images/small/bottom/0002394294834"
                    },
                    {
                        "size": "thumbnail",
                        "url": "https://www.kroger.com/product/images/thumbnail/bottom/0002394294834"
                    }
                ]
            },
            {
                "perspective": "top",
                "sizes": [
                    {
                        "size": "xlarge",
                        "url": "https://www.kroger.com/product/images/xlarge/top/0002394294834"
                    },
                    {
                        "size": "large",
                        "url": "https://www.kroger.com/product/images/large/top/0002394294834"
                    },
                    {
                        "size": "medium",
                        "url": "https://www.kroger.com/product/images/medium/top/0002394294834"
                    },
                    {
                        "size": "small",
                        "url": "https://www.kroger.com/product/images/small/top/0002394294834"
                    },
                    {
                        "size": "thumbnail",
                        "url": "https://www.kroger.com/product/images/thumbnail/top/0002394294834"
                    }
                ]
            },
            {
                "perspective": "left",
                "sizes": [
                    {
                        "size": "xlarge",
                        "url": "https://www.kroger.com/product/images/xlarge/left/0002394294834"
                    },
                    {
                        "size": "large",
                        "url": "https://www.kroger.com/product/images/large/left/0002394294834"
                    },
                    {
                        "size": "medium",
                        "url": "https://www.kroger.com/product/images/medium/left/0002394294834"
                    },
                    {
                        "size": "small",
                        "url": "https://www.kroger.com/product/images/small/left/0002394294834"
                    },
                    {
                        "size": "thumbnail",
                        "url": "https://www.kroger.com/product/images/thumbnail/left/0002394294834"
                    }
                ]
            }
        ],
        "items": [
            {
                "itemId": "0002394294834",
                "favorite": false,
                "fulfillment": {
                    "curbside": false,
                    "delivery": false,
                    "inStore": false,
                    "shipToHome": false
                },
                "size": "1"
            }
        ],
        "itemInformation": {},
        "temperature": {
            "indicator": "Ambient",
            "heatSensitive": false
        }
    },
    {
        "productId": "0004339643922",
        "upc": "0004339643922",
        "productPageURI": "/p/heaven-is-for-real-2014-dvd-ultraviolet/0004339643922?cid=dis.api.tpi_products-api_20240521_b:all_c:np_t:lookupproduct-243261",
        "aisleLocations": [
            {
                "bayNumber": "999",
                "description": "FRONT-OTHER",
                "number": "150",
                "numberOfFacings": "1",
                "side": "R",
                "shelfNumber": "4",
                "shelfPositionInBay": "3"
            }
        ],
        "categories": [
            "Electronics"
        ],
        "description": "Heaven Is for Real (2014 - DVD/Ultraviolet",
        "images": [
            {
                "perspective": "front",
                "featured": true,
                "sizes": [
                    {
                        "size": "xlarge",
                        "url": "https://www.kroger.com/product/images/xlarge/front/0004339643922"
                    },
                    {
                        "size": "large",
                        "url": "https://www.kroger.com/product/images/large/front/0004339643922"
                    },
                    {
                        "size": "medium",
                        "url": "https://www.kroger.com/product/images/medium/front/0004339643922"
                    },
                    {
                        "size": "small",
                        "url": "https://www.kroger.com/product/images/small/front/0004339643922"
                    },
                    {
                        "size": "thumbnail",
                        "url": "https://www.kroger.com/product/images/thumbnail/front/0004339643922"
                    }
                ]
            }
        ],
        "items": [
            {
                "itemId": "0004339643922",
                "favorite": false,
                "fulfillment": {
                    "curbside": true,
                    "delivery": true,
                    "inStore": true,
                    "shipToHome": false
                },
                "size": "1 ct"
            }
        ],
        "itemInformation": {
            "depth": "0.0",
            "height": "7.63",
            "width": "5.0"
        },
        "temperature": {
            "indicator": "Ambient",
            "heatSensitive": false
        }
    },
    {
        "productId": "0004339640970",
        "upc": "0004339640970",
        "productPageURI": "/p/the-amazing-spider-man-blu-ray-and-dvd-set/0004339640970?cid=dis.api.tpi_products-api_20240521_b:all_c:np_t:lookupproduct-243261",
        "aisleLocations": [
            {
                "bayNumber": "999",
                "description": "FRONT-OTHER",
                "number": "150",
                "numberOfFacings": "1",
                "side": "R",
                "shelfNumber": "3",
                "shelfPositionInBay": "3"
            }
        ],
        "categories": [
            "Electronics"
        ],
        "countryOrigin": "UNITED STATES",
        "description": "The Amazing Spider-Man Blu-ray and DVD Set",
        "images": [
            {
                "perspective": "front",
                "featured": true,
                "sizes": [
                    {
                        "size": "xlarge",
                        "url": "https://www.kroger.com/product/images/xlarge/front/0004339640970"
                    },
                    {
                        "size": "large",
                        "url": "https://www.kroger.com/product/images/large/front/0004339640970"
                    },
                    {
                        "size": "medium",
                        "url": "https://www.kroger.com/product/images/medium/front/0004339640970"
                    },
                    {
                        "size": "small",
                        "url": "https://www.kroger.com/product/images/small/front/0004339640970"
                    },
                    {
                        "size": "thumbnail",
                        "url": "https://www.kroger.com/product/images/thumbnail/front/0004339640970"
                    }
                ]
            },
            {
                "perspective": "back",
                "sizes": [
                    {
                        "size": "xlarge",
                        "url": "https://www.kroger.com/product/images/xlarge/back/0004339640970"
                    },
                    {
                        "size": "large",
                        "url": "https://www.kroger.com/product/images/large/back/0004339640970"
                    },
                    {
                        "size": "medium",
                        "url": "https://www.kroger.com/product/images/medium/back/0004339640970"
                    },
                    {
                        "size": "small",
                        "url": "https://www.kroger.com/product/images/small/back/0004339640970"
                    },
                    {
                        "size": "thumbnail",
                        "url": "https://www.kroger.com/product/images/thumbnail/back/0004339640970"
                    }
                ]
            }
        ],
        "items": [
            {
                "itemId": "0004339640970",
                "favorite": false,
                "fulfillment": {
                    "curbside": true,
                    "delivery": true,
                    "inStore": true,
                    "shipToHome": false
                },
                "size": "1 count"
            }
        ],
        "itemInformation": {
            "depth": "0.62",
            "height": "7.63",
            "width": "5.0"
        },
        "temperature": {
            "indicator": "Ambient",
            "heatSensitive": false
        }
    },
    {
        "productId": "0004339642510",
        "upc": "0004339642510",
        "productPageURI": "/p/cloudy-with-a-chance-of-meatballs-2-2013-dvd-ultraviolet-/0004339642510?cid=dis.api.tpi_products-api_20240521_b:all_c:np_t:lookupproduct-243261",
        "aisleLocations": [
            {
                "bayNumber": "999",
                "description": "FRONT-OTHER",
                "number": "150",
                "numberOfFacings": "1",
                "side": "R",
                "shelfNumber": "3",
                "shelfPositionInBay": "6"
            }
        ],
        "categories": [
            "Electronics"
        ],
        "countryOrigin": "UNITED STATES",
        "description": "Cloudy With A Chance Of Meatballs 2 (2013 - DVD/UltraViolet)",
        "images": [
            {
                "perspective": "front",
                "featured": true,
                "sizes": [
                    {
                        "size": "xlarge",
                        "url": "https://www.kroger.com/product/images/xlarge/front/0004339642510"
                    },
                    {
                        "size": "large",
                        "url": "https://www.kroger.com/product/images/large/front/0004339642510"
                    },
                    {
                        "size": "medium",
                        "url": "https://www.kroger.com/product/images/medium/front/0004339642510"
                    },
                    {
                        "size": "small",
                        "url": "https://www.kroger.com/product/images/small/front/0004339642510"
                    },
                    {
                        "size": "thumbnail",
                        "url": "https://www.kroger.com/product/images/thumbnail/front/0004339642510"
                    }
                ]
            }
        ],
        "items": [
            {
                "itemId": "0004339642510",
                "favorite": false,
                "fulfillment": {
                    "curbside": true,
                    "delivery": true,
                    "inStore": true,
                    "shipToHome": false
                },
                "size": "1 each"
            }
        ],
        "itemInformation": {
            "depth": "0.63",
            "height": "7.63",
            "width": "5.0"
        },
        "temperature": {
            "indicator": "Ambient",
            "heatSensitive": false
        }
    },
    {
        "productId": "0004339637697",
        "upc": "0004339637697",
        "productPageURI": "/p/the-smurfs-dvd/0004339637697?cid=dis.api.tpi_products-api_20240521_b:all_c:np_t:lookupproduct-243261",
        "aisleLocations": [
            {
                "bayNumber": "999",
                "description": "FRONT-OTHER",
                "number": "150",
                "numberOfFacings": "1",
                "side": "R",
                "shelfNumber": "2",
                "shelfPositionInBay": "6"
            }
        ],
        "categories": [
            "Electronics"
        ],
        "description": "The Smurfs DVD",
        "images": [
            {
                "perspective": "front",
                "featured": true,
                "sizes": [
                    {
                        "size": "xlarge",
                        "url": "https://www.kroger.com/product/images/xlarge/front/0004339637697"
                    },
                    {
                        "size": "large",
                        "url": "https://www.kroger.com/product/images/large/front/0004339637697"
                    },
                    {
                        "size": "medium",
                        "url": "https://www.kroger.com/product/images/medium/front/0004339637697"
                    },
                    {
                        "size": "small",
                        "url": "https://www.kroger.com/product/images/small/front/0004339637697"
                    },
                    {
                        "size": "thumbnail",
                        "url": "https://www.kroger.com/product/images/thumbnail/front/0004339637697"
                    }
                ]
            }
        ],
        "items": [
            {
                "itemId": "0004339637697",
                "favorite": false,
                "fulfillment": {
                    "curbside": true,
                    "delivery": true,
                    "inStore": true,
                    "shipToHome": false
                },
                "size": "1 count"
            }
        ],
        "itemInformation": {
            "depth": "0.63",
            "height": "7.63",
            "width": "5.0"
        },
        "temperature": {
            "indicator": "Ambient",
            "heatSensitive": false
        }
    },
    {
        "productId": "0006888877537",
        "upc": "0006888877537",
        "productPageURI": "/p/pyle-6-channel-600-watt-marine-amp-amplifier-bluetooth-receiver-sound-system/0006888877537?cid=dis.api.tpi_products-api_20240521_b:all_c:np_t:lookupproduct-243261",
        "aisleLocations": [],
        "categories": [
            "Electronics",
            "Electronics"
        ],
        "description": "Pyle 6 Channel 600 Watt Marine Amp Amplifier Bluetooth Receiver Sound System",
        "images": [
            {
                "perspective": "front",
                "featured": true,
                "sizes": [
                    {
                        "size": "xlarge",
                        "url": "https://www.kroger.com/product/images/xlarge/front/0006888877537"
                    },
                    {
                        "size": "large",
                        "url": "https://www.kroger.com/product/images/large/front/0006888877537"
                    },
                    {
                        "size": "medium",
                        "url": "https://www.kroger.com/product/images/medium/front/0006888877537"
                    },
                    {
                        "size": "small",
                        "url": "https://www.kroger.com/product/images/small/front/0006888877537"
                    },
                    {
                        "size": "thumbnail",
                        "url": "https://www.kroger.com/product/images/thumbnail/front/0006888877537"
                    }
                ]
            }
        ],
        "items": [
            {
                "itemId": "0006888877537",
                "favorite": false,
                "fulfillment": {
                    "curbside": false,
                    "delivery": false,
                    "inStore": false,
                    "shipToHome": false
                },
                "size": "1"
            }
        ],
        "itemInformation": {},
        "temperature": {
            "indicator": "Ambient",
            "heatSensitive": false
        }
    },
    {
        "productId": "0004339642507",
        "upc": "0004339642507",
        "productPageURI": "/p/cloudy-with-a-chance-of-meatballs-2-2013-blu-ray-dvd-ultraviolet-2-disc-combo-pack-/0004339642507?cid=dis.api.tpi_products-api_20240521_b:all_c:np_t:lookupproduct-243261",
        "aisleLocations": [
            {
                "bayNumber": "999",
                "description": "FRONT-OTHER",
                "number": "150",
                "numberOfFacings": "1",
                "side": "R",
                "shelfNumber": "4",
                "shelfPositionInBay": "4"
            }
        ],
        "categories": [
            "Electronics"
        ],
        "description": "Cloudy With A Chance Of Meatballs 2 (2013 - Blu-ray/DVD/UltraViolet - 2 Disc Combo Pack)",
        "images": [
            {
                "perspective": "front",
                "featured": true,
                "sizes": [
                    {
                        "size": "xlarge",
                        "url": "https://www.kroger.com/product/images/xlarge/front/0004339642507"
                    },
                    {
                        "size": "large",
                        "url": "https://www.kroger.com/product/images/large/front/0004339642507"
                    },
                    {
                        "size": "medium",
                        "url": "https://www.kroger.com/product/images/medium/front/0004339642507"
                    },
                    {
                        "size": "small",
                        "url": "https://www.kroger.com/product/images/small/front/0004339642507"
                    },
                    {
                        "size": "thumbnail",
                        "url": "https://www.kroger.com/product/images/thumbnail/front/0004339642507"
                    }
                ]
            }
        ],
        "items": [
            {
                "itemId": "0004339642507",
                "favorite": false,
                "fulfillment": {
                    "curbside": true,
                    "delivery": true,
                    "inStore": true,
                    "shipToHome": false
                },
                "size": "1 each"
            }
        ],
        "itemInformation": {
            "depth": "0.63",
            "height": "7.63",
            "width": "5.0"
        },
        "temperature": {
            "indicator": "Ambient",
            "heatSensitive": false
        }
    },
    {
        "productId": "0004339641723",
        "upc": "0004339641723",
        "productPageURI": "/p/elysium-2013-dvd-ultraviolet-/0004339641723?cid=dis.api.tpi_products-api_20240521_b:all_c:np_t:lookupproduct-243261",
        "aisleLocations": [
            {
                "bayNumber": "999",
                "description": "FRONT-OTHER",
                "number": "150",
                "numberOfFacings": "1",
                "side": "R",
                "shelfNumber": "3",
                "shelfPositionInBay": "1"
            }
        ],
        "categories": [
            "Electronics"
        ],
        "countryOrigin": "UNITED STATES",
        "description": "Elysium (2013 - DVD/UltraViolet)",
        "images": [
            {
                "perspective": "front",
                "featured": true,
                "sizes": [
                    {
                        "size": "xlarge",
                        "url": "https://www.kroger.com/product/images/xlarge/front/0004339641723"
                    },
                    {
                        "size": "large",
                        "url": "https://www.kroger.com/product/images/large/front/0004339641723"
                    },
                    {
                        "size": "medium",
                        "url": "https://www.kroger.com/product/images/medium/front/0004339641723"
                    },
                    {
                        "size": "small",
                        "url": "https://www.kroger.com/product/images/small/front/0004339641723"
                    },
                    {
                        "size": "thumbnail",
                        "url": "https://www.kroger.com/product/images/thumbnail/front/0004339641723"
                    }
                ]
            }
        ],
        "items": [
            {
                "itemId": "0004339641723",
                "favorite": false,
                "fulfillment": {
                    "curbside": true,
                    "delivery": true,
                    "inStore": true,
                    "shipToHome": false
                },
                "size": "1 each"
            }
        ],
        "itemInformation": {
            "depth": "0.63",
            "height": "7.63",
            "width": "5.0"
        },
        "temperature": {
            "indicator": "Ambient",
            "heatSensitive": false
        }
    },
    {
        "productId": "0019380227214",
        "upc": "0019380227214",
        "productPageURI": "/p/bachmann-trains-ringling-bros-train-set-first-railroad-track-pack-with-dvd/0019380227214?cid=dis.api.tpi_products-api_20240521_b:all_c:np_t:lookupproduct-243261",
        "aisleLocations": [],
        "categories": [
            "Entertainment"
        ],
        "description": "Bachmann Trains Ringling Bros. Train Set & First Railroad Track Pack with DVD",
        "images": [
            {
                "perspective": "front",
                "featured": true,
                "sizes": [
                    {
                        "size": "xlarge",
                        "url": "https://www.kroger.com/product/images/xlarge/front/0019380227214"
                    },
                    {
                        "size": "large",
                        "url": "https://www.kroger.com/product/images/large/front/0019380227214"
                    },
                    {
                        "size": "medium",
                        "url": "https://www.kroger.com/product/images/medium/front/0019380227214"
                    },
                    {
                        "size": "small",
                        "url": "https://www.kroger.com/product/images/small/front/0019380227214"
                    },
                    {
                        "size": "thumbnail",
                        "url": "https://www.kroger.com/product/images/thumbnail/front/0019380227214"
                    }
                ]
            }
        ],
        "items": [
            {
                "itemId": "0019380227214",
                "favorite": false,
                "fulfillment": {
                    "curbside": false,
                    "delivery": false,
                    "inStore": false,
                    "shipToHome": false
                },
                "size": "1"
            }
        ],
        "itemInformation": {},
        "temperature": {
            "indicator": "Ambient",
            "heatSensitive": false
        }
    },
    {
        "productId": "0002289944497",
        "upc": "0002289944497",
        "productPageURI": "/p/bachmann-trains-steel-alloy-ho-scale-first-railroad-track-pack-dvd-44497-bt/0002289944497?cid=dis.api.tpi_products-api_20240521_b:all_c:np_t:lookupproduct-243261",
        "aisleLocations": [],
        "categories": [
            "Entertainment"
        ],
        "description": "Bachmann Trains Steel Alloy HO Scale First Railroad Track Pack + DVD | 44497-BT",
        "images": [
            {
                "perspective": "front",
                "featured": true,
                "sizes": [
                    {
                        "size": "xlarge",
                        "url": "https://www.kroger.com/product/images/xlarge/front/0002289944497"
                    },
                    {
                        "size": "large",
                        "url": "https://www.kroger.com/product/images/large/front/0002289944497"
                    },
                    {
                        "size": "medium",
                        "url": "https://www.kroger.com/product/images/medium/front/0002289944497"
                    },
                    {
                        "size": "small",
                        "url": "https://www.kroger.com/product/images/small/front/0002289944497"
                    },
                    {
                        "size": "thumbnail",
                        "url": "https://www.kroger.com/product/images/thumbnail/front/0002289944497"
                    }
                ]
            }
        ],
        "items": [
            {
                "itemId": "0002289944497",
                "favorite": false,
                "fulfillment": {
                    "curbside": false,
                    "delivery": false,
                    "inStore": false,
                    "shipToHome": false
                },
                "size": "1"
            }
        ],
        "itemInformation": {},
        "temperature": {
            "indicator": "Ambient",
            "heatSensitive": false
        }
    }
]