[
    {
        "productId": "0087861509011",
        "upc": "0087861509011",
        "productPageURI": "/p/skullcandy-jib-wireless-earbuds-with-mic-black/0087861509011?cid=dis.api.tpi_products-api_20240521_b:all_c:np_t:lookupproduct-243261",
        "aisleLocations": [],
        "brand": "Skullcandy",
        "categories": [
            "Electronics"
        ],
        "description": "Skullcandy Jib Wireless Earbuds with Mic - Black",
        "images": [
            {
                "perspective": "front",
                "featured": true,
                "sizes": [
                    {
                        "size": "xlarge",
                        "url": "https://www.kroger.com/product/images/xlarge/front/0087861509011"
                    },
                    {
                        "size": "large",
                        "url": "https://www.kroger.com/product/images/large/front/0087861509011"
                    },
                    {
                        "size": "medium",
                        "url": "https://www.kroger.com/product/images/medium/front/0087861509011"
                    },
                    {
                        "size": "small",
                        "url": "https://www.kroger.com/product/images/small/front/0087861509011"
                    },
                    {
                        "size": "thumbnail",
                        "url": "https://www.kroger.com/product/images/thumbnail/front/0087861509011"
                    }
                ]
            }
        ],
        "items": [
            {
                "itemId": "0087861509011",
                "favorite": false,
                "fulfillment": {
                    "curbside": false,
                    "delivery": false,
                    "inStore": false,
                    "shipToHome": false
                },
                "size": "1"
            }
        ],
        "itemInformation": {},
        "temperature": {
            "indicator": "Ambient",
            "heatSensitive": false
        }
    },
    {
        "productId": "0087861508285",
        "upc": "0087861508285",
        "productPageURI": "/p/skullcandy-ink-d-bluetooth-in-ear-earbuds-blue/0087861508285?cid=dis.api.tpi_products-api_20240521_b:all_c:np_t:lookupproduct-243261",
        "aisleLocations": [],
        "brand": "Skullcandy",
        "categories": [
            "Electronics"
        ],
        "description": "Skullcandy Ink'd Bluetooth In-Ear Earbuds - Blue",
        "images": [
            {
                "perspective": "front",
                "featured": true,
                "sizes": [
                    {
                        "size": "xlarge",
                        "url": "https://www.kroger.com/product/images/xlarge/front/0087861508285"
                    },
                    {
                        "size": "large",
                        "url": "https://www.kroger.com/product/images/large/front/0087861508285"
                    },
                    {
                        "size": "medium",
                        "url": "https://www.kroger.com/product/images/medium/front/0087861508285"
                    },
                    {
                        "size": "small",
                        "url": "https://www.kroger.com/product/images/small/front/0087861508285"
                    },
                    {
                        "size": "thumbnail",
                        "url": "https://www.kroger.com/product/images/thumbnail/front/0087861508285"
                    }
                ]
            }
        ],
        "items": [
            {
                "itemId": "0087861508285",
                "favorite": false,
                "fulfillment": {
                    "curbside": false,
                    "delivery": false,
                    "inStore": false,
                    "shipToHome": false
                },
                "size": "1"
            }
        ],
        "itemInformation": {},
        "temperature": {
            "indicator": "Ambient",
            "heatSensitive": false
        }
    },
    {
        "productId": "0001734251254",
        "upc": "0001734251254",
        "productPageURI": "/p/sd-gaming-quest-52-wood-computer-desk-with-cup-and-headphone-holder-in-red/0001734251254?cid=dis.api.tpi_products-api_20240521_b:all_c:np_t:lookupproduct-243261",
        "aisleLocations": [],
        "categories": [
            "Furniture"
        ],
        "description": "SD Gaming Quest 52  Wood Computer Desk with Cup and Headphone Holder in Red",
        "images": [
            {
                "perspective": "front",
                "featured": true,
                "sizes": [
                    {
                        "size": "xlarge",
                        "url": "https://www.kroger.com/product/images/xlarge/front/0001734251254"
                    },
                    {
                        "size": "large",
                        "url": "https://www.kroger.com/product/images/large/front/0001734251254"
                    },
                    {
                        "size": "medium",
                        "url": "https://www.kroger.com/product/images/medium/front/0001734251254"
                    },
                    {
                        "size": "small",
                        "url": "https://www.kroger.com/product/images/small/front/0001734251254"
                    },
                    {
                        "size": "thumbnail",
                        "url": "https://www.kroger.com/product/images/thumbnail/front/0001734251254"
                    }
                ]
            }
        ],
        "items": [
            {
                "itemId": "0001734251254",
                "favorite": false,
                "fulfillment": {
                    "curbside": false,
                    "delivery": false,
                    "inStore": false,
                    "shipToHome": false
                },
                "size": "1"
            }
        ],
        "itemInformation": {},
        "temperature": {
            "indicator": "Ambient",
            "heatSensitive": false
        }
    },
    {
        "productId": "0001734251255",
        "upc": "0001734251255",
        "productPageURI": "/p/sd-gaming-zone-52-wood-computer-desk-with-cup-and-headphone-holder-in-black/0001734251255?cid=dis.api.tpi_products-api_20240521_b:all_c:np_t:lookupproduct-243261",
        "aisleLocations": [],
        "categories": [
            "Furniture"
        ],
        "description": "SD Gaming Zone 52  Wood Computer Desk with Cup and Headphone Holder in Black",
        "images": [
            {
                "perspective": "front",
                "featured": true,
                "sizes": [
                    {
                        "size": "xlarge",
                        "url": "https://www.kroger.com/product/images/xlarge/front/0001734251255"
                    },
                    {
                        "size": "large",
                        "url": "https://www.kroger.com/product/images/large/front/0001734251255"
                    },
                    {
                        "size": "medium",
                        "url": "https://www.kroger.com/product/images/medium/front/0001734251255"
                    },
                    {
                        "size": "small",
                        "url": "https://www.kroger.com/product/images/small/front/0001734251255"
                    },
                    {
                        "size": "thumbnail",
                        "url": "https://www.kroger.com/product/images/thumbnail/front/0001734251255"
                    }
                ]
            }
        ],
        "items": [
            {
                "itemId": "0001734251255",
                "favorite": false,
                "fulfillment": {
                    "curbside": false,
                    "delivery": false,
                    "inStore": false,
                    "shipToHome": false
                },
                "size": "1"
            }
        ],
        "itemInformation": {},
        "temperature": {
            "indicator": "Ambient",
            "heatSensitive": false
        }
    },
    {
        "productId": "0005003637404",
        "upc": "0005003637404",
        "productPageURI": "/p/jbl-wireless-earbuds-white/0005003637404?cid=dis.api.tpi_products-api_20240521_b:all_c:np_t:lookupproduct-243261",
        "aisleLocations": [],
        "brand": "JBL",
        "categories": [
            "Electronics"
        ],
        "description": "JBL Wireless Earbuds - White",
        "images": [
            {
                "perspective": "front",
                "featured": true,
                "sizes": [
                    {
                        "size": "xlarge",
                        "url": "https://www.kroger.com/product/images/xlarge/front/0005003637404"
                    },
                    {
                        "size": "large",
                        "url": "https://www.kroger.com/product/images/large/front/0005003637404"
                    },
                    {
                        "size": "medium",
                        "url": "https://www.kroger.com/product/images/medium/front/0005003637404"
                    },
                    {
                        "size": "small",
                        "url": "https://www.kroger.com/product/images/small/front/0005003637404"
                    },
                    {
                        "size": "thumbnail",
                        "url": "https://www.kroger.com/product/images/thumbnail/front/0005003637404"
                    }
                ]
            }
        ],
        "items": [
            {
                "itemId": "0005003637404",
                "favorite": false,
                "fulfillment": {
                    "curbside": false,
                    "delivery": false,
                    "inStore": false,
                    "shipToHome": false
                },
                "size": "1"
            }
        ],
        "itemInformation": {},
        "temperature": {
            "indicator": "Ambient",
            "heatSensitive": false
        }
    },
    {
        "productId": "0073164271790",
        "upc": "0073164271790",
        "productPageURI": "/p/contixo-kb05-kids-bluetooth-wireless-headphones-volume-safe-limit-85db-on-the-ear/0073164271790?cid=dis.api.tpi_products-api_20240521_b:all_c:np_t:lookupproduct-243261",
        "aisleLocations": [],
        "categories": [
            "Electronics"
        ],
        "description": "Contixo KB05 Kids Bluetooth Wireless Headphones -Volume Safe Limit 85db -On-The-Ear",
        "images": [
            {
                "perspective": "front",
                "featured": true,
                "sizes": [
                    {
                        "size": "xlarge",
                        "url": "https://www.kroger.com/product/images/xlarge/front/0073164271790"
                    },
                    {
                        "size": "large",
                        "url": "https://www.kroger.com/product/images/large/front/0073164271790"
                    },
                    {
                        "size": "medium",
                        "url": "https://www.kroger.com/product/images/medium/front/0073164271790"
                    },
                    {
                        "size": "small",
                        "url": "https://www.kroger.com/product/images/small/front/0073164271790"
                    },
                    {
                        "size": "thumbnail",
                        "url": "https://www.kroger.com/product/images/thumbnail/front/0073164271790"
                    }
                ]
            },
            {
                "perspective": "right",
                "sizes": [
                    {
                        "size": "xlarge",
                        "url": "https://www.kroger.com/product/images/xlarge/right/0073164271790"
                    },
                    {
                        "size": "large",
                        "url": "https://www.kroger.com/product/images/large/right/0073164271790"
                    },
                    {
                        "size": "medium",
                        "url": "https://www.kroger.com/product/images/medium/right/0073164271790"
                    },
                    {
                        "size": "small",
                        "url": "https://www.kroger.com/product/images/small/right/0073164271790"
                    },
                    {
                        "size": "thumbnail",
                        "url": "https://www.kroger.com/product/images/thumbnail/right/0073164271790"
                    }
                ]
            },
            {
                "perspective": "back",
                "sizes": [
                    {
                        "size": "xlarge",
                        "url": "https://www.kroger.com/product/images/xlarge/back/0073164271790"
                    },
                    {
                        "size": "large",
                        "url": "https://www.kroger.com/product/images/large/back/0073164271790"
                    },
                    {
                        "size": "medium",
                        "url": "https://www.kroger.com/product/images/medium/back/0073164271790"
                    },
                    {
                        "size": "small",
                        "url": "https://www.kroger.com/product/images/small/back/0073164271790"
                    },
                    {
                        "size": "thumbnail",
                        "url": "https://www.kroger.com/product/images/thumbnail/back/0073164271790"
                    }
                ]
            },
            {
                "perspective": "bottom",
                "sizes": [
                    {
                        "size": "xlarge",
                        "url": "https://www.kroger.com/product/images/xlarge/bottom/0073164271790"
                    },
                    {
                        "size": "large",
                        "url": "https://www.kroger.com/product/images/large/bottom/0073164271790"
                    },
                    {
                        "size": "medium",
                        "url": "https://www.kroger.com/product/images/medium/bottom/0073164271790"
                    },
                    {
                        "size": "small",
                        "url": "https://www.kroger.com/product/images/small/bottom/0073164271790"
                    },
                    {
                        "size": "thumbnail",
                        "url": "https://www.kroger.com/product/images/thumbnail/bottom/0073164271790"
                    }
                ]
            },
            {
                "perspective": "left",
                "sizes": [
                    {
                        "size": "xlarge",
                        "url": "https://www.kroger.com/product/images/xlarge/left/0073164271790"
                    },
                    {
                        "size": "large",
                        "url": "https://www.kroger.com/product/images/large/left/0073164271790"
                    },
                    {
                        "size": "medium",
                        "url": "https://www.kroger.com/product/images/medium/left/0073164271790"
                    },
                    {
                        "size": "small",
                        "url": "https://www.kroger.com/product/images/small/left/0073164271790"
                    },
                    {
                        "size": "thumbnail",
                        "url": "https://www.kroger.com/product/images/thumbnail/left/0073164271790"
                    }
                ]
            },
            {
                "perspective": "top",
                "sizes": [
                    {
                        "size": "xlarge",
                        "url": "https://www.kroger.com/product/images/xlarge/top/0073164271790"
                    },
                    {
                        "size": "large",
                        "url": "https://www.kroger.com/product/images/large/top/0073164271790"
                    },
                    {
                        "size": "medium",
                        "url": "https://www.kroger.com/product/images/medium/top/0073164271790"
                    },
                    {
                        "size": "small",
                        "url": "https://www.kroger.com/product/images/small/top/0073164271790"
                    },
                    {
                        "size": "thumbnail",
                        "url": "https://www.kroger.com/product/images/thumbnail/top/0073164271790"
                    }
                ]
            }
        ],
        "items": [
            {
                "itemId": "0073164271790",
                "favorite": false,
                "fulfillment": {
                    "curbside": false,
                    "delivery": false,
                    "inStore": false,
                    "shipToHome": false
                },
                "size": "1 ea"
            }
        ],
        "itemInformation": {},
        "temperature": {
            "indicator": "Ambient",
            "heatSensitive": false
        }
    },
    {
        "productId": "0005003637403",
        "upc": "0005003637403",
        "productPageURI": "/p/jbl-wireless-earbuds-black/0005003637403?cid=dis.api.tpi_products-api_20240521_b:all_c:np_t:lookupproduct-243261",
        "aisleLocations": [],
        "brand": "JBL",
        "categories": [
            "Electronics"
        ],
        "description": "JBL Wireless Earbuds - Black",
        "images": [
            {
                "perspective": "front",
                "featured": true,
                "sizes": [
                    {
                        "size": "xlarge",
                        "url": "https://www.kroger.com/product/images/xlarge/front/0005003637403"
                    },
                    {
                        "size": "large",
                        "url": "https://www.kroger.com/product/images/large/front/0005003637403"
                    },
                    {
                        "size": "medium",
                        "url": "https://www.kroger.com/product/images/medium/front/0005003637403"
                    },
                    {
                        "size": "small",
                        "url": "https://www.kroger.com/product/images/small/front/0005003637403"
                    },
                    {
                        "size": "thumbnail",
                        "url": "https://www.kroger.com/product/images/thumbnail/front/0005003637403"
                    }
                ]
            }
        ],
        "items": [
            {
                "itemId": "0005003637403",
                "favorite": false,
                "fulfillment": {
                    "curbside": false,
                    "delivery": false,
                    "inStore": false,
                    "shipToHome": false
                },
                "size": "1"
            }
        ],
        "itemInformation": {},
        "temperature": {
            "indicator": "Ambient",
            "heatSensitive": false
        }
    },
    {
        "productId": "0073164272342",
        "upc": "0073164272342",
        "productPageURI": "/p/contixo-kb2600-kids-bluetooth-wireless-headphones-volume-safe-limit-85db-on-the-ear/0073164272342?cid=dis.api.tpi_products-api_20240521_b:all_c:np_t:lookupproduct-243261",
        "aisleLocations": [],
        "categories": [
            "Electronics"
        ],
        "description": "Contixo KB2600 Kids Bluetooth Wireless Headphones -Volume Safe Limit 85db -On-The-Ear",
        "images": [
            {
                "perspective": "back",
                "sizes": [
                    {
                        "size": "xlarge",
                        "url": "https://www.kroger.com/product/images/xlarge/back/0073164272342"
                    },
                    {
                        "size": "large",
                        "url": "https://www.kroger.com/product/images/large/back/0073164272342"
                    },
                    {
                        "size": "medium",
                        "url": "https://www.kroger.com/product/images/medium/back/0073164272342"
                    },
                    {
                        "size": "small",
                        "url": "https://www.kroger.com/product/images/small/back/0073164272342"
                    },
                    {
                        "size": "thumbnail",
                        "url": "https://www.kroger.com/product/images/thumbnail/back/0073164272342"
                    }
                ]
            },
            {
                "perspective": "front",
                "featured": true,
                "sizes": [
                    {
                        "size": "xlarge",
                        "url": "https://www.kroger.com/product/images/xlarge/front/0073164272342"
                    },
                    {
                        "size": "large",
                        "url": "https://www.kroger.com/product/images/large/front/0073164272342"
                    },
                    {
                        "size": "medium",
                        "url": "https://www.kroger.com/product/images/medium/front/0073164272342"
                    },
                    {
                        "size": "small",
                        "url": "https://www.kroger.com/product/images/small/front/0073164272342"
                    },
                    {
                        "size": "thumbnail",
                        "url": "https://www.kroger.com/product/images/thumbnail/front/0073164272342"
                    }
                ]
            },
            {
                "perspective": "right",
                "sizes": [
                    {
                        "size": "xlarge",
                        "url": "https://www.kroger.com/product/images/xlarge/right/0073164272342"
                    },
                    {
                        "size": "large",
                        "url": "https://www.kroger.com/product/images/large/right/0073164272342"
                    },
                    {
                        "size": "medium",
                        "url": "https://www.kroger.com/product/images/medium/right/0073164272342"
                    },
                    {
                        "size": "small",
                        "url": "https://www.kroger.com/product/images/small/right/0073164272342"
                    },
                    {
                        "size": "thumbnail",
                        "url": "https://www.kroger.com/product/images/thumbnail/right/0073164272342"
                    }
                ]
            },
            {
                "perspective": "bottom",
                "sizes": [
                    {
                        "size": "xlarge",
                        "url": "https://www.kroger.com/product/images/xlarge/bottom/0073164272342"
                    },
                    {
                        "size": "large",
                        "url": "https://www.kroger.com/product/images/large/bottom/0073164272342"
                    },
                    {
                        "size": "medium",
                        "url": "https://www.kroger.com/product/images/medium/bottom/0073164272342"
                    },
                    {
                        "size": "small",
                        "url": "https://www.kroger.com/product/images/small/bottom/0073164272342"
                    },
                    {
                        "size": "thumbnail",
                        "url": "https://www.kroger.com/product/images/thumbnail/bottom/0073164272342"
                    }
                ]
            },
            {
                "perspective": "left",
                "sizes": [
                    {
                        "size": "xlarge",
                        "url": "https://www.kroger.com/product/images/xlarge/left/0073164272342"
                    },
                    {
                        "size": "large",
                        "url": "https://www.kroger.com/product/images/large/left/0073164272342"
                    },
                    {
                        "size": "medium",
                        "url": "https://www.kroger.com/product/images/medium/left/0073164272342"
                    },
                    {
                        "size": "small",
                        "url": "https://www.kroger.com/product/images/small/left/0073164272342"
                    },
                    {
                        "size": "thumbnail",
                        "url": "https://www.kroger.com/product/images/thumbnail/left/0073164272342"
                    }
                ]
            },
            {
                "perspective": "top",
                "sizes": [
                    {
                        "size": "xlarge",
                        "url": "https://www.kroger.com/product/images/xlarge/top/0073164272342"
                    },
                    {
                        "size": "large",
                        "url": "https://www.kroger.com/product/images/large/top/0073164272342"
                    },
                    {
                        "size": "medium",
                        "url": "https://www.kroger.com/product/images/medium/top/0073164272342"
                    },
                    {
                        "size": "small",
                        "url": "https://www.kroger.com/product/images/small/top/0073164272342"
                    },
                    {
                        "size": "thumbnail",
                        "url": "https://www.kroger.com/product/images/thumbnail/top/0073164272342"
                    }
                ]
            }
        ],
        "items": [
            {
                "itemId": "0073164272342",
                "favorite": false,
                "fulfillment": {
                    "curbside": false,
                    "delivery": false,
                    "inStore": false,
                    "shipToHome": false
                },
                "size": "1 ea"
            }
        ],
        "itemInformation": {},
        "temperature": {
            "indicator": "Ambient",
            "heatSensitive": false
        }
    },
    {
        "productId": "0073164271791",
        "upc": "0073164271791",
        "productPageURI": "/p/contixo-kb05-kids-bluetooth-wireless-headphones-volume-safe-limit-85db-on-the-ear/0073164271791?cid=dis.api.tpi_products-api_20240521_b:all_c:np_t:lookupproduct-243261",
        "aisleLocations": [],
        "categories": [
            "Electronics"
        ],
        "description": "Contixo KB05 Kids Bluetooth Wireless Headphones -Volume Safe Limit 85db -On-The-Ear",
        "images": [
            {
                "perspective": "front",
                "featured": true,
                "sizes": [
                    {
                        "size": "xlarge",
                        "url": "https://www.kroger.com/product/images/xlarge/front/0073164271791"
                    },
                    {
                        "size": "large",
                        "url": "https://www.kroger.com/product/images/large/front/0073164271791"
                    },
                    {
                        "size": "medium",
                        "url": "https://www.kroger.com/product/images/medium/front/0073164271791"
                    },
                    {
                        "size": "small",
                        "url": "https://www.kroger.com/product/images/small/front/0073164271791"
                    },
                    {
                        "size": "thumbnail",
                        "url": "https://www.kroger.com/product/images/thumbnail/front/0073164271791"
                    }
                ]
            },
            {
                "perspective": "right",
                "sizes": [
                    {
                        "size": "xlarge",
                        "url": "https://www.kroger.com/product/images/xlarge/right/0073164271791"
                    },
                    {
                        "size": "large",
                        "url": "https://www.kroger.com/product/images/large/right/0073164271791"
                    },
                    {
                        "size": "medium",
                        "url": "https://www.kroger.com/product/images/medium/right/0073164271791"
                    },
                    {
                        "size": "small",
                        "url": "https://www.kroger.com/product/images/small/right/0073164271791"
                    },
                    {
                        "size": "thumbnail",
                        "url": "https://www.kroger.com/product/images/thumbnail/right/0073164271791"
                    }
                ]
            },
            {
                "perspective": "back",
                "sizes": [
                    {
                        "size": "xlarge",
                        "url": "https://www.kroger.com/product/images/xlarge/back/0073164271791"
                    },
                    {
                        "size": "large",
                        "url": "https://www.kroger.com/product/images/large/back/0073164271791"
                    },
                    {
                        "size": "medium",
                        "url": "https://www.kroger.com/product/images/medium/back/0073164271791"
                    },
                    {
                        "size": "small",
                        "url": "https://www.kroger.com/product/images/small/back/0073164271791"
                    },
                    {
                        "size": "thumbnail",
                        "url": "https://www.kroger.com/product/images/thumbnail/back/0073164271791"
                    }
                ]
            },
            {
                "perspective": "bottom",
                "sizes": [
                    {
                        "size": "xlarge",
                        "url": "https://www.kroger.com/product/images/xlarge/bottom/0073164271791"
                    },
                    {
                        "size": "large",
                        "url": "https://www.kroger.com/product/images/large/bottom/0073164271791"
                    },
                    {
                        "size": "medium",
                        "url": "https://www.kroger.com/product/images/medium/bottom/0073164271791"
                    },
                    {
                        "size": "small",
                        "url": "https://www.kroger.com/product/images/small/bottom/0073164271791"
                    },
                    {
                        "size": "thumbnail",
                        "url": "https://www.kroger.com/product/images/thumbnail/bottom/0073164271791"
                    }
                ]
            },
            {
                "perspective": "top",
                "sizes": [
                    {
                        "size": "xlarge",
                        "url": "https://www.kroger.com/product/images/xlarge/top/0073164271791"
                    },
                    {
                        "size": "large",
                        "url": "https://www.kroger.com/product/images/large/top/0073164271791"
                    },
                    {
                        "size": "medium",
                        "url": "https://www.kroger.com/product/images/medium/top/0073164271791"
                    },
                    {
                        "size": "small",
                        "url": "https://www.kroger.com/product/images/small/top/0073164271791"
                    },
                    {
                        "size": "thumbnail",
                        "url": "https://www.kroger.com/product/images/thumbnail/top/0073164271791"
                    }
                ]
            },
            {
                "perspective": "left",
                "sizes": [
                    {
                        "size": "xlarge",
                        "url": "https://www.kroger.com/product/images/xlarge/left/0073164271791"
                    },
                    {
                        "size": "large",
                        "url": "https://www.kroger.com/product/images/large/left/0073164271791"
                    },
                    {
                        "size": "medium",
                        "url": "https://www.kroger.com/product/images/medium/left/0073164271791"
                    },
                    {
                        "size": "small",
                        "url": "https://www.kroger.com/product/images/small/left/0073164271791"
                    },
                    {
                        "size": "thumbnail",
                        "url": "https://www.kroger.com/product/images/thumbnail/left/0073164271791"
                    }
                ]
            }
        ],
        "items": [
            {
                "itemId": "0073164271791",
                "favorite": false,
                "fulfillment": {
                    "curbside": false,
                    "delivery": false,
                    "inStore": false,
                    "shipToHome": false
                },
                "size": "1 ea"
            }
        ],
        "itemInformation": {},
        "temperature": {
            "indicator": "Ambient",
            "heatSensitive": false
        }
    },
    {
        "productId": "0073164272344",
        "upc": "0073164272344",
        "productPageURI": "/p/contixo-kb2600-kids-bluetooth-wireless-headphones-volume-safe-limit-85db-on-the-ear/0073164272344?cid=dis.api.tpi_products-api_20240521_b:all_c:np_t:lookupproduct-243261",
        "aisleLocations": [],
        "categories": [
            "Electronics"
        ],
        "description": "Contixo KB2600 Kids Bluetooth Wireless Headphones -Volume Safe Limit 85db -On-The-Ear",
        "images": [
            {
                "perspective": "front",
                "featured": true,
                "sizes": [
                    {
                        "size": "xlarge",
                        "url": "https://www.kroger.com/product/images/xlarge/front/0073164272344"
                    },
                    {
                        "size": "large",
                        "url": "https://www.kroger.com/product/images/large/front/0073164272344"
                    },
                    {
                        "size": "medium",
                        "url": "https://www.kroger.com/product/images/medium/front/0073164272344"
                    },
                    {
                        "size": "small",
                        "url": "https://www.kroger.com/product/images/small/front/0073164272344"
                    },
                    {
                        "size": "thumbnail",
                        "url": "https://www.kroger.com/product/images/thumbnail/front/0073164272344"
                    }
                ]
            },
            {
                "perspective": "back",
                "sizes": [
                    {
                        "size": "xlarge",
                        "url": "https://www.kroger.com/product/images/xlarge/back/0073164272344"
                    },
                    {
                        "size": "large",
                        "url": "https://www.kroger.com/product/images/large/back/0073164272344"
                    },
                    {
                        "size": "medium",
                        "url": "https://www.kroger.com/product/images/medium/back/0073164272344"
                    },
                    {
                        "size": "small",
                        "url": "https://www.kroger.com/product/images/small/back/0073164272344"
                    },
                    {
                        "size": "thumbnail",
                        "url": "https://www.kroger.com/product/images/thumbnail/back/0073164272344"
                    }
                ]
            },
            {
                "perspective": "right",
                "sizes": [
                    {
                        "size": "xlarge",
                        "url": "https://www.kroger.com/product/images/xlarge/right/0073164272344"
                    },
                    {
                        "size": "large",
                        "url": "https://www.kroger.com/product/images/large/right/0073164272344"
                    },
                    {
                        "size": "medium",
                        "url": "https://www.kroger.com/product/images/medium/right/0073164272344"
                    },
                    {
                        "size": "small",
                        "url": "https://www.kroger.com/product/images/small/right/0073164272344"
                    },
                    {
                        "size": "thumbnail",
                        "url": "https://www.kroger.com/product/images/thumbnail/right/0073164272344"
                    }
                ]
            },
            {
                "perspective": "bottom",
                "sizes": [
                    {
                        "size": "xlarge",
                        "url": "https://www.kroger.com/product/images/xlarge/bottom/0073164272344"
                    },
                    {
                        "size": "large",
                        "url": "https://www.kroger.com/product/images/large/bottom/0073164272344"
                    },
                    {
                        "size": "medium",
                        "url": "https://www.kroger.com/product/images/medium/bottom/0073164272344"
                    },
                    {
                        "size": "small",
                        "url": "https://www.kroger.com/product/images/small/bottom/0073164272344"
                    },
                    {
                        "size": "thumbnail",
                        "url": "https://www.kroger.com/product/images/thumbnail/bottom/0073164272344"
                    }
                ]
            },
            {
                "perspective": "top",
                "sizes": [
                    {
                        "size": "xlarge",
                        "url": "https://www.kroger.com/product/images/xlarge/top/0073164272344"
                    },
                    {
                        "size": "large",
                        "url": "https://www.kroger.com/product/images/large/top/0073164272344"
                    },
                    {
                        "size": "medium",
                        "url": "https://www.kroger.com/product/images/medium/top/0073164272344"
                    },
                    {
                        "size": "small",
                        "url": "https://www.kroger.com/product/images/small/top/0073164272344"
                    },
                    {
                        "size": "thumbnail",
                        "url": "https://www.kroger.com/product/images/thumbnail/top/0073164272344"
                    }
                ]
            },
            {
                "perspective": "left",
                "sizes": [
                    {
                        "size": "xlarge",
                        "url": "https://www.kroger.com/product/images/xlarge/left/0073164272344"
                    },
                    {
                        "size": "large",
                        "url": "https://www.kroger.com/product/images/large/left/0073164272344"
                    },
                    {
                        "size": "medium",
                        "url": "https://www.kroger.com/product/images/medium/left/0073164272344"
                    },
                    {
                        "size": "small",
                        "url": "https://www.kroger.com/product/images/small/left/0073164272344"
                    },
                    {
                        "size": "thumbnail",
                        "url": "https://www.kroger.com/product/images/thumbnail/left/0073164272344"
                    }
                ]
            }
        ],
        "items": [
            {
                "itemId": "0073164272344",
                "favorite": false,
                "fulfillment": {
                    "curbside": false,
                    "delivery": false,
                    "inStore": false,
                    "shipToHome": false
                },
                "size": "1 ea"
            }
        ],
        "itemInformation": {},
        "temperature": {
            "indicator": "Ambient",
            "heatSensitive": false
        }
    },
    {
        "productId": "0004683807431",
        "upc": "0004683807431",
        "productPageURI": "/p/jvc-gumy-plus-inner-ear-headphones-with-mic-remote-black/0004683807431?cid=dis.api.tpi_products-api_20240521_b:all_c:np_t:lookupproduct-243261",
        "aisleLocations": [],
        "brand": "JVC",
        "categories": [
            "Electronics"
        ],
        "countryOrigin": "PHILIPPINES",
        "description": "JVC Gumy Plus Inner-Ear Headphones with Mic/Remote - Black",
        "images": [
            {
                "perspective": "front",
                "featured": true,
                "sizes": [
                    {
                        "size": "xlarge",
                        "url": "https://www.kroger.com/product/images/xlarge/front/0004683807431"
                    },
                    {
                        "size": "large",
                        "url": "https://www.kroger.com/product/images/large/front/0004683807431"
                    },
                    {
                        "size": "medium",
                        "url": "https://www.kroger.com/product/images/medium/front/0004683807431"
                    },
                    {
                        "size": "small",
                        "url": "https://www.kroger.com/product/images/small/front/0004683807431"
                    },
                    {
                        "size": "thumbnail",
                        "url": "https://www.kroger.com/product/images/thumbnail/front/0004683807431"
                    }
                ]
            },
            {
                "perspective": "back",
                "sizes": [
                    {
                        "size": "xlarge",
                        "url": "https://www.kroger.com/product/images/xlarge/back/0004683807431"
                    },
                    {
                        "size": "large",
                        "url": "https://www.kroger.com/product/images/large/back/0004683807431"
                    },
                    {
                        "size": "medium",
                        "url": "https://www.kroger.com/product/images/medium/back/0004683807431"
                    },
                    {
                        "size": "small",
                        "url": "https://www.kroger.com/product/images/small/back/0004683807431"
                    },
                    {
                        "size": "thumbnail",
                        "url": "https://www.kroger.com/product/images/thumbnail/back/0004683807431"
                    }
                ]
            }
        ],
        "items": [
            {
                "itemId": "0004683807431",
                "favorite": false,
                "fulfillment": {
                    "curbside": false,
                    "delivery": false,
                    "inStore": false,
                    "shipToHome": false
                },
                "price": {
                    "regular": 9.99,
                    "promo": 0
                },
                "size": "1 ct",
                "soldBy": "UNIT"
            }
        ],
        "itemInformation": {},
        "temperature": {
            "indicator": "Ambient",
            "heatSensitive": false
        }
    },
    {
        "productId": "0087861509138",
        "upc": "0087861509138",
        "productPageURI": "/p/skullcandy-jib-wireless-earbuds-with-microphone-black/0087861509138?cid=dis.api.tpi_products-api_20240521_b:all_c:np_t:lookupproduct-243261",
        "aisleLocations": [
            {
                "bayNumber": "1",
                "description": "CHECKLANE 13",
                "number": "300",
                "numberOfFacings": "1",
                "side": "R",
                "shelfNumber": "2",
                "shelfPositionInBay": "2"
            },
            {
                "bayNumber": "1",
                "description": "CHECKLANE 3",
                "number": "300",
                "numberOfFacings": "1",
                "side": "R",
                "shelfNumber": "2",
                "shelfPositionInBay": "6"
            },
            {
                "bayNumber": "1",
                "description": "CHECKLANE 4",
                "number": "300",
                "numberOfFacings": "1",
                "side": "R",
                "shelfNumber": "2",
                "shelfPositionInBay": "2"
            }
        ],
        "brand": "Skullcandy",
        "categories": [
            "Electronics"
        ],
        "countryOrigin": "UNITED STATES",
        "description": "Skullcandy Jib Wireless Earbuds with Microphone - Black",
        "images": [
            {
                "perspective": "front",
                "featured": true,
                "sizes": [
                    {
                        "size": "xlarge",
                        "url": "https://www.kroger.com/product/images/xlarge/front/0087861509138"
                    },
                    {
                        "size": "large",
                        "url": "https://www.kroger.com/product/images/large/front/0087861509138"
                    },
                    {
                        "size": "medium",
                        "url": "https://www.kroger.com/product/images/medium/front/0087861509138"
                    },
                    {
                        "size": "small",
                        "url": "https://www.kroger.com/product/images/small/front/0087861509138"
                    },
                    {
                        "size": "thumbnail",
                        "url": "https://www.kroger.com/product/images/thumbnail/front/0087861509138"
                    }
                ]
            },
            {
                "perspective": "back",
                "sizes": [
                    {
                        "size": "xlarge",
                        "url": "https://www.kroger.com/product/images/xlarge/back/0087861509138"
                    },
                    {
                        "size": "large",
                        "url": "https://www.kroger.com/product/images/large/back/0087861509138"
                    },
                    {
                        "size": "medium",
                        "url": "https://www.kroger.com/product/images/medium/back/0087861509138"
                    },
                    {
                        "size": "small",
                        "url": "https://www.kroger.com/product/images/small/back/0087861509138"
                    },
                    {
                        "size": "thumbnail",
                        "url": "https://www.kroger.com/product/images/thumbnail/back/0087861509138"
                    }
                ]
            }
        ],
        "items": [
            {
                "itemId": "0087861509138",
                "inventory": {
                    "stockLevel": "HIGH"
                },
                "favorite": false,
                "fulfillment": {
                    "curbside": false,
                    "delivery": false,
                    "inStore": false,
                    "shipToHome": false
                },
                "price": {
                    "regular": 9.99,
                    "promo": 0
                },
                "size": "1 ct",
                "soldBy": "UNIT"
            }
        ],
        "itemInformation": {
            "depth": "1.5",
            "height": "7.75",
            "width": "2.75"
        },
        "temperature": {
            "indicator": "Ambient",
            "heatSensitive": false
        }
    },
    {
        "productId": "0073164272345",
        "upc": "0073164272345",
        "productPageURI": "/p/contixo-kb2600-kids-bluetooth-wireless-headphones-volume-safe-limit-85db-on-the-ear/0073164272345?cid=dis.api.tpi_products-api_20240521_b:all_c:np_t:lookupproduct-243261",
        "aisleLocations": [],
        "categories": [
            "Electronics"
        ],
        "description": "Contixo KB2600 Kids Bluetooth Wireless Headphones -Volume Safe Limit 85db -On-The-Ear",
        "images": [
            {
                "perspective": "back",
                "sizes": [
                    {
                        "size": "xlarge",
                        "url": "https://www.kroger.com/product/images/xlarge/back/0073164272345"
                    },
                    {
                        "size": "large",
                        "url": "https://www.kroger.com/product/images/large/back/0073164272345"
                    },
                    {
                        "size": "medium",
                        "url": "https://www.kroger.com/product/images/medium/back/0073164272345"
                    },
                    {
                        "size": "small",
                        "url": "https://www.kroger.com/product/images/small/back/0073164272345"
                    },
                    {
                        "size": "thumbnail",
                        "url": "https://www.kroger.com/product/images/thumbnail/back/0073164272345"
                    }
                ]
            },
            {
                "perspective": "right",
                "sizes": [
                    {
                        "size": "xlarge",
                        "url": "https://www.kroger.com/product/images/xlarge/right/0073164272345"
                    },
                    {
                        "size": "large",
                        "url": "https://www.kroger.com/product/images/large/right/0073164272345"
                    },
                    {
                        "size": "medium",
                        "url": "https://www.kroger.com/product/images/medium/right/0073164272345"
                    },
                    {
                        "size": "small",
                        "url": "https://www.kroger.com/product/images/small/right/0073164272345"
                    },
                    {
                        "size": "thumbnail",
                        "url": "https://www.kroger.com/product/images/thumbnail/right/0073164272345"
                    }
                ]
            },
            {
                "perspective": "front",
                "featured": true,
                "sizes": [
                    {
                        "size": "xlarge",
                        "url": "https://www.kroger.com/product/images/xlarge/front/0073164272345"
                    },
                    {
                        "size": "large",
                        "url": "https://www.kroger.com/product/images/large/front/0073164272345"
                    },
                    {
                        "size": "medium",
                        "url": "https://www.kroger.com/product/images/medium/front/0073164272345"
                    },
                    {
                        "size": "small",
                        "url": "https://www.kroger.com/product/images/small/front/0073164272345"
                    },
                    {
                        "size": "thumbnail",
                        "url": "https://www.kroger.com/product/images/thumbnail/front/0073164272345"
                    }
                ]
            },
            {
                "perspective": "bottom",
                "sizes": [
                    {
                        "size": "xlarge",
                        "url": "https://www.kroger.com/product/images/xlarge/bottom/0073164272345"
                    },
                    {
                        "size": "large",
                        "url": "https://www.kroger.com/product/images/large/bottom/0073164272345"
                    },
                    {
                        "size": "medium",
                        "url": "https://www.kroger.com/product/images/medium/bottom/0073164272345"
                    },
                    {
                        "size": "small",
                        "url": "https://www.kroger.com/product/images/small/bottom/0073164272345"
                    },
                    {
                        "size": "thumbnail",
                        "url": "https://www.kroger.com/product/images/thumbnail/bottom/0073164272345"
                    }
                ]
            },
            {
                "perspective": "top",
                "sizes": [
                    {
                        "size": "xlarge",
                        "url": "https://www.kroger.com/product/images/xlarge/top/0073164272345"
                    },
                    {
                        "size": "large",
                        "url": "https://www.kroger.com/product/images/large/top/0073164272345"
                    },
                    {
                        "size": "medium",
                        "url": "https://www.kroger.com/product/images/medium/top/0073164272345"
                    },
                    {
                        "size": "small",
                        "url": "https://www.kroger.com/product/images/small/top/0073164272345"
                    },
                    {
                        "size": "thumbnail",
                        "url": "https://www.kroger.com/product/images/thumbnail/top/0073164272345"
                    }
                ]
            },
            {
                "perspective": "left",
                "sizes": [
                    {
                        "size": "xlarge",
                        "url": "https://www.kroger.com/product/images/xlarge/left/0073164272345"
                    },
                    {
                        "size": "large",
                        "url": "https://www.kroger.com/product/images/large/left/0073164272345"
                    },
                    {
                        "size": "medium",
                        "url": "https://www.kroger.com/product/images/medium/left/0073164272345"
                    },
                    {
                        "size": "small",
                        "url": "https://www.kroger.com/product/images/small/left/0073164272345"
                    },
                    {
                        "size": "thumbnail",
                        "url": "https://www.kroger.com/product/images/thumbnail/left/0073164272345"
                    }
                ]
            }
        ],
        "items": [
            {
                "itemId": "0073164272345",
                "favorite": false,
                "fulfillment": {
                    "curbside": false,
                    "delivery": false,
                    "inStore": false,
                    "shipToHome": false
                },
                "size": "1 ea"
            }
        ],
        "itemInformation": {},
        "temperature": {
            "indicator": "Ambient",
            "heatSensitive": false
        }
    },
    {
        "productId": "0073164271677",
        "upc": "0073164271677",
        "productPageURI": "/p/contixo-kb05-kids-bluetooth-wireless-headphones-volume-safe-limit-85db-on-the-ear/0073164271677?cid=dis.api.tpi_products-api_20240521_b:all_c:np_t:lookupproduct-243261",
        "aisleLocations": [],
        "categories": [
            "Electronics"
        ],
        "description": "Contixo KB05 Kids Bluetooth Wireless Headphones -Volume Safe Limit 85db -On-The-Ear",
        "images": [
            {
                "perspective": "right",
                "sizes": [
                    {
                        "size": "xlarge",
                        "url": "https://www.kroger.com/product/images/xlarge/right/0073164271677"
                    },
                    {
                        "size": "large",
                        "url": "https://www.kroger.com/product/images/large/right/0073164271677"
                    },
                    {
                        "size": "medium",
                        "url": "https://www.kroger.com/product/images/medium/right/0073164271677"
                    },
                    {
                        "size": "small",
                        "url": "https://www.kroger.com/product/images/small/right/0073164271677"
                    },
                    {
                        "size": "thumbnail",
                        "url": "https://www.kroger.com/product/images/thumbnail/right/0073164271677"
                    }
                ]
            },
            {
                "perspective": "front",
                "featured": true,
                "sizes": [
                    {
                        "size": "xlarge",
                        "url": "https://www.kroger.com/product/images/xlarge/front/0073164271677"
                    },
                    {
                        "size": "large",
                        "url": "https://www.kroger.com/product/images/large/front/0073164271677"
                    },
                    {
                        "size": "medium",
                        "url": "https://www.kroger.com/product/images/medium/front/0073164271677"
                    },
                    {
                        "size": "small",
                        "url": "https://www.kroger.com/product/images/small/front/0073164271677"
                    },
                    {
                        "size": "thumbnail",
                        "url": "https://www.kroger.com/product/images/thumbnail/front/0073164271677"
                    }
                ]
            },
            {
                "perspective": "back",
                "sizes": [
                    {
                        "size": "xlarge",
                        "url": "https://www.kroger.com/product/images/xlarge/back/0073164271677"
                    },
                    {
                        "size": "large",
                        "url": "https://www.kroger.com/product/images/large/back/0073164271677"
                    },
                    {
                        "size": "medium",
                        "url": "https://www.kroger.com/product/images/medium/back/0073164271677"
                    },
                    {
                        "size": "small",
                        "url": "https://www.kroger.com/product/images/small/back/0073164271677"
                    },
                    {
                        "size": "thumbnail",
                        "url": "https://www.kroger.com/product/images/thumbnail/back/0073164271677"
                    }
                ]
            },
            {
                "perspective": "bottom",
                "sizes": [
                    {
                        "size": "xlarge",
                        "url": "https://www.kroger.com/product/images/xlarge/bottom/0073164271677"
                    },
                    {
                        "size": "large",
                        "url": "https://www.kroger.com/product/images/large/bottom/0073164271677"
                    },
                    {
                        "size": "medium",
                        "url": "https://www.kroger.com/product/images/medium/bottom/0073164271677"
                    },
                    {
                        "size": "small",
                        "url": "https://www.kroger.com/product/images/small/bottom/0073164271677"
                    },
                    {
                        "size": "thumbnail",
                        "url": "https://www.kroger.com/product/images/thumbnail/bottom/0073164271677"
                    }
                ]
            },
            {
                "perspective": "top",
                "sizes": [
                    {
                        "size": "xlarge",
                        "url": "https://www.kroger.com/product/images/xlarge/top/0073164271677"
                    },
                    {
                        "size": "large",
                        "url": "https://www.kroger.com/product/images/large/top/0073164271677"
                    },
                    {
                        "size": "medium",
                        "url": "https://www.kroger.com/product/images/medium/top/0073164271677"
                    },
                    {
                        "size": "small",
                        "url": "https://www.kroger.com/product/images/small/top/0073164271677"
                    },
                    {
                        "size": "thumbnail",
                        "url": "https://www.kroger.com/product/images/thumbnail/top/0073164271677"
                    }
                ]
            },
            {
                "perspective": "left",
                "sizes": [
                    {
                        "size": "xlarge",
                        "url": "https://www.kroger.com/product/images/xlarge/left/0073164271677"
                    },
                    {
                        "size": "large",
                        "url": "https://www.kroger.com/product/images/large/left/0073164271677"
                    },
                    {
                        "size": "medium",
                        "url": "https://www.kroger.com/product/images/medium/left/0073164271677"
                    },
                    {
                        "size": "small",
                        "url": "https://www.kroger.com/product/images/small/left/0073164271677"
                    },
                    {
                        "size": "thumbnail",
                        "url": "https://www.kroger.com/product/images/thumbnail/left/0073164271677"
                    }
                ]
            }
        ],
        "items": [
            {
                "itemId": "0073164271677",
                "favorite": false,
                "fulfillment": {
                    "curbside": false,
                    "delivery": false,
                    "inStore": false,
                    "shipToHome": false
                },
                "size": "1 ea"
            }
        ],
        "itemInformation": {},
        "temperature": {
            "indicator": "Ambient",
            "heatSensitive": false
        }
    },
    {
        "productId": "0005003635370",
        "upc": "0005003635370",
        "productPageURI": "/p/jbl-live500-bluetooth-over-ear-heaphones-white/0005003635370?cid=dis.api.tpi_products-api_20240521_b:all_c:np_t:lookupproduct-243261",
        "aisleLocations": [],
        "brand": "JBL",
        "categories": [
            "Electronics"
        ],
        "description": "JBL LIVE500 Bluetooth Over Ear Heaphones - White",
        "images": [
            {
                "perspective": "front",
                "featured": true,
                "sizes": [
                    {
                        "size": "xlarge",
                        "url": "https://www.kroger.com/product/images/xlarge/front/0005003635370"
                    },
                    {
                        "size": "large",
                        "url": "https://www.kroger.com/product/images/large/front/0005003635370"
                    },
                    {
                        "size": "medium",
                        "url": "https://www.kroger.com/product/images/medium/front/0005003635370"
                    },
                    {
                        "size": "small",
                        "url": "https://www.kroger.com/product/images/small/front/0005003635370"
                    },
                    {
                        "size": "thumbnail",
                        "url": "https://www.kroger.com/product/images/thumbnail/front/0005003635370"
                    }
                ]
            }
        ],
        "items": [
            {
                "itemId": "0005003635370",
                "favorite": false,
                "fulfillment": {
                    "curbside": false,
                    "delivery": false,
                    "inStore": false,
                    "shipToHome": false
                },
                "size": "1"
            }
        ],
        "itemInformation": {},
        "temperature": {
            "indicator": "Ambient",
            "heatSensitive": false
        }
    },
    {
        "productId": "0073164271676",
        "upc": "0073164271676",
        "productPageURI": "/p/contixo-kb05-kids-bluetooth-wireless-headphones-volume-safe-limit-85db-on-the-ear/0073164271676?cid=dis.api.tpi_products-api_20240521_b:all_c:np_t:lookupproduct-243261",
        "aisleLocations": [],
        "categories": [
            "Electronics"
        ],
        "description": "Contixo KB05 Kids Bluetooth Wireless Headphones -Volume Safe Limit 85db -On-The-Ear",
        "images": [
            {
                "perspective": "right",
                "sizes": [
                    {
                        "size": "xlarge",
                        "url": "https://www.kroger.com/product/images/xlarge/right/0073164271676"
                    },
                    {
                        "size": "large",
                        "url": "https://www.kroger.com/product/images/large/right/0073164271676"
                    },
                    {
                        "size": "medium",
                        "url": "https://www.kroger.com/product/images/medium/right/0073164271676"
                    },
                    {
                        "size": "small",
                        "url": "https://www.kroger.com/product/images/small/right/0073164271676"
                    },
                    {
                        "size": "thumbnail",
                        "url": "https://www.kroger.com/product/images/thumbnail/right/0073164271676"
                    }
                ]
            },
            {
                "perspective": "front",
                "featured": true,
                "sizes": [
                    {
                        "size": "xlarge",
                        "url": "https://www.kroger.com/product/images/xlarge/front/0073164271676"
                    },
                    {
                        "size": "large",
                        "url": "https://www.kroger.com/product/images/large/front/0073164271676"
                    },
                    {
                        "size": "medium",
                        "url": "https://www.kroger.com/product/images/medium/front/0073164271676"
                    },
                    {
                        "size": "small",
                        "url": "https://www.kroger.com/product/images/small/front/0073164271676"
                    },
                    {
                        "size": "thumbnail",
                        "url": "https://www.kroger.com/product/images/thumbnail/front/0073164271676"
                    }
                ]
            },
            {
                "perspective": "back",
                "sizes": [
                    {
                        "size": "xlarge",
                        "url": "https://www.kroger.com/product/images/xlarge/back/0073164271676"
                    },
                    {
                        "size": "large",
                        "url": "https://www.kroger.com/product/images/large/back/0073164271676"
                    },
                    {
                        "size": "medium",
                        "url": "https://www.kroger.com/product/images/medium/back/0073164271676"
                    },
                    {
                        "size": "small",
                        "url": "https://www.kroger.com/product/images/small/back/0073164271676"
                    },
                    {
                        "size": "thumbnail",
                        "url": "https://www.kroger.com/product/images/thumbnail/back/0073164271676"
                    }
                ]
            },
            {
                "perspective": "bottom",
                "sizes": [
                    {
                        "size": "xlarge",
                        "url": "https://www.kroger.com/product/images/xlarge/bottom/0073164271676"
                    },
                    {
                        "size": "large",
                        "url": "https://www.kroger.com/product/images/large/bottom/0073164271676"
                    },
                    {
                        "size": "medium",
                        "url": "https://www.kroger.com/product/images/medium/bottom/0073164271676"
                    },
                    {
                        "size": "small",
                        "url": "https://www.kroger.com/product/images/small/bottom/0073164271676"
                    },
                    {
                        "size": "thumbnail",
                        "url": "https://www.kroger.com/product/images/thumbnail/bottom/0073164271676"
                    }
                ]
            },
            {
                "perspective": "top",
                "sizes": [
                    {
                        "size": "xlarge",
                        "url": "https://www.kroger.com/product/images/xlarge/top/0073164271676"
                    },
                    {
                        "size": "large",
                        "url": "https://www.kroger.com/product/images/large/top/0073164271676"
                    },
                    {
                        "size": "medium",
                        "url": "https://www.kroger.com/product/images/medium/top/0073164271676"
                    },
                    {
                        "size": "small",
                        "url": "https://www.kroger.com/product/images/small/top/0073164271676"
                    },
                    {
                        "size": "thumbnail",
                        "url": "https://www.kroger.com/product/images/thumbnail/top/0073164271676"
                    }
                ]
            },
            {
                "perspective": "left",
                "sizes": [
                    {
                        "size": "xlarge",
                        "url": "https://www.kroger.com/product/images/xlarge/left/0073164271676"
                    },
                    {
                        "size": "large",
                        "url": "https://www.kroger.com/product/images/large/left/0073164271676"
                    },
                    {
                        "size": "medium",
                        "url": "https://www.kroger.com/product/images/medium/left/0073164271676"
                    },
                    {
                        "size": "small",
                        "url": "https://www.kroger.com/product/images/small/left/0073164271676"
                    },
                    {
                        "size": "thumbnail",
                        "url": "https://www.kroger.com/product/images/thumbnail/left/0073164271676"
                    }
                ]
            }
        ],
        "items": [
            {
                "itemId": "0073164271676",
                "favorite": false,
                "fulfillment": {
                    "curbside": false,
                    "delivery": false,
                    "inStore": false,
                    "shipToHome": false
                },
                "size": "1 ea"
            }
        ],
        "itemInformation": {},
        "temperature": {
            "indicator": "Ambient",
            "heatSensitive": false
        }
    },
    {
        "productId": "0009785504687",
        "upc": "0009785504687",
        "productPageURI": "/p/h390-usb-headset-w-noise-canceling-microphone-981000014/0009785504687?cid=dis.api.tpi_products-api_20240521_b:all_c:np_t:lookupproduct-243261",
        "aisleLocations": [],
        "brand": "Logitech",
        "categories": [
            "Electronics"
        ],
        "description": "H390 USB Headset w/Noise-Canceling Microphone 981000014",
        "images": [
            {
                "perspective": "front",
                "featured": true,
                "sizes": [
                    {
                        "size": "xlarge",
                        "url": "https://www.kroger.com/product/images/xlarge/front/0009785504687"
                    },
                    {
                        "size": "large",
                        "url": "https://www.kroger.com/product/images/large/front/0009785504687"
                    },
                    {
                        "size": "medium",
                        "url": "https://www.kroger.com/product/images/medium/front/0009785504687"
                    },
                    {
                        "size": "small",
                        "url": "https://www.kroger.com/product/images/small/front/0009785504687"
                    },
                    {
                        "size": "thumbnail",
                        "url": "https://www.kroger.com/product/images/thumbnail/front/0009785504687"
                    }
                ]
            }
        ],
        "items": [
            {
                "itemId": "0009785504687",
                "favorite": false,
                "fulfillment": {
                    "curbside": false,
                    "delivery": false,
                    "inStore": false,
                    "shipToHome": false
                },
                "size": "1 ct"
            }
        ],
        "itemInformation": {},
        "temperature": {
            "indicator": "Ambient",
            "heatSensitive": false
        }
    },
    {
        "productId": "0004683807437",
        "upc": "0004683807437",
        "productPageURI": "/p/jvc-gumy-plus-headphones-with-microphone-white/0004683807437?cid=dis.api.tpi_products-api_20240521_b:all_c:np_t:lookupproduct-243261",
        "aisleLocations": [],
        "brand": "JVC",
        "categories": [
            "Electronics"
        ],
        "countryOrigin": "PHILIPPINES",
        "description": "JVC Gumy Plus Headphones with Microphone - White",
        "images": [
            {
                "perspective": "left",
                "featured": true,
                "sizes": [
                    {
                        "size": "xlarge",
                        "url": "https://www.kroger.com/product/images/xlarge/left/0004683807437"
                    },
                    {
                        "size": "large",
                        "url": "https://www.kroger.com/product/images/large/left/0004683807437"
                    },
                    {
                        "size": "medium",
                        "url": "https://www.kroger.com/product/images/medium/left/0004683807437"
                    },
                    {
                        "size": "small",
                        "url": "https://www.kroger.com/product/images/small/left/0004683807437"
                    },
                    {
                        "size": "thumbnail",
                        "url": "https://www.kroger.com/product/images/thumbnail/left/0004683807437"
                    }
                ]
            },
            {
                "perspective": "front",
                "sizes": [
                    {
                        "size": "xlarge",
                        "url": "https://www.kroger.com/product/images/xlarge/front/0004683807437"
                    },
                    {
                        "size": "large",
                        "url": "https://www.kroger.com/product/images/large/front/0004683807437"
                    },
                    {
                        "size": "medium",
                        "url": "https://www.kroger.com/product/images/medium/front/0004683807437"
                    },
                    {
                        "size": "small",
                        "url": "https://www.kroger.com/product/images/small/front/0004683807437"
                    },
                    {
                        "size": "thumbnail",
                        "url": "https://www.kroger.com/product/images/thumbnail/front/0004683807437"
                    }
                ]
            }
        ],
        "items": [
            {
                "itemId": "0004683807437",
                "favorite": false,
                "fulfillment": {
                    "curbside": false,
                    "delivery": false,
                    "inStore": false,
                    "shipToHome": false
                },
                "price": {
                    "regular": 9.99,
                    "promo": 0
                },
                "size": "1 ct",
                "soldBy": "UNIT"
            }
        ],
        "itemInformation": {},
        "temperature": {
            "indicator": "Ambient",
            "heatSensitive": false
        }
    },
    {
        "productId": "0087861508287",
        "upc": "0087861508287",
        "productPageURI": "/p/skullcandy-ink-d-bluetooth-in-ear-earbuds-black/0087861508287?cid=dis.api.tpi_products-api_20240521_b:all_c:np_t:lookupproduct-243261",
        "aisleLocations": [],
        "brand": "Skullcandy",
        "categories": [
            "Electronics"
        ],
        "description": "Skullcandy Ink'd Bluetooth In-Ear Earbuds - Black",
        "images": [
            {
                "perspective": "front",
                "featured": true,
                "sizes": [
                    {
                        "size": "xlarge",
                        "url": "https://www.kroger.com/product/images/xlarge/front/0087861508287"
                    },
                    {
                        "size": "large",
                        "url": "https://www.kroger.com/product/images/large/front/0087861508287"
                    },
                    {
                        "size": "medium",
                        "url": "https://www.kroger.com/product/images/medium/front/0087861508287"
                    },
                    {
                        "size": "small",
                        "url": "https://www.kroger.com/product/images/small/front/0087861508287"
                    },
                    {
                        "size": "thumbnail",
                        "url": "https://www.kroger.com/product/images/thumbnail/front/0087861508287"
                    }
                ]
            }
        ],
        "items": [
            {
                "itemId": "0087861508287",
                "favorite": false,
                "fulfillment": {
                    "curbside": false,
                    "delivery": false,
                    "inStore": false,
                    "shipToHome": false
                },
                "size": "1"
            }
        ],
        "itemInformation": {},
        "temperature": {
            "indicator": "Ambient",
            "heatSensitive": false
        }
    },
    {
        "productId": "0001781780570",
        "upc": "0001781780570",
        "productPageURI": "/p/bose-alto-frames-black/0001781780570?cid=dis.api.tpi_products-api_20240521_b:all_c:np_t:lookupproduct-243261",
        "aisleLocations": [],
        "brand": "Bose",
        "categories": [
            "Electronics"
        ],
        "countryOrigin": "CHINA",
        "description": "Bose Alto Frames - Black",
        "images": [
            {
                "perspective": "front",
                "featured": true,
                "sizes": [
                    {
                        "size": "xlarge",
                        "url": "https://www.kroger.com/product/images/xlarge/front/0001781780570"
                    },
                    {
                        "size": "large",
                        "url": "https://www.kroger.com/product/images/large/front/0001781780570"
                    },
                    {
                        "size": "medium",
                        "url": "https://www.kroger.com/product/images/medium/front/0001781780570"
                    },
                    {
                        "size": "small",
                        "url": "https://www.kroger.com/product/images/small/front/0001781780570"
                    },
                    {
                        "size": "thumbnail",
                        "url": "https://www.kroger.com/product/images/thumbnail/front/0001781780570"
                    }
                ]
            }
        ],
        "items": [
            {
                "itemId": "0001781780570",
                "favorite": false,
                "fulfillment": {
                    "curbside": true,
                    "delivery": true,
                    "inStore": true,
                    "shipToHome": false
                },
                "size": "1 ct"
            }
        ],
        "itemInformation": {},
        "temperature": {
            "indicator": "Ambient",
            "heatSensitive": false
        }
    },
    {
        "productId": "0087861502428",
        "upc": "0087861502428",
        "productPageURI": "/p/skullcandy-jib-in-ear-headphones-black/0087861502428?cid=dis.api.tpi_products-api_20240521_b:all_c:np_t:lookupproduct-243261",
        "aisleLocations": [],
        "brand": "Skullcandy",
        "categories": [
            "Electronics"
        ],
        "description": "Skullcandy Jib In-ear Headphones - Black",
        "images": [
            {
                "perspective": "front",
                "featured": true,
                "sizes": [
                    {
                        "size": "xlarge",
                        "url": "https://www.kroger.com/product/images/xlarge/front/0087861502428"
                    },
                    {
                        "size": "large",
                        "url": "https://www.kroger.com/product/images/large/front/0087861502428"
                    },
                    {
                        "size": "medium",
                        "url": "https://www.kroger.com/product/images/medium/front/0087861502428"
                    },
                    {
                        "size": "small",
                        "url": "https://www.kroger.com/product/images/small/front/0087861502428"
                    },
                    {
                        "size": "thumbnail",
                        "url": "https://www.kroger.com/product/images/thumbnail/front/0087861502428"
                    }
                ]
            }
        ],
        "items": [
            {
                "itemId": "0087861502428",
                "inventory": {
                    "stockLevel": "HIGH"
                },
                "favorite": false,
                "fulfillment": {
                    "curbside": true,
                    "delivery": true,
                    "inStore": true,
                    "shipToHome": false
                },
                "size": "1 ct"
            }
        ],
        "itemInformation": {},
        "temperature": {
            "indicator": "Ambient",
            "heatSensitive": false
        }
    },
    {
        "productId": "0001781777062",
        "upc": "0001781777062",
        "productPageURI": "/p/bose-quietcomfort-35-wireless-headphones-ii-silver/0001781777062?cid=dis.api.tpi_products-api_20240521_b:all_c:np_t:lookupproduct-243261",
        "aisleLocations": [],
        "brand": "Bose",
        "categories": [
            "Electronics"
        ],
        "description": "Bose QuietComfort 35 Wireless Headphones II - Silver",
        "images": [
            {
                "perspective": "front",
                "featured": true,
                "sizes": [
                    {
                        "size": "xlarge",
                        "url": "https://www.kroger.com/product/images/xlarge/front/0001781777062"
                    },
                    {
                        "size": "large",
                        "url": "https://www.kroger.com/product/images/large/front/0001781777062"
                    },
                    {
                        "size": "medium",
                        "url": "https://www.kroger.com/product/images/medium/front/0001781777062"
                    },
                    {
                        "size": "small",
                        "url": "https://www.kroger.com/product/images/small/front/0001781777062"
                    },
                    {
                        "size": "thumbnail",
                        "url": "https://www.kroger.com/product/images/thumbnail/front/0001781777062"
                    }
                ]
            }
        ],
        "items": [
            {
                "itemId": "0001781777062",
                "favorite": false,
                "fulfillment": {
                    "curbside": false,
                    "delivery": false,
                    "inStore": false,
                    "shipToHome": false
                },
                "size": "1"
            }
        ],
        "itemInformation": {},
        "temperature": {
            "indicator": "Ambient",
            "heatSensitive": false
        }
    },
    {
        "productId": "0087861507090",
        "upc": "0087861507090",
        "productPageURI": "/p/skullcandy-jib-in-ear-headphones-lime-gray/0087861507090?cid=dis.api.tpi_products-api_20240521_b:all_c:np_t:lookupproduct-243261",
        "aisleLocations": [],
        "brand": "Skullcandy",
        "categories": [
            "Electronics"
        ],
        "countryOrigin": "UNITED STATES",
        "description": "Skullcandy Jib In-ear Headphones - Lime/Gray",
        "images": [
            {
                "perspective": "front",
                "featured": true,
                "sizes": [
                    {
                        "size": "xlarge",
                        "url": "https://www.kroger.com/product/images/xlarge/front/0087861507090"
                    },
                    {
                        "size": "large",
                        "url": "https://www.kroger.com/product/images/large/front/0087861507090"
                    },
                    {
                        "size": "medium",
                        "url": "https://www.kroger.com/product/images/medium/front/0087861507090"
                    },
                    {
                        "size": "small",
                        "url": "https://www.kroger.com/product/images/small/front/0087861507090"
                    },
                    {
                        "size": "thumbnail",
                        "url": "https://www.kroger.com/product/images/thumbnail/front/0087861507090"
                    }
                ]
            }
        ],
        "items": [
            {
                "itemId": "0087861507090",
                "favorite": false,
                "fulfillment": {
                    "curbside": true,
                    "delivery": true,
                    "inStore": true,
                    "shipToHome": false
                },
                "size": "1 ct"
            }
        ],
        "itemInformation": {},
        "temperature": {
            "indicator": "Ambient",
            "heatSensitive": false
        }
    },
    {
        "productId": "0002521542000",
        "upc": "0002521542000",
        "productPageURI": "/p/maxell-b-13-bass-earbuds-with-microphone-black-52-cord-199621/0002521542000?cid=dis.api.tpi_products-api_20240521_b:all_c:np_t:lookupproduct-243261",
        "aisleLocations": [],
        "categories": [
            "Electronics",
            "Electronics"
        ],
        "description": "Maxell B-13 Bass Earbuds with Microphone Black 52  Cord 199621",
        "images": [
            {
                "perspective": "front",
                "featured": true,
                "sizes": [
                    {
                        "size": "xlarge",
                        "url": "https://www.kroger.com/product/images/xlarge/front/0002521542000"
                    },
                    {
                        "size": "large",
                        "url": "https://www.kroger.com/product/images/large/front/0002521542000"
                    },
                    {
                        "size": "medium",
                        "url": "https://www.kroger.com/product/images/medium/front/0002521542000"
                    },
                    {
                        "size": "small",
                        "url": "https://www.kroger.com/product/images/small/front/0002521542000"
                    },
                    {
                        "size": "thumbnail",
                        "url": "https://www.kroger.com/product/images/thumbnail/front/0002521542000"
                    }
                ]
            },
            {
                "perspective": "back",
                "sizes": [
                    {
                        "size": "xlarge",
                        "url": "https://www.kroger.com/product/images/xlarge/back/0002521542000"
                    },
                    {
                        "size": "large",
                        "url": "https://www.kroger.com/product/images/large/back/0002521542000"
                    },
                    {
                        "size": "medium",
                        "url": "https://www.kroger.com/product/images/medium/back/0002521542000"
                    },
                    {
                        "size": "small",
                        "url": "https://www.kroger.com/product/images/small/back/0002521542000"
                    },
                    {
                        "size": "thumbnail",
                        "url": "https://www.kroger.com/product/images/thumbnail/back/0002521542000"
                    }
                ]
            }
        ],
        "items": [
            {
                "itemId": "0002521542000",
                "favorite": false,
                "fulfillment": {
                    "curbside": false,
                    "delivery": false,
                    "inStore": false,
                    "shipToHome": false
                },
                "size": "1"
            }
        ],
        "itemInformation": {},
        "temperature": {
            "indicator": "Ambient",
            "heatSensitive": false
        }
    }
]