[
    {
        "productId": "0019129614353",
        "upc": "0019129614353",
        "productPageURI": "/p/northlight-25-pink-and-yellow-garland-with-easter-eggs-unlit/0019129614353?cid=dis.api.tpi_products-api_20240521_b:all_c:np_t:lookupproduct-243261",
        "aisleLocations": [],
        "categories": [
            "Garden & Patio"
        ],
        "description": "Northlight 25' Pink and Yellow Garland with Easter Eggs - Unlit",
        "images": [
            {
                "perspective": "front",
                "featured": true,
                "sizes": [
                    {
                        "size": "xlarge",
                        "url": "https://www.kroger.com/product/images/xlarge/front/0019129614353"
                    },
                    {
                        "size": "large",
                        "url": "https://www.kroger.com/product/images/large/front/0019129614353"
                    },
                    {
                        "size": "medium",
                        "url": "https://www.kroger.com/product/images/medium/front/0019129614353"
                    },
                    {
                        "size": "small",
                        "url": "https://www.kroger.com/product/images/small/front/0019129614353"
                    },
                    {
                        "size": "thumbnail",
                        "url": "https://www.kroger.com/product/images/thumbnail/front/0019129614353"
                    }
                ]
            }
        ],
        "items": [
            {
                "itemId": "0019129614353",
                "favorite": false,
                "fulfillment": {
                    "curbside": false,
                    "delivery": false,
                    "inStore": false,
                    "shipToHome": false
                },
                "size": "1"
            }
        ],
        "itemInformation": {},
        "temperature": {
            "indicator": "Ambient",
            "heatSensitive": false
        }
    },
    {
        "productId": "0072908372406",
        "upc": "0072908372406",
        "productPageURI": "/p/national-tree-rae-c31356a21-1-13-x-72-in-happy-easter-decorative-table-runner-rug-multicolo/0072908372406?cid=dis.api.tpi_products-api_20240521_b:all_c:np_t:lookupproduct-243261",
        "aisleLocations": [],
        "categories": [
            "Garden & Patio"
        ],
        "description": "National Tree RAE-C31356A21-1 13 x 72 in. Happy Easter Decorative Table Runner Rug, Multicolo",
        "images": [
            {
                "perspective": "front",
                "featured": true,
                "sizes": [
                    {
                        "size": "xlarge",
                        "url": "https://www.kroger.com/product/images/xlarge/front/0072908372406"
                    },
                    {
                        "size": "large",
                        "url": "https://www.kroger.com/product/images/large/front/0072908372406"
                    },
                    {
                        "size": "medium",
                        "url": "https://www.kroger.com/product/images/medium/front/0072908372406"
                    },
                    {
                        "size": "small",
                        "url": "https://www.kroger.com/product/images/small/front/0072908372406"
                    },
                    {
                        "size": "thumbnail",
                        "url": "https://www.kroger.com/product/images/thumbnail/front/0072908372406"
                    }
                ]
            }
        ],
        "items": [
            {
                "itemId": "0072908372406",
                "favorite": false,
                "fulfillment": {
                    "curbside": false,
                    "delivery": false,
                    "inStore": false,
                    "shipToHome": false
                },
                "size": "1"
            }
        ],
        "itemInformation": {},
        "temperature": {
            "indicator": "Ambient",
            "heatSensitive": false
        }
    },
    {
        "productId": "0072908372910",
        "upc": "0072908372910",
        "productPageURI": "/p/12-easter-board-with-3-rabbits/0072908372910?cid=dis.api.tpi_products-api_20240521_b:all_c:np_t:lookupproduct-243261",
        "aisleLocations": [],
        "categories": [
            "Garden & Patio"
        ],
        "description": "12 Easter Board with 3 Rabbits",
        "images": [
            {
                "perspective": "front",
                "featured": true,
                "sizes": [
                    {
                        "size": "xlarge",
                        "url": "https://www.kroger.com/product/images/xlarge/front/0072908372910"
                    },
                    {
                        "size": "large",
                        "url": "https://www.kroger.com/product/images/large/front/0072908372910"
                    },
                    {
                        "size": "medium",
                        "url": "https://www.kroger.com/product/images/medium/front/0072908372910"
                    },
                    {
                        "size": "small",
                        "url": "https://www.kroger.com/product/images/small/front/0072908372910"
                    },
                    {
                        "size": "thumbnail",
                        "url": "https://www.kroger.com/product/images/thumbnail/front/0072908372910"
                    }
                ]
            }
        ],
        "items": [
            {
                "itemId": "0072908372910",
                "favorite": false,
                "fulfillment": {
                    "curbside": false,
                    "delivery": false,
                    "inStore": false,
                    "shipToHome": false
                },
                "size": "1"
            }
        ],
        "itemInformation": {},
        "temperature": {
            "indicator": "Ambient",
            "heatSensitive": false
        }
    },
    {
        "productId": "0000931282818",
        "upc": "0000931282818",
        "productPageURI": "/p/northlight-6-yellow-and-orange-inflatable-lighted-chick-with-carrot-easter-outdoor-decor/0000931282818?cid=dis.api.tpi_products-api_20240521_b:all_c:np_t:lookupproduct-243261",
        "aisleLocations": [],
        "categories": [
            "Garden & Patio"
        ],
        "description": "Northlight 6' Yellow and Orange Inflatable Lighted Chick with Carrot Easter Outdoor Decor",
        "images": [
            {
                "perspective": "front",
                "featured": true,
                "sizes": [
                    {
                        "size": "xlarge",
                        "url": "https://www.kroger.com/product/images/xlarge/front/0000931282818"
                    },
                    {
                        "size": "large",
                        "url": "https://www.kroger.com/product/images/large/front/0000931282818"
                    },
                    {
                        "size": "medium",
                        "url": "https://www.kroger.com/product/images/medium/front/0000931282818"
                    },
                    {
                        "size": "small",
                        "url": "https://www.kroger.com/product/images/small/front/0000931282818"
                    },
                    {
                        "size": "thumbnail",
                        "url": "https://www.kroger.com/product/images/thumbnail/front/0000931282818"
                    }
                ]
            }
        ],
        "items": [
            {
                "itemId": "0000931282818",
                "favorite": false,
                "fulfillment": {
                    "curbside": false,
                    "delivery": false,
                    "inStore": false,
                    "shipToHome": false
                },
                "size": "1"
            }
        ],
        "itemInformation": {},
        "temperature": {
            "indicator": "Ambient",
            "heatSensitive": false
        }
    },
    {
        "productId": "0009342237215",
        "upc": "0009342237215",
        "productPageURI": "/p/northlight-set-of-6-blue-and-pink-transparent-glitter-easter-eggs-ornaments-2-25/0009342237215?cid=dis.api.tpi_products-api_20240521_b:all_c:np_t:lookupproduct-243261",
        "aisleLocations": [],
        "categories": [
            "Garden & Patio"
        ],
        "description": "Northlight Set of 6 Blue and Pink Transparent Glitter Easter Eggs Ornaments 2.25",
        "images": [
            {
                "perspective": "front",
                "featured": true,
                "sizes": [
                    {
                        "size": "xlarge",
                        "url": "https://www.kroger.com/product/images/xlarge/front/0009342237215"
                    },
                    {
                        "size": "large",
                        "url": "https://www.kroger.com/product/images/large/front/0009342237215"
                    },
                    {
                        "size": "medium",
                        "url": "https://www.kroger.com/product/images/medium/front/0009342237215"
                    },
                    {
                        "size": "small",
                        "url": "https://www.kroger.com/product/images/small/front/0009342237215"
                    },
                    {
                        "size": "thumbnail",
                        "url": "https://www.kroger.com/product/images/thumbnail/front/0009342237215"
                    }
                ]
            }
        ],
        "items": [
            {
                "itemId": "0009342237215",
                "favorite": false,
                "fulfillment": {
                    "curbside": false,
                    "delivery": false,
                    "inStore": false,
                    "shipToHome": false
                },
                "size": "1"
            }
        ],
        "itemInformation": {},
        "temperature": {
            "indicator": "Ambient",
            "heatSensitive": false
        }
    },
    {
        "productId": "0019129691519",
        "upc": "0019129691519",
        "productPageURI": "/p/northlight-pink-with-easter-bunny-design-wired-spring-craft-ribbon-2-5-x-10-yards/0019129691519?cid=dis.api.tpi_products-api_20240521_b:all_c:np_t:lookupproduct-243261",
        "aisleLocations": [],
        "categories": [
            "Garden & Patio"
        ],
        "description": "Northlight Pink with Easter Bunny Design Wired Spring Craft Ribbon 2.5 x 10 Yards",
        "images": [
            {
                "perspective": "front",
                "featured": true,
                "sizes": [
                    {
                        "size": "xlarge",
                        "url": "https://www.kroger.com/product/images/xlarge/front/0019129691519"
                    },
                    {
                        "size": "large",
                        "url": "https://www.kroger.com/product/images/large/front/0019129691519"
                    },
                    {
                        "size": "medium",
                        "url": "https://www.kroger.com/product/images/medium/front/0019129691519"
                    },
                    {
                        "size": "small",
                        "url": "https://www.kroger.com/product/images/small/front/0019129691519"
                    },
                    {
                        "size": "thumbnail",
                        "url": "https://www.kroger.com/product/images/thumbnail/front/0019129691519"
                    }
                ]
            }
        ],
        "items": [
            {
                "itemId": "0019129691519",
                "favorite": false,
                "fulfillment": {
                    "curbside": false,
                    "delivery": false,
                    "inStore": false,
                    "shipToHome": false
                },
                "size": "1"
            }
        ],
        "itemInformation": {},
        "temperature": {
            "indicator": "Ambient",
            "heatSensitive": false
        }
    },
    {
        "productId": "0072908347036",
        "upc": "0072908347036",
        "productPageURI": "/p/23-easter-basket-with-flowers/0072908347036?cid=dis.api.tpi_products-api_20240521_b:all_c:np_t:lookupproduct-243261",
        "aisleLocations": [],
        "categories": [
            "Garden & Patio"
        ],
        "description": "23 Easter Basket with Flowers",
        "images": [
            {
                "perspective": "front",
                "featured": true,
                "sizes": [
                    {
                        "size": "xlarge",
                        "url": "https://www.kroger.com/product/images/xlarge/front/0072908347036"
                    },
                    {
                        "size": "large",
                        "url": "https://www.kroger.com/product/images/large/front/0072908347036"
                    },
                    {
                        "size": "medium",
                        "url": "https://www.kroger.com/product/images/medium/front/0072908347036"
                    },
                    {
                        "size": "small",
                        "url": "https://www.kroger.com/product/images/small/front/0072908347036"
                    },
                    {
                        "size": "thumbnail",
                        "url": "https://www.kroger.com/product/images/thumbnail/front/0072908347036"
                    }
                ]
            }
        ],
        "items": [
            {
                "itemId": "0072908347036",
                "favorite": false,
                "fulfillment": {
                    "curbside": false,
                    "delivery": false,
                    "inStore": false,
                    "shipToHome": false
                },
                "size": "1"
            }
        ],
        "itemInformation": {},
        "temperature": {
            "indicator": "Ambient",
            "heatSensitive": false
        }
    },
    {
        "productId": "0072908347421",
        "upc": "0072908347421",
        "productPageURI": "/p/garden-accents-24-easter-wreath-with-candy-eggs-multi-color/0072908347421?cid=dis.api.tpi_products-api_20240521_b:all_c:np_t:lookupproduct-243261",
        "aisleLocations": [],
        "categories": [
            "Garden & Patio"
        ],
        "description": "Garden Accents 24 Easter Wreath with Candy Eggs -Multi Color",
        "images": [
            {
                "perspective": "front",
                "featured": true,
                "sizes": [
                    {
                        "size": "xlarge",
                        "url": "https://www.kroger.com/product/images/xlarge/front/0072908347421"
                    },
                    {
                        "size": "large",
                        "url": "https://www.kroger.com/product/images/large/front/0072908347421"
                    },
                    {
                        "size": "medium",
                        "url": "https://www.kroger.com/product/images/medium/front/0072908347421"
                    },
                    {
                        "size": "small",
                        "url": "https://www.kroger.com/product/images/small/front/0072908347421"
                    },
                    {
                        "size": "thumbnail",
                        "url": "https://www.kroger.com/product/images/thumbnail/front/0072908347421"
                    }
                ]
            }
        ],
        "items": [
            {
                "itemId": "0072908347421",
                "favorite": false,
                "fulfillment": {
                    "curbside": false,
                    "delivery": false,
                    "inStore": false,
                    "shipToHome": false
                },
                "size": "1"
            }
        ],
        "itemInformation": {},
        "temperature": {
            "indicator": "Ambient",
            "heatSensitive": false
        }
    },
    {
        "productId": "0072908317709",
        "upc": "0072908317709",
        "productPageURI": "/p/easter-three-bowl-candy-dish/0072908317709?cid=dis.api.tpi_products-api_20240521_b:all_c:np_t:lookupproduct-243261",
        "aisleLocations": [],
        "categories": [
            "Garden & Patio"
        ],
        "description": "Easter Three-Bowl Candy Dish",
        "images": [
            {
                "perspective": "front",
                "featured": true,
                "sizes": [
                    {
                        "size": "xlarge",
                        "url": "https://www.kroger.com/product/images/xlarge/front/0072908317709"
                    },
                    {
                        "size": "large",
                        "url": "https://www.kroger.com/product/images/large/front/0072908317709"
                    },
                    {
                        "size": "medium",
                        "url": "https://www.kroger.com/product/images/medium/front/0072908317709"
                    },
                    {
                        "size": "small",
                        "url": "https://www.kroger.com/product/images/small/front/0072908317709"
                    },
                    {
                        "size": "thumbnail",
                        "url": "https://www.kroger.com/product/images/thumbnail/front/0072908317709"
                    }
                ]
            }
        ],
        "items": [
            {
                "itemId": "0072908317709",
                "favorite": false,
                "fulfillment": {
                    "curbside": false,
                    "delivery": false,
                    "inStore": false,
                    "shipToHome": false
                },
                "size": "1"
            }
        ],
        "itemInformation": {},
        "temperature": {
            "indicator": "Ambient",
            "heatSensitive": false
        }
    },
    {
        "productId": "0019129614790",
        "upc": "0019129614790",
        "productPageURI": "/p/northlight-17-green-and-white-floral-easter-bunny-rabbit-spring-figure/0019129614790?cid=dis.api.tpi_products-api_20240521_b:all_c:np_t:lookupproduct-243261",
        "aisleLocations": [],
        "categories": [
            "Garden & Patio"
        ],
        "description": "Northlight 17 Green and White Floral Easter Bunny Rabbit Spring Figure",
        "images": [
            {
                "perspective": "front",
                "featured": true,
                "sizes": [
                    {
                        "size": "xlarge",
                        "url": "https://www.kroger.com/product/images/xlarge/front/0019129614790"
                    },
                    {
                        "size": "large",
                        "url": "https://www.kroger.com/product/images/large/front/0019129614790"
                    },
                    {
                        "size": "medium",
                        "url": "https://www.kroger.com/product/images/medium/front/0019129614790"
                    },
                    {
                        "size": "small",
                        "url": "https://www.kroger.com/product/images/small/front/0019129614790"
                    },
                    {
                        "size": "thumbnail",
                        "url": "https://www.kroger.com/product/images/thumbnail/front/0019129614790"
                    }
                ]
            }
        ],
        "items": [
            {
                "itemId": "0019129614790",
                "favorite": false,
                "fulfillment": {
                    "curbside": false,
                    "delivery": false,
                    "inStore": false,
                    "shipToHome": false
                },
                "size": "1"
            }
        ],
        "itemInformation": {},
        "temperature": {
            "indicator": "Ambient",
            "heatSensitive": false
        }
    },
    {
        "productId": "0019129614560",
        "upc": "0019129614560",
        "productPageURI": "/p/northlight-15-white-and-pink-bobble-action-faux-fur-sheep-with-bandanna-easter-spring/0019129614560?cid=dis.api.tpi_products-api_20240521_b:all_c:np_t:lookupproduct-243261",
        "aisleLocations": [],
        "categories": [
            "Garden & Patio"
        ],
        "description": "Northlight 15 White and Pink Bobble Action Faux Fur Sheep with Bandanna Easter Spring",
        "images": [
            {
                "perspective": "front",
                "featured": true,
                "sizes": [
                    {
                        "size": "xlarge",
                        "url": "https://www.kroger.com/product/images/xlarge/front/0019129614560"
                    },
                    {
                        "size": "large",
                        "url": "https://www.kroger.com/product/images/large/front/0019129614560"
                    },
                    {
                        "size": "medium",
                        "url": "https://www.kroger.com/product/images/medium/front/0019129614560"
                    },
                    {
                        "size": "small",
                        "url": "https://www.kroger.com/product/images/small/front/0019129614560"
                    },
                    {
                        "size": "thumbnail",
                        "url": "https://www.kroger.com/product/images/thumbnail/front/0019129614560"
                    }
                ]
            }
        ],
        "items": [
            {
                "itemId": "0019129614560",
                "favorite": false,
                "fulfillment": {
                    "curbside": false,
                    "delivery": false,
                    "inStore": false,
                    "shipToHome": false
                },
                "size": "1"
            }
        ],
        "itemInformation": {},
        "temperature": {
            "indicator": "Ambient",
            "heatSensitive": false
        }
    },
    {
        "productId": "0088876112438",
        "upc": "0088876112438",
        "productPageURI": "/p/avon-18-pastel-colored-spring-easter-egg-table-top-tree/0088876112438?cid=dis.api.tpi_products-api_20240521_b:all_c:np_t:lookupproduct-243261",
        "aisleLocations": [],
        "categories": [
            "Garden & Patio"
        ],
        "description": "Avon 18 Pastel Colored Spring Easter Egg Table Top Tree",
        "images": [
            {
                "perspective": "front",
                "featured": true,
                "sizes": [
                    {
                        "size": "xlarge",
                        "url": "https://www.kroger.com/product/images/xlarge/front/0088876112438"
                    },
                    {
                        "size": "large",
                        "url": "https://www.kroger.com/product/images/large/front/0088876112438"
                    },
                    {
                        "size": "medium",
                        "url": "https://www.kroger.com/product/images/medium/front/0088876112438"
                    },
                    {
                        "size": "small",
                        "url": "https://www.kroger.com/product/images/small/front/0088876112438"
                    },
                    {
                        "size": "thumbnail",
                        "url": "https://www.kroger.com/product/images/thumbnail/front/0088876112438"
                    }
                ]
            }
        ],
        "items": [
            {
                "itemId": "0088876112438",
                "favorite": false,
                "fulfillment": {
                    "curbside": false,
                    "delivery": false,
                    "inStore": false,
                    "shipToHome": false
                },
                "size": "1"
            }
        ],
        "itemInformation": {},
        "temperature": {
            "indicator": "Ambient",
            "heatSensitive": false
        }
    },
    {
        "productId": "1694132712843",
        "upc": "1694132712843",
        "productPageURI": "/p/glitzhome-30-h-easter-wooden-bunny-family-standing-decor/1694132712843?cid=dis.api.tpi_products-api_20240521_b:all_c:np_t:lookupproduct-243261",
        "aisleLocations": [],
        "brand": "Glitzhome",
        "categories": [
            "Easter"
        ],
        "description": "Glitzhome 30 H Easter Wooden Bunny Family Standing Decor",
        "images": [
            {
                "perspective": "back",
                "sizes": [
                    {
                        "size": "xlarge",
                        "url": "https://www.kroger.com/product/images/xlarge/back/1694132712843"
                    },
                    {
                        "size": "large",
                        "url": "https://www.kroger.com/product/images/large/back/1694132712843"
                    },
                    {
                        "size": "medium",
                        "url": "https://www.kroger.com/product/images/medium/back/1694132712843"
                    },
                    {
                        "size": "small",
                        "url": "https://www.kroger.com/product/images/small/back/1694132712843"
                    },
                    {
                        "size": "thumbnail",
                        "url": "https://www.kroger.com/product/images/thumbnail/back/1694132712843"
                    }
                ]
            },
            {
                "perspective": "right",
                "sizes": [
                    {
                        "size": "xlarge",
                        "url": "https://www.kroger.com/product/images/xlarge/right/1694132712843"
                    },
                    {
                        "size": "large",
                        "url": "https://www.kroger.com/product/images/large/right/1694132712843"
                    },
                    {
                        "size": "medium",
                        "url": "https://www.kroger.com/product/images/medium/right/1694132712843"
                    },
                    {
                        "size": "small",
                        "url": "https://www.kroger.com/product/images/small/right/1694132712843"
                    },
                    {
                        "size": "thumbnail",
                        "url": "https://www.kroger.com/product/images/thumbnail/right/1694132712843"
                    }
                ]
            },
            {
                "perspective": "front",
                "featured": true,
                "sizes": [
                    {
                        "size": "xlarge",
                        "url": "https://www.kroger.com/product/images/xlarge/front/1694132712843"
                    },
                    {
                        "size": "large",
                        "url": "https://www.kroger.com/product/images/large/front/1694132712843"
                    },
                    {
                        "size": "medium",
                        "url": "https://www.kroger.com/product/images/medium/front/1694132712843"
                    },
                    {
                        "size": "small",
                        "url": "https://www.kroger.com/product/images/small/front/1694132712843"
                    },
                    {
                        "size": "thumbnail",
                        "url": "https://www.kroger.com/product/images/thumbnail/front/1694132712843"
                    }
                ]
            },
            {
                "perspective": "bottom",
                "sizes": [
                    {
                        "size": "xlarge",
                        "url": "https://www.kroger.com/product/images/xlarge/bottom/1694132712843"
                    },
                    {
                        "size": "large",
                        "url": "https://www.kroger.com/product/images/large/bottom/1694132712843"
                    },
                    {
                        "size": "medium",
                        "url": "https://www.kroger.com/product/images/medium/bottom/1694132712843"
                    },
                    {
                        "size": "small",
                        "url": "https://www.kroger.com/product/images/small/bottom/1694132712843"
                    },
                    {
                        "size": "thumbnail",
                        "url": "https://www.kroger.com/product/images/thumbnail/bottom/1694132712843"
                    }
                ]
            },
            {
                "perspective": "left",
                "sizes": [
                    {
                        "size": "xlarge",
                        "url": "https://www.kroger.com/product/images/xlarge/left/1694132712843"
                    },
                    {
                        "size": "large",
                        "url": "https://www.kroger.com/product/images/large/left/1694132712843"
                    },
                    {
                        "size": "medium",
                        "url": "https://www.kroger.com/product/images/medium/left/1694132712843"
                    },
                    {
                        "size": "small",
                        "url": "https://www.kroger.com/product/images/small/left/1694132712843"
                    },
                    {
                        "size": "thumbnail",
                        "url": "https://www.kroger.com/product/images/thumbnail/left/1694132712843"
                    }
                ]
            },
            {
                "perspective": "top",
                "sizes": [
                    {
                        "size": "xlarge",
                        "url": "https://www.kroger.com/product/images/xlarge/top/1694132712843"
                    },
                    {
                        "size": "large",
                        "url": "https://www.kroger.com/product/images/large/top/1694132712843"
                    },
                    {
                        "size": "medium",
                        "url": "https://www.kroger.com/product/images/medium/top/1694132712843"
                    },
                    {
                        "size": "small",
                        "url": "https://www.kroger.com/product/images/small/top/1694132712843"
                    },
                    {
                        "size": "thumbnail",
                        "url": "https://www.kroger.com/product/images/thumbnail/top/1694132712843"
                    }
                ]
            }
        ],
        "items": [
            {
                "itemId": "1694132712843",
                "favorite": false,
                "fulfillment": {
                    "curbside": false,
                    "delivery": false,
                    "inStore": false,
                    "shipToHome": false
                },
                "size": "13 x 30 inch"
            }
        ],
        "itemInformation": {},
        "temperature": {
            "indicator": "Ambient",
            "heatSensitive": false
        }
    },
    {
        "productId": "0019558356096",
        "upc": "0019558356096",
        "productPageURI": "/p/northlight-easter-bunny-couple-floral-springtime-welcome-wreath-pink-and-green-19-inch/0019558356096?cid=dis.api.tpi_products-api_20240521_b:all_c:np_t:lookupproduct-243261",
        "aisleLocations": [],
        "categories": [
            "Home Decor",
            "Home Decor"
        ],
        "description": "Northlight Easter Bunny Couple Floral Springtime Welcome Wreath, Pink and Green 19-Inch",
        "images": [
            {
                "perspective": "front",
                "featured": true,
                "sizes": [
                    {
                        "size": "xlarge",
                        "url": "https://www.kroger.com/product/images/xlarge/front/0019558356096"
                    },
                    {
                        "size": "large",
                        "url": "https://www.kroger.com/product/images/large/front/0019558356096"
                    },
                    {
                        "size": "medium",
                        "url": "https://www.kroger.com/product/images/medium/front/0019558356096"
                    },
                    {
                        "size": "small",
                        "url": "https://www.kroger.com/product/images/small/front/0019558356096"
                    },
                    {
                        "size": "thumbnail",
                        "url": "https://www.kroger.com/product/images/thumbnail/front/0019558356096"
                    }
                ]
            }
        ],
        "items": [
            {
                "itemId": "0019558356096",
                "favorite": false,
                "fulfillment": {
                    "curbside": false,
                    "delivery": false,
                    "inStore": false,
                    "shipToHome": false
                },
                "size": "1"
            }
        ],
        "itemInformation": {},
        "temperature": {
            "indicator": "Ambient",
            "heatSensitive": false
        }
    }
]