[
    {
        "productId": "0007575535110",
        "upc": "0007575535110",
        "productPageURI": "/p/top-flight-college-rule-memo-book-100-sheets-assorted/0007575535110?cid=dis.api.tpi_products-api_20240521_b:all_c:np_t:lookupproduct-243261",
        "aisleLocations": [
            {
                "bayNumber": "18",
                "description": "AISLE 12",
                "number": "12",
                "numberOfFacings": "1",
                "side": "L",
                "shelfNumber": "4",
                "shelfPositionInBay": "5"
            }
        ],
        "brand": "Top Flight",
        "categories": [
            "Office, School, & Crafts"
        ],
        "description": "Top Flight College Rule Memo Book - 100 Sheets - Assorted",
        "images": [
            {
                "perspective": "top",
                "sizes": [
                    {
                        "size": "xlarge",
                        "url": "https://www.kroger.com/product/images/xlarge/top/0007575535110"
                    },
                    {
                        "size": "large",
                        "url": "https://www.kroger.com/product/images/large/top/0007575535110"
                    },
                    {
                        "size": "medium",
                        "url": "https://www.kroger.com/product/images/medium/top/0007575535110"
                    },
                    {
                        "size": "small",
                        "url": "https://www.kroger.com/product/images/small/top/0007575535110"
                    },
                    {
                        "size": "thumbnail",
                        "url": "https://www.kroger.com/product/images/thumbnail/top/0007575535110"
                    }
                ]
            },
            {
                "perspective": "front",
                "featured": true,
                "sizes": [
                    {
                        "size": "xlarge",
                        "url": "https://www.kroger.com/product/images/xlarge/front/0007575535110"
                    },
                    {
                        "size": "large",
                        "url": "https://www.kroger.com/product/images/large/front/0007575535110"
                    },
                    {
                        "size": "medium",
                        "url": "https://www.kroger.com/product/images/medium/front/0007575535110"
                    },
                    {
                        "size": "small",
                        "url": "https://www.kroger.com/product/images/small/front/0007575535110"
                    },
                    {
                        "size": "thumbnail",
                        "url": "https://www.kroger.com/product/images/thumbnail/front/0007575535110"
                    }
                ]
            }
        ],
        "items": [
            {
                "itemId": "0007575535110",
                "favorite": false,
                "fulfillment": {
                    "curbside": true,
                    "delivery": true,
                    "inStore": true,
                    "shipToHome": false
                },
                "price": {
                    "regular": 2.29,
                    "promo": 0
                },
                "size": "3 x 5 in",
                "soldBy": "UNIT"
            }
        ],
        "itemInformation": {
            "depth": "0.5",
            "height": "5.31",
            "width": "3.06"
        },
        "temperature": {
            "indicator": "Ambient",
            "heatSensitive": false
        }
    },
    {
        "productId": "0007575562306",
        "upc": "0007575562306",
        "productPageURI": "/p/top-flight-my-ideas-drawing-pad/0007575562306?cid=dis.api.tpi_products-api_20240521_b:all_c:np_t:lookupproduct-243261",
        "aisleLocations": [
            {
                "description": "DRUG/GM",
                "number": "0"
            }
        ],
        "brand": "Top Flight",
        "categories": [
            "Office, School, & Crafts"
        ],
        "countryOrigin": "INDIA",
        "description": "Top Flight My Ideas! Drawing Pad",
        "images": [
            {
                "perspective": "front",
                "featured": true,
                "sizes": [
                    {
                        "size": "xlarge",
                        "url": "https://www.kroger.com/product/images/xlarge/front/0007575562306"
                    },
                    {
                        "size": "large",
                        "url": "https://www.kroger.com/product/images/large/front/0007575562306"
                    },
                    {
                        "size": "medium",
                        "url": "https://www.kroger.com/product/images/medium/front/0007575562306"
                    },
                    {
                        "size": "small",
                        "url": "https://www.kroger.com/product/images/small/front/0007575562306"
                    },
                    {
                        "size": "thumbnail",
                        "url": "https://www.kroger.com/product/images/thumbnail/front/0007575562306"
                    }
                ]
            }
        ],
        "items": [
            {
                "itemId": "0007575562306",
                "inventory": {
                    "stockLevel": "HIGH"
                },
                "favorite": false,
                "fulfillment": {
                    "curbside": false,
                    "delivery": false,
                    "inStore": false,
                    "shipToHome": false
                },
                "price": {
                    "regular": 3.49,
                    "promo": 2.79
                },
                "size": "9 x 12 in",
                "soldBy": "UNIT"
            }
        ],
        "itemInformation": {
            "depth": "0.25",
            "height": "12.0",
            "width": "9.0"
        },
        "temperature": {
            "indicator": "Ambient",
            "heatSensitive": false
        }
    },
    {
        "productId": "0007575541353",
        "upc": "0007575541353",
        "productPageURI": "/p/top-flight-marble-wide-ruled-composition-book-100-sheets-black-white/0007575541353?cid=dis.api.tpi_products-api_20240521_b:all_c:np_t:lookupproduct-243261",
        "aisleLocations": [
            {
                "bayNumber": "18",
                "description": "AISLE 12",
                "number": "12",
                "numberOfFacings": "1",
                "side": "L",
                "shelfNumber": "2",
                "shelfPositionInBay": "3"
            }
        ],
        "brand": "Top Flight",
        "categories": [
            "Office, School, & Crafts"
        ],
        "description": "Top Flight Marble Wide Ruled Composition Book - 100 Sheets - Black/White",
        "images": [
            {
                "perspective": "front",
                "featured": true,
                "sizes": [
                    {
                        "size": "xlarge",
                        "url": "https://www.kroger.com/product/images/xlarge/front/0007575541353"
                    },
                    {
                        "size": "large",
                        "url": "https://www.kroger.com/product/images/large/front/0007575541353"
                    },
                    {
                        "size": "medium",
                        "url": "https://www.kroger.com/product/images/medium/front/0007575541353"
                    },
                    {
                        "size": "small",
                        "url": "https://www.kroger.com/product/images/small/front/0007575541353"
                    },
                    {
                        "size": "thumbnail",
                        "url": "https://www.kroger.com/product/images/thumbnail/front/0007575541353"
                    }
                ]
            }
        ],
        "items": [
            {
                "itemId": "0007575541353",
                "favorite": false,
                "fulfillment": {
                    "curbside": true,
                    "delivery": true,
                    "inStore": true,
                    "shipToHome": false
                },
                "price": {
                    "regular": 1.99,
                    "promo": 1
                },
                "size": "9.75 x 7.5 in",
                "soldBy": "UNIT"
            }
        ],
        "itemInformation": {
            "depth": "0.36",
            "height": "9.63",
            "width": "7.25"
        },
        "temperature": {
            "indicator": "Ambient",
            "heatSensitive": false
        }
    },
    {
        "productId": "0007575541320",
        "upc": "0007575541320",
        "productPageURI": "/p/top-flight-quad-rule-composition-book-black-white/0007575541320?cid=dis.api.tpi_products-api_20240521_b:all_c:np_t:lookupproduct-243261",
        "aisleLocations": [],
        "brand": "Top Flight",
        "categories": [
            "Office, School, & Crafts"
        ],
        "description": "Top Flight Quad Rule Composition Book - Black/White",
        "images": [
            {
                "perspective": "front",
                "featured": true,
                "sizes": [
                    {
                        "size": "xlarge",
                        "url": "https://www.kroger.com/product/images/xlarge/front/0007575541320"
                    },
                    {
                        "size": "large",
                        "url": "https://www.kroger.com/product/images/large/front/0007575541320"
                    },
                    {
                        "size": "medium",
                        "url": "https://www.kroger.com/product/images/medium/front/0007575541320"
                    },
                    {
                        "size": "small",
                        "url": "https://www.kroger.com/product/images/small/front/0007575541320"
                    },
                    {
                        "size": "thumbnail",
                        "url": "https://www.kroger.com/product/images/thumbnail/front/0007575541320"
                    }
                ]
            }
        ],
        "items": [
            {
                "itemId": "0007575541320",
                "favorite": false,
                "fulfillment": {
                    "curbside": false,
                    "delivery": false,
                    "inStore": false,
                    "shipToHome": false
                },
                "price": {
                    "regular": 2.29,
                    "promo": 1
                },
                "size": "9.75 x 7.5 in",
                "soldBy": "UNIT"
            }
        ],
        "itemInformation": {},
        "temperature": {
            "indicator": "Ambient",
            "heatSensitive": false
        }
    },
    {
        "productId": "0007575543049",
        "upc": "0007575543049",
        "productPageURI": "/p/top-flight-titanium-pencil-pouch-assorted/0007575543049?cid=dis.api.tpi_products-api_20240521_b:all_c:np_t:lookupproduct-243261",
        "aisleLocations": [
            {
                "bayNumber": "17",
                "description": "AISLE 12",
                "number": "12",
                "numberOfFacings": "1",
                "side": "L",
                "shelfNumber": "5",
                "shelfPositionInBay": "5"
            }
        ],
        "brand": "Top Flight",
        "categories": [
            "Office, School, & Crafts"
        ],
        "description": "Top Flight Titanium Pencil Pouch - Assorted",
        "images": [
            {
                "perspective": "front",
                "featured": true,
                "sizes": [
                    {
                        "size": "xlarge",
                        "url": "https://www.kroger.com/product/images/xlarge/front/0007575543049"
                    },
                    {
                        "size": "large",
                        "url": "https://www.kroger.com/product/images/large/front/0007575543049"
                    },
                    {
                        "size": "medium",
                        "url": "https://www.kroger.com/product/images/medium/front/0007575543049"
                    },
                    {
                        "size": "small",
                        "url": "https://www.kroger.com/product/images/small/front/0007575543049"
                    },
                    {
                        "size": "thumbnail",
                        "url": "https://www.kroger.com/product/images/thumbnail/front/0007575543049"
                    }
                ]
            }
        ],
        "items": [
            {
                "itemId": "0007575543049",
                "favorite": false,
                "fulfillment": {
                    "curbside": true,
                    "delivery": true,
                    "inStore": true,
                    "shipToHome": false
                },
                "price": {
                    "regular": 6.99,
                    "promo": 4.99
                },
                "size": "1 ct",
                "soldBy": "UNIT"
            }
        ],
        "itemInformation": {
            "depth": "0.3",
            "height": "10.73",
            "width": "7.91"
        },
        "temperature": {
            "indicator": "Ambient",
            "heatSensitive": false
        }
    },
    {
        "productId": "0007575541350",
        "upc": "0007575541350",
        "productPageURI": "/p/top-flight-marble-composition-book-black-white/0007575541350?cid=dis.api.tpi_products-api_20240521_b:all_c:np_t:lookupproduct-243261",
        "aisleLocations": [],
        "brand": "Top Flight",
        "categories": [
            "Office, School, & Crafts"
        ],
        "description": "Top Flight Marble Composition Book - Black / White",
        "images": [
            {
                "perspective": "front",
                "featured": true,
                "sizes": [
                    {
                        "size": "xlarge",
                        "url": "https://www.kroger.com/product/images/xlarge/front/0007575541350"
                    },
                    {
                        "size": "large",
                        "url": "https://www.kroger.com/product/images/large/front/0007575541350"
                    },
                    {
                        "size": "medium",
                        "url": "https://www.kroger.com/product/images/medium/front/0007575541350"
                    },
                    {
                        "size": "small",
                        "url": "https://www.kroger.com/product/images/small/front/0007575541350"
                    },
                    {
                        "size": "thumbnail",
                        "url": "https://www.kroger.com/product/images/thumbnail/front/0007575541350"
                    }
                ]
            }
        ],
        "items": [
            {
                "itemId": "0007575541350",
                "favorite": false,
                "fulfillment": {
                    "curbside": false,
                    "delivery": false,
                    "inStore": false,
                    "shipToHome": false
                },
                "price": {
                    "regular": 1.99,
                    "promo": 1
                },
                "size": "9.75 x 7.5 in",
                "soldBy": "UNIT"
            }
        ],
        "itemInformation": {},
        "temperature": {
            "indicator": "Ambient",
            "heatSensitive": false
        }
    },
    {
        "productId": "0007575506351",
        "upc": "0007575506351",
        "productPageURI": "/p/top-flight-mini-composition-books/0007575506351?cid=dis.api.tpi_products-api_20240521_b:all_c:np_t:lookupproduct-243261",
        "aisleLocations": [],
        "brand": "Top Flight",
        "categories": [
            "Office, School, & Crafts"
        ],
        "countryOrigin": "VIETNAM",
        "description": "Top Flight Mini-Composition Books",
        "images": [
            {
                "perspective": "front",
                "featured": true,
                "sizes": [
                    {
                        "size": "xlarge",
                        "url": "https://www.kroger.com/product/images/xlarge/front/0007575506351"
                    },
                    {
                        "size": "large",
                        "url": "https://www.kroger.com/product/images/large/front/0007575506351"
                    },
                    {
                        "size": "medium",
                        "url": "https://www.kroger.com/product/images/medium/front/0007575506351"
                    },
                    {
                        "size": "small",
                        "url": "https://www.kroger.com/product/images/small/front/0007575506351"
                    },
                    {
                        "size": "thumbnail",
                        "url": "https://www.kroger.com/product/images/thumbnail/front/0007575506351"
                    }
                ]
            }
        ],
        "items": [
            {
                "itemId": "0007575506351",
                "favorite": false,
                "fulfillment": {
                    "curbside": true,
                    "delivery": true,
                    "inStore": true,
                    "shipToHome": false
                },
                "price": {
                    "regular": 3.99,
                    "promo": 0
                },
                "size": "3 pk",
                "soldBy": "UNIT"
            }
        ],
        "itemInformation": {},
        "temperature": {
            "indicator": "Ambient",
            "heatSensitive": false
        }
    },
    {
        "productId": "0007575536104",
        "upc": "0007575536104",
        "productPageURI": "/p/top-flight-memo-book/0007575536104?cid=dis.api.tpi_products-api_20240521_b:all_c:np_t:lookupproduct-243261",
        "aisleLocations": [
            {
                "bayNumber": "18",
                "description": "AISLE 12",
                "number": "12",
                "numberOfFacings": "1",
                "side": "L",
                "shelfNumber": "4",
                "shelfPositionInBay": "6"
            }
        ],
        "brand": "Top Flight",
        "categories": [
            "Office, School, & Crafts"
        ],
        "description": "Top Flight Memo Book",
        "images": [
            {
                "perspective": "left",
                "sizes": [
                    {
                        "size": "large",
                        "url": "https://www.kroger.com/product/images/large/left/0007575536104"
                    },
                    {
                        "size": "medium",
                        "url": "https://www.kroger.com/product/images/medium/left/0007575536104"
                    },
                    {
                        "size": "small",
                        "url": "https://www.kroger.com/product/images/small/left/0007575536104"
                    },
                    {
                        "size": "thumbnail",
                        "url": "https://www.kroger.com/product/images/thumbnail/left/0007575536104"
                    }
                ]
            },
            {
                "perspective": "top",
                "sizes": [
                    {
                        "size": "large",
                        "url": "https://www.kroger.com/product/images/large/top/0007575536104"
                    },
                    {
                        "size": "medium",
                        "url": "https://www.kroger.com/product/images/medium/top/0007575536104"
                    },
                    {
                        "size": "small",
                        "url": "https://www.kroger.com/product/images/small/top/0007575536104"
                    },
                    {
                        "size": "thumbnail",
                        "url": "https://www.kroger.com/product/images/thumbnail/top/0007575536104"
                    }
                ]
            },
            {
                "perspective": "front",
                "featured": true,
                "sizes": [
                    {
                        "size": "large",
                        "url": "https://www.kroger.com/product/images/large/front/0007575536104"
                    },
                    {
                        "size": "medium",
                        "url": "https://www.kroger.com/product/images/medium/front/0007575536104"
                    },
                    {
                        "size": "small",
                        "url": "https://www.kroger.com/product/images/small/front/0007575536104"
                    },
                    {
                        "size": "thumbnail",
                        "url": "https://www.kroger.com/product/images/thumbnail/front/0007575536104"
                    }
                ]
            }
        ],
        "items": [
            {
                "itemId": "0007575536104",
                "favorite": false,
                "fulfillment": {
                    "curbside": true,
                    "delivery": true,
                    "inStore": true,
                    "shipToHome": false
                },
                "price": {
                    "regular": 1.29,
                    "promo": 0
                },
                "size": "1 ct",
                "soldBy": "UNIT"
            }
        ],
        "itemInformation": {
            "depth": "0.22",
            "height": "6.0",
            "width": "4.25"
        },
        "temperature": {
            "indicator": "Ambient",
            "heatSensitive": false
        }
    }
]