[
    {
        "productId": "0003520450198",
        "upc": "0003520450198",
        "productPageURI": "/p/andy-s-cajun-fish-breading/0003520450198?cid=dis.api.tpi_products-api_20240521_b:all_c:np_t:lookupproduct-243261",
        "aisleLocations": [
            {
                "bayNumber": "999",
                "description": "VIRTUAL PLANOGRAM",
                "number": "998",
                "numberOfFacings": "1",
                "side": "R",
                "shelfNumber": "3",
                "shelfPositionInBay": "3"
            }
        ],
        "brand": "Andy's",
        "categories": [
            "Meat & Seafood"
        ],
        "description": "Andy's Cajun Fish Breading",
        "images": [
            {
                "perspective": "front",
                "featured": true,
                "sizes": [
                    {
                        "size": "large",
                        "url": "https://www.kroger.com/product/images/large/front/0003520450198"
                    },
                    {
                        "size": "medium",
                        "url": "https://www.kroger.com/product/images/medium/front/0003520450198"
                    },
                    {
                        "size": "small",
                        "url": "https://www.kroger.com/product/images/small/front/0003520450198"
                    },
                    {
                        "size": "thumbnail",
                        "url": "https://www.kroger.com/product/images/thumbnail/front/0003520450198"
                    }
                ]
            }
        ],
        "items": [
            {
                "itemId": "0003520450198",
                "inventory": {
                    "stockLevel": "TEMPORARILY_OUT_OF_STOCK"
                },
                "favorite": false,
                "fulfillment": {
                    "curbside": true,
                    "delivery": true,
                    "inStore": true,
                    "shipToHome": false
                },
                "price": {
                    "regular": 2.19,
                    "promo": 0
                },
                "size": "10 oz",
                "soldBy": "UNIT"
            }
        ],
        "itemInformation": {},
        "temperature": {
            "indicator": "Ambient",
            "heatSensitive": false
        }
    },
    {
        "productId": "0001111077999",
        "upc": "0001111077999",
        "productPageURI": "/p/kroger-farm-raised-boneless-skinless-frozen-catfish/0001111077999?cid=dis.api.tpi_products-api_20240521_b:all_c:np_t:lookupproduct-243261",
        "aisleLocations": [
            {
                "bayNumber": "3",
                "description": "SEAFOOD",
                "number": "102",
                "numberOfFacings": "1",
                "side": "R",
                "shelfNumber": "1",
                "shelfPositionInBay": "2"
            }
        ],
        "brand": "Kroger",
        "categories": [
            "Meat & Seafood"
        ],
        "description": "Kroger\u00ae Farm Raised Boneless & Skinless Frozen Catfish",
        "images": [
            {
                "perspective": "back",
                "sizes": [
                    {
                        "size": "large",
                        "url": "https://www.kroger.com/product/images/large/back/0001111077999"
                    },
                    {
                        "size": "medium",
                        "url": "https://www.kroger.com/product/images/medium/back/0001111077999"
                    },
                    {
                        "size": "small",
                        "url": "https://www.kroger.com/product/images/small/back/0001111077999"
                    },
                    {
                        "size": "thumbnail",
                        "url": "https://www.kroger.com/product/images/thumbnail/back/0001111077999"
                    }
                ]
            },
            {
                "perspective": "front",
                "featured": true,
                "sizes": [
                    {
                        "size": "large",
                        "url": "https://www.kroger.com/product/images/large/front/0001111077999"
                    },
                    {
                        "size": "medium",
                        "url": "https://www.kroger.com/product/images/medium/front/0001111077999"
                    },
                    {
                        "size": "small",
                        "url": "https://www.kroger.com/product/images/small/front/0001111077999"
                    },
                    {
                        "size": "thumbnail",
                        "url": "https://www.kroger.com/product/images/thumbnail/front/0001111077999"
                    }
                ]
            }
        ],
        "items": [
            {
                "itemId": "0001111077999",
                "inventory": {
                    "stockLevel": "HIGH"
                },
                "favorite": false,
                "fulfillment": {
                    "curbside": true,
                    "delivery": true,
                    "inStore": true,
                    "shipToHome": false
                },
                "price": {
                    "regular": 17.99,
                    "promo": 0
                },
                "size": "32 oz",
                "soldBy": "UNIT"
            }
        ],
        "itemInformation": {
            "depth": "3.5",
            "height": "9.5",
            "width": "7.5"
        },
        "temperature": {
            "indicator": "Frozen",
            "heatSensitive": false
        }
    },
    {
        "productId": "0003520440094",
        "upc": "0003520440094",
        "productPageURI": "/p/andy-s-yellow-fish-breading/0003520440094?cid=dis.api.tpi_products-api_20240521_b:all_c:np_t:lookupproduct-243261",
        "aisleLocations": [
            {
                "bayNumber": "999",
                "description": "VIRTUAL PLANOGRAM",
                "number": "998",
                "numberOfFacings": "1",
                "side": "R",
                "shelfNumber": "3",
                "shelfPositionInBay": "1"
            }
        ],
        "categories": [
            "Meat & Seafood"
        ],
        "countryOrigin": "UNITED STATES",
        "description": "Andy's Yellow Fish Breading",
        "images": [
            {
                "perspective": "front",
                "featured": true,
                "sizes": [
                    {
                        "size": "large",
                        "url": "https://www.kroger.com/product/images/large/front/0003520440094"
                    },
                    {
                        "size": "medium",
                        "url": "https://www.kroger.com/product/images/medium/front/0003520440094"
                    },
                    {
                        "size": "small",
                        "url": "https://www.kroger.com/product/images/small/front/0003520440094"
                    },
                    {
                        "size": "thumbnail",
                        "url": "https://www.kroger.com/product/images/thumbnail/front/0003520440094"
                    }
                ]
            }
        ],
        "items": [
            {
                "itemId": "0003520440094",
                "inventory": {
                    "stockLevel": "HIGH"
                },
                "favorite": false,
                "fulfillment": {
                    "curbside": true,
                    "delivery": true,
                    "inStore": true,
                    "shipToHome": false
                },
                "price": {
                    "regular": 2.19,
                    "promo": 0
                },
                "size": "10 oz",
                "soldBy": "UNIT"
            }
        ],
        "itemInformation": {
            "depth": "0.75",
            "height": "8.0",
            "width": "4.5"
        },
        "temperature": {
            "indicator": "Ambient",
            "heatSensitive": false
        }
    },
    {
        "productId": "0007142902484",
        "upc": "0007142902484",
        "productPageURI": "/p/zatarain-s-new-orleans-seasoned-fish-fry-breading-mix/0007142902484?cid=dis.api.tpi_products-api_20240521_b:all_c:np_t:lookupproduct-243261",
        "aisleLocations": [
            {
                "bayNumber": "999",
                "description": "VIRTUAL PLANOGRAM",
                "number": "998",
                "numberOfFacings": "1",
                "side": "R",
                "shelfNumber": "3",
                "shelfPositionInBay": "18"
            }
        ],
        "brand": "Zatarain's",
        "categories": [
            "Meat & Seafood"
        ],
        "description": "Zatarain's New Orleans Seasoned Fish Fry Breading Mix",
        "images": [
            {
                "perspective": "left",
                "sizes": [
                    {
                        "size": "xlarge",
                        "url": "https://www.kroger.com/product/images/xlarge/left/0007142902484"
                    },
                    {
                        "size": "large",
                        "url": "https://www.kroger.com/product/images/large/left/0007142902484"
                    },
                    {
                        "size": "medium",
                        "url": "https://www.kroger.com/product/images/medium/left/0007142902484"
                    },
                    {
                        "size": "small",
                        "url": "https://www.kroger.com/product/images/small/left/0007142902484"
                    },
                    {
                        "size": "thumbnail",
                        "url": "https://www.kroger.com/product/images/thumbnail/left/0007142902484"
                    }
                ]
            },
            {
                "perspective": "right",
                "sizes": [
                    {
                        "size": "xlarge",
                        "url": "https://www.kroger.com/product/images/xlarge/right/0007142902484"
                    },
                    {
                        "size": "large",
                        "url": "https://www.kroger.com/product/images/large/right/0007142902484"
                    },
                    {
                        "size": "medium",
                        "url": "https://www.kroger.com/product/images/medium/right/0007142902484"
                    },
                    {
                        "size": "small",
                        "url": "https://www.kroger.com/product/images/small/right/0007142902484"
                    },
                    {
                        "size": "thumbnail",
                        "url": "https://www.kroger.com/product/images/thumbnail/right/0007142902484"
                    }
                ]
            },
            {
                "perspective": "front",
                "featured": true,
                "sizes": [
                    {
                        "size": "xlarge",
                        "url": "https://www.kroger.com/product/images/xlarge/front/0007142902484"
                    },
                    {
                        "size": "large",
                        "url": "https://www.kroger.com/product/images/large/front/0007142902484"
                    },
                    {
                        "size": "medium",
                        "url": "https://www.kroger.com/product/images/medium/front/0007142902484"
                    },
                    {
                        "size": "small",
                        "url": "https://www.kroger.com/product/images/small/front/0007142902484"
                    },
                    {
                        "size": "thumbnail",
                        "url": "https://www.kroger.com/product/images/thumbnail/front/0007142902484"
                    }
                ]
            }
        ],
        "items": [
            {
                "itemId": "0007142902484",
                "favorite": false,
                "fulfillment": {
                    "curbside": true,
                    "delivery": true,
                    "inStore": true,
                    "shipToHome": false
                },
                "price": {
                    "regular": 1.99,
                    "promo": 0
                },
                "size": "10 oz",
                "soldBy": "UNIT"
            }
        ],
        "itemInformation": {},
        "temperature": {
            "indicator": "Ambient",
            "heatSensitive": false
        }
    },
    {
        "productId": "0001111096681",
        "upc": "0001111096681",
        "productPageURI": "/p/p-t-pacific-whiting/0001111096681?cid=dis.api.tpi_products-api_20240521_b:all_c:np_t:lookupproduct-243261",
        "aisleLocations": [],
        "brand": "p$$t...",
        "categories": [
            "Meat & Seafood"
        ],
        "description": "P$$T... Pacific  Whiting",
        "images": [
            {
                "perspective": "front",
                "featured": true,
                "sizes": [
                    {
                        "size": "xlarge",
                        "url": "https://www.kroger.com/product/images/xlarge/front/0001111096681"
                    },
                    {
                        "size": "large",
                        "url": "https://www.kroger.com/product/images/large/front/0001111096681"
                    },
                    {
                        "size": "medium",
                        "url": "https://www.kroger.com/product/images/medium/front/0001111096681"
                    },
                    {
                        "size": "small",
                        "url": "https://www.kroger.com/product/images/small/front/0001111096681"
                    },
                    {
                        "size": "thumbnail",
                        "url": "https://www.kroger.com/product/images/thumbnail/front/0001111096681"
                    }
                ]
            }
        ],
        "items": [
            {
                "itemId": "0001111096681",
                "favorite": false,
                "fulfillment": {
                    "curbside": true,
                    "delivery": true,
                    "inStore": true,
                    "shipToHome": false
                },
                "price": {
                    "regular": 9.99,
                    "promo": 0
                },
                "size": "48 oz",
                "soldBy": "UNIT"
            }
        ],
        "itemInformation": {},
        "temperature": {
            "indicator": "Frozen",
            "heatSensitive": false
        }
    },
    {
        "productId": "0004123471511",
        "upc": "0004123471511",
        "productPageURI": "/p/mccormick-golden-dipt-beer-batter-mix-for-seafood/0004123471511?cid=dis.api.tpi_products-api_20240521_b:all_c:np_t:lookupproduct-243261",
        "aisleLocations": [],
        "brand": "McCormick",
        "categories": [
            "Baking Goods"
        ],
        "description": "McCormick Golden Dipt Beer Batter Mix for Seafood",
        "images": [
            {
                "perspective": "front",
                "featured": true,
                "sizes": [
                    {
                        "size": "xlarge",
                        "url": "https://www.kroger.com/product/images/xlarge/front/0004123471511"
                    },
                    {
                        "size": "large",
                        "url": "https://www.kroger.com/product/images/large/front/0004123471511"
                    },
                    {
                        "size": "medium",
                        "url": "https://www.kroger.com/product/images/medium/front/0004123471511"
                    },
                    {
                        "size": "small",
                        "url": "https://www.kroger.com/product/images/small/front/0004123471511"
                    },
                    {
                        "size": "thumbnail",
                        "url": "https://www.kroger.com/product/images/thumbnail/front/0004123471511"
                    }
                ]
            },
            {
                "perspective": "right",
                "sizes": [
                    {
                        "size": "xlarge",
                        "url": "https://www.kroger.com/product/images/xlarge/right/0004123471511"
                    },
                    {
                        "size": "large",
                        "url": "https://www.kroger.com/product/images/large/right/0004123471511"
                    },
                    {
                        "size": "medium",
                        "url": "https://www.kroger.com/product/images/medium/right/0004123471511"
                    },
                    {
                        "size": "small",
                        "url": "https://www.kroger.com/product/images/small/right/0004123471511"
                    },
                    {
                        "size": "thumbnail",
                        "url": "https://www.kroger.com/product/images/thumbnail/right/0004123471511"
                    }
                ]
            },
            {
                "perspective": "back",
                "sizes": [
                    {
                        "size": "xlarge",
                        "url": "https://www.kroger.com/product/images/xlarge/back/0004123471511"
                    },
                    {
                        "size": "large",
                        "url": "https://www.kroger.com/product/images/large/back/0004123471511"
                    },
                    {
                        "size": "medium",
                        "url": "https://www.kroger.com/product/images/medium/back/0004123471511"
                    },
                    {
                        "size": "small",
                        "url": "https://www.kroger.com/product/images/small/back/0004123471511"
                    },
                    {
                        "size": "thumbnail",
                        "url": "https://www.kroger.com/product/images/thumbnail/back/0004123471511"
                    }
                ]
            },
            {
                "perspective": "left",
                "sizes": [
                    {
                        "size": "xlarge",
                        "url": "https://www.kroger.com/product/images/xlarge/left/0004123471511"
                    },
                    {
                        "size": "large",
                        "url": "https://www.kroger.com/product/images/large/left/0004123471511"
                    },
                    {
                        "size": "medium",
                        "url": "https://www.kroger.com/product/images/medium/left/0004123471511"
                    },
                    {
                        "size": "small",
                        "url": "https://www.kroger.com/product/images/small/left/0004123471511"
                    },
                    {
                        "size": "thumbnail",
                        "url": "https://www.kroger.com/product/images/thumbnail/left/0004123471511"
                    }
                ]
            }
        ],
        "items": [
            {
                "itemId": "0004123471511",
                "inventory": {
                    "stockLevel": "HIGH"
                },
                "favorite": false,
                "fulfillment": {
                    "curbside": true,
                    "delivery": true,
                    "inStore": true,
                    "shipToHome": false
                },
                "price": {
                    "regular": 3.49,
                    "promo": 0
                },
                "size": "10 oz",
                "soldBy": "UNIT"
            }
        ],
        "itemInformation": {},
        "temperature": {
            "indicator": "Ambient",
            "heatSensitive": false
        }
    },
    {
        "productId": "0003915600275",
        "upc": "0003915600275",
        "productPageURI": "/p/louisiana-new-orleans-style-fish-fry-mix/0003915600275?cid=dis.api.tpi_products-api_20240521_b:all_c:np_t:lookupproduct-243261",
        "aisleLocations": [],
        "brand": "Louisiana",
        "categories": [
            "Meat & Seafood"
        ],
        "description": "Louisiana New Orleans Style Fish Fry Mix",
        "images": [
            {
                "perspective": "front",
                "featured": true,
                "sizes": [
                    {
                        "size": "xlarge",
                        "url": "https://www.kroger.com/product/images/xlarge/front/0003915600275"
                    },
                    {
                        "size": "large",
                        "url": "https://www.kroger.com/product/images/large/front/0003915600275"
                    },
                    {
                        "size": "medium",
                        "url": "https://www.kroger.com/product/images/medium/front/0003915600275"
                    },
                    {
                        "size": "small",
                        "url": "https://www.kroger.com/product/images/small/front/0003915600275"
                    },
                    {
                        "size": "thumbnail",
                        "url": "https://www.kroger.com/product/images/thumbnail/front/0003915600275"
                    }
                ]
            }
        ],
        "items": [
            {
                "itemId": "0003915600275",
                "inventory": {
                    "stockLevel": "HIGH"
                },
                "favorite": false,
                "fulfillment": {
                    "curbside": true,
                    "delivery": true,
                    "inStore": true,
                    "shipToHome": false
                },
                "price": {
                    "regular": 2.69,
                    "promo": 0
                },
                "size": "10 oz",
                "soldBy": "UNIT"
            }
        ],
        "itemInformation": {},
        "temperature": {
            "indicator": "Ambient",
            "heatSensitive": false
        }
    },
    {
        "productId": "0064735712257",
        "upc": "0064735712257",
        "productPageURI": "/p/country-select-catfish-fillets/0064735712257?cid=dis.api.tpi_products-api_20240521_b:all_c:np_t:lookupproduct-243261",
        "aisleLocations": [],
        "categories": [
            "Meat & Seafood"
        ],
        "description": "Country Select Catfish Fillets",
        "images": [
            {
                "perspective": "front",
                "featured": true,
                "sizes": [
                    {
                        "size": "large",
                        "url": "https://www.kroger.com/product/images/large/front/0064735712257"
                    },
                    {
                        "size": "medium",
                        "url": "https://www.kroger.com/product/images/medium/front/0064735712257"
                    },
                    {
                        "size": "small",
                        "url": "https://www.kroger.com/product/images/small/front/0064735712257"
                    },
                    {
                        "size": "thumbnail",
                        "url": "https://www.kroger.com/product/images/thumbnail/front/0064735712257"
                    }
                ]
            }
        ],
        "items": [
            {
                "itemId": "0064735712257",
                "favorite": false,
                "fulfillment": {
                    "curbside": true,
                    "delivery": true,
                    "inStore": true,
                    "shipToHome": false
                },
                "size": "4 lb"
            }
        ],
        "itemInformation": {},
        "temperature": {
            "indicator": "Frozen",
            "heatSensitive": false
        }
    },
    {
        "productId": "0007142902437",
        "upc": "0007142902437",
        "productPageURI": "/p/zatarain-s-seasoned-fish-fri/0007142902437?cid=dis.api.tpi_products-api_20240521_b:all_c:np_t:lookupproduct-243261",
        "aisleLocations": [
            {
                "bayNumber": "999",
                "description": "VIRTUAL PLANOGRAM",
                "number": "998",
                "numberOfFacings": "1",
                "side": "R",
                "shelfNumber": "1",
                "shelfPositionInBay": "1"
            }
        ],
        "brand": "Zatarain's",
        "categories": [
            "Meat & Seafood"
        ],
        "description": "Zatarain's Seasoned Fish Fri",
        "images": [
            {
                "perspective": "left",
                "sizes": [
                    {
                        "size": "xlarge",
                        "url": "https://www.kroger.com/product/images/xlarge/left/0007142902437"
                    },
                    {
                        "size": "large",
                        "url": "https://www.kroger.com/product/images/large/left/0007142902437"
                    },
                    {
                        "size": "medium",
                        "url": "https://www.kroger.com/product/images/medium/left/0007142902437"
                    },
                    {
                        "size": "small",
                        "url": "https://www.kroger.com/product/images/small/left/0007142902437"
                    },
                    {
                        "size": "thumbnail",
                        "url": "https://www.kroger.com/product/images/thumbnail/left/0007142902437"
                    }
                ]
            },
            {
                "perspective": "front",
                "featured": true,
                "sizes": [
                    {
                        "size": "xlarge",
                        "url": "https://www.kroger.com/product/images/xlarge/front/0007142902437"
                    },
                    {
                        "size": "large",
                        "url": "https://www.kroger.com/product/images/large/front/0007142902437"
                    },
                    {
                        "size": "medium",
                        "url": "https://www.kroger.com/product/images/medium/front/0007142902437"
                    },
                    {
                        "size": "small",
                        "url": "https://www.kroger.com/product/images/small/front/0007142902437"
                    },
                    {
                        "size": "thumbnail",
                        "url": "https://www.kroger.com/product/images/thumbnail/front/0007142902437"
                    }
                ]
            },
            {
                "perspective": "right",
                "sizes": [
                    {
                        "size": "xlarge",
                        "url": "https://www.kroger.com/product/images/xlarge/right/0007142902437"
                    },
                    {
                        "size": "large",
                        "url": "https://www.kroger.com/product/images/large/right/0007142902437"
                    },
                    {
                        "size": "medium",
                        "url": "https://www.kroger.com/product/images/medium/right/0007142902437"
                    },
                    {
                        "size": "small",
                        "url": "https://www.kroger.com/product/images/small/right/0007142902437"
                    },
                    {
                        "size": "thumbnail",
                        "url": "https://www.kroger.com/product/images/thumbnail/right/0007142902437"
                    }
                ]
            }
        ],
        "items": [
            {
                "itemId": "0007142902437",
                "inventory": {
                    "stockLevel": "HIGH"
                },
                "favorite": false,
                "fulfillment": {
                    "curbside": true,
                    "delivery": true,
                    "inStore": true,
                    "shipToHome": false
                },
                "price": {
                    "regular": 2.29,
                    "promo": 0
                },
                "size": "12 oz",
                "soldBy": "UNIT"
            }
        ],
        "itemInformation": {},
        "temperature": {
            "indicator": "Ambient",
            "heatSensitive": false
        }
    },
    {
        "productId": "0007142902645",
        "upc": "0007142902645",
        "productPageURI": "/p/zatarain-s-new-orleans-style-fish-fri-crispy-southern-seafood-breading-mix/0007142902645?cid=dis.api.tpi_products-api_20240521_b:all_c:np_t:lookupproduct-243261",
        "aisleLocations": [
            {
                "bayNumber": "999",
                "description": "VIRTUAL PLANOGRAM",
                "number": "998",
                "numberOfFacings": "1",
                "side": "R",
                "shelfNumber": "3",
                "shelfPositionInBay": "19"
            }
        ],
        "brand": "Zatarain's",
        "categories": [
            "Meat & Seafood"
        ],
        "description": "Zatarain's New Orleans Style Fish Fri Crispy Southern Seafood Breading Mix",
        "images": [
            {
                "perspective": "left",
                "sizes": [
                    {
                        "size": "xlarge",
                        "url": "https://www.kroger.com/product/images/xlarge/left/0007142902645"
                    },
                    {
                        "size": "large",
                        "url": "https://www.kroger.com/product/images/large/left/0007142902645"
                    },
                    {
                        "size": "medium",
                        "url": "https://www.kroger.com/product/images/medium/left/0007142902645"
                    },
                    {
                        "size": "small",
                        "url": "https://www.kroger.com/product/images/small/left/0007142902645"
                    },
                    {
                        "size": "thumbnail",
                        "url": "https://www.kroger.com/product/images/thumbnail/left/0007142902645"
                    }
                ]
            },
            {
                "perspective": "right",
                "sizes": [
                    {
                        "size": "xlarge",
                        "url": "https://www.kroger.com/product/images/xlarge/right/0007142902645"
                    },
                    {
                        "size": "large",
                        "url": "https://www.kroger.com/product/images/large/right/0007142902645"
                    },
                    {
                        "size": "medium",
                        "url": "https://www.kroger.com/product/images/medium/right/0007142902645"
                    },
                    {
                        "size": "small",
                        "url": "https://www.kroger.com/product/images/small/right/0007142902645"
                    },
                    {
                        "size": "thumbnail",
                        "url": "https://www.kroger.com/product/images/thumbnail/right/0007142902645"
                    }
                ]
            },
            {
                "perspective": "front",
                "featured": true,
                "sizes": [
                    {
                        "size": "xlarge",
                        "url": "https://www.kroger.com/product/images/xlarge/front/0007142902645"
                    },
                    {
                        "size": "large",
                        "url": "https://www.kroger.com/product/images/large/front/0007142902645"
                    },
                    {
                        "size": "medium",
                        "url": "https://www.kroger.com/product/images/medium/front/0007142902645"
                    },
                    {
                        "size": "small",
                        "url": "https://www.kroger.com/product/images/small/front/0007142902645"
                    },
                    {
                        "size": "thumbnail",
                        "url": "https://www.kroger.com/product/images/thumbnail/front/0007142902645"
                    }
                ]
            }
        ],
        "items": [
            {
                "itemId": "0007142902645",
                "inventory": {
                    "stockLevel": "HIGH"
                },
                "favorite": false,
                "fulfillment": {
                    "curbside": true,
                    "delivery": true,
                    "inStore": true,
                    "shipToHome": false
                },
                "price": {
                    "regular": 2.29,
                    "promo": 0
                },
                "size": "10 oz",
                "soldBy": "UNIT"
            }
        ],
        "itemInformation": {},
        "temperature": {
            "indicator": "Ambient",
            "heatSensitive": false
        }
    },
    {
        "productId": "0007142902622",
        "upc": "0007142902622",
        "productPageURI": "/p/zatarain-s-fish-fri-crispy-southern-seafood-breading-mix/0007142902622?cid=dis.api.tpi_products-api_20240521_b:all_c:np_t:lookupproduct-243261",
        "aisleLocations": [
            {
                "bayNumber": "999",
                "description": "VIRTUAL PLANOGRAM",
                "number": "998",
                "numberOfFacings": "1",
                "side": "R",
                "shelfNumber": "1",
                "shelfPositionInBay": "2"
            }
        ],
        "brand": "Zatarain's",
        "categories": [
            "Meat & Seafood"
        ],
        "description": "Zatarain's Fish Fri Crispy Southern Seafood Breading Mix",
        "images": [
            {
                "perspective": "left",
                "sizes": [
                    {
                        "size": "xlarge",
                        "url": "https://www.kroger.com/product/images/xlarge/left/0007142902622"
                    },
                    {
                        "size": "large",
                        "url": "https://www.kroger.com/product/images/large/left/0007142902622"
                    },
                    {
                        "size": "medium",
                        "url": "https://www.kroger.com/product/images/medium/left/0007142902622"
                    },
                    {
                        "size": "small",
                        "url": "https://www.kroger.com/product/images/small/left/0007142902622"
                    },
                    {
                        "size": "thumbnail",
                        "url": "https://www.kroger.com/product/images/thumbnail/left/0007142902622"
                    }
                ]
            },
            {
                "perspective": "front",
                "featured": true,
                "sizes": [
                    {
                        "size": "xlarge",
                        "url": "https://www.kroger.com/product/images/xlarge/front/0007142902622"
                    },
                    {
                        "size": "large",
                        "url": "https://www.kroger.com/product/images/large/front/0007142902622"
                    },
                    {
                        "size": "medium",
                        "url": "https://www.kroger.com/product/images/medium/front/0007142902622"
                    },
                    {
                        "size": "small",
                        "url": "https://www.kroger.com/product/images/small/front/0007142902622"
                    },
                    {
                        "size": "thumbnail",
                        "url": "https://www.kroger.com/product/images/thumbnail/front/0007142902622"
                    }
                ]
            },
            {
                "perspective": "right",
                "sizes": [
                    {
                        "size": "xlarge",
                        "url": "https://www.kroger.com/product/images/xlarge/right/0007142902622"
                    },
                    {
                        "size": "large",
                        "url": "https://www.kroger.com/product/images/large/right/0007142902622"
                    },
                    {
                        "size": "medium",
                        "url": "https://www.kroger.com/product/images/medium/right/0007142902622"
                    },
                    {
                        "size": "small",
                        "url": "https://www.kroger.com/product/images/small/right/0007142902622"
                    },
                    {
                        "size": "thumbnail",
                        "url": "https://www.kroger.com/product/images/thumbnail/right/0007142902622"
                    }
                ]
            }
        ],
        "items": [
            {
                "itemId": "0007142902622",
                "inventory": {
                    "stockLevel": "LOW"
                },
                "favorite": false,
                "fulfillment": {
                    "curbside": true,
                    "delivery": true,
                    "inStore": true,
                    "shipToHome": false
                },
                "price": {
                    "regular": 2.29,
                    "promo": 0
                },
                "size": "12 oz",
                "soldBy": "UNIT"
            }
        ],
        "itemInformation": {},
        "temperature": {
            "indicator": "Ambient",
            "heatSensitive": false
        }
    },
    {
        "productId": "0003915600010",
        "upc": "0003915600010",
        "productPageURI": "/p/la-fish-fry-seasoned-crispy-breading-mix-case-of-12-10-oz-/0003915600010?cid=dis.api.tpi_products-api_20240521_b:all_c:np_t:lookupproduct-243261",
        "aisleLocations": [
            {
                "bayNumber": "999",
                "description": "VIRTUAL PLANOGRAM",
                "number": "998",
                "numberOfFacings": "1",
                "side": "R",
                "shelfNumber": "3",
                "shelfPositionInBay": "15"
            }
        ],
        "brand": "Louisiana",
        "categories": [
            "Meat & Seafood"
        ],
        "description": "La Fish Fry Seasoned Crispy - Breading Mix - Case of 12 - 10 oz.",
        "images": [
            {
                "perspective": "front",
                "featured": true,
                "sizes": [
                    {
                        "size": "xlarge",
                        "url": "https://www.kroger.com/product/images/xlarge/front/0003915600010"
                    },
                    {
                        "size": "large",
                        "url": "https://www.kroger.com/product/images/large/front/0003915600010"
                    },
                    {
                        "size": "medium",
                        "url": "https://www.kroger.com/product/images/medium/front/0003915600010"
                    },
                    {
                        "size": "small",
                        "url": "https://www.kroger.com/product/images/small/front/0003915600010"
                    },
                    {
                        "size": "thumbnail",
                        "url": "https://www.kroger.com/product/images/thumbnail/front/0003915600010"
                    }
                ]
            }
        ],
        "items": [
            {
                "itemId": "0003915600010",
                "inventory": {
                    "stockLevel": "TEMPORARILY_OUT_OF_STOCK"
                },
                "favorite": false,
                "fulfillment": {
                    "curbside": true,
                    "delivery": true,
                    "inStore": true,
                    "shipToHome": false
                },
                "price": {
                    "regular": 2.69,
                    "promo": 0
                },
                "size": "1",
                "soldBy": "UNIT"
            }
        ],
        "itemInformation": {
            "depth": "1.29",
            "height": "7.69",
            "width": "3.93"
        },
        "temperature": {
            "indicator": "Ambient",
            "heatSensitive": false
        }
    },
    {
        "productId": "0064735725062",
        "upc": "0064735725062",
        "productPageURI": "/p/country-select-golden-hush-puppies/0064735725062?cid=dis.api.tpi_products-api_20240521_b:all_c:np_t:lookupproduct-243261",
        "aisleLocations": [],
        "categories": [
            "Meat & Seafood"
        ],
        "description": "Country Select Golden Hush Puppies",
        "images": [
            {
                "perspective": "left",
                "sizes": [
                    {
                        "size": "large",
                        "url": "https://www.kroger.com/product/images/large/left/0064735725062"
                    },
                    {
                        "size": "medium",
                        "url": "https://www.kroger.com/product/images/medium/left/0064735725062"
                    },
                    {
                        "size": "small",
                        "url": "https://www.kroger.com/product/images/small/left/0064735725062"
                    },
                    {
                        "size": "thumbnail",
                        "url": "https://www.kroger.com/product/images/thumbnail/left/0064735725062"
                    }
                ]
            },
            {
                "perspective": "top",
                "sizes": [
                    {
                        "size": "large",
                        "url": "https://www.kroger.com/product/images/large/top/0064735725062"
                    },
                    {
                        "size": "medium",
                        "url": "https://www.kroger.com/product/images/medium/top/0064735725062"
                    },
                    {
                        "size": "small",
                        "url": "https://www.kroger.com/product/images/small/top/0064735725062"
                    },
                    {
                        "size": "thumbnail",
                        "url": "https://www.kroger.com/product/images/thumbnail/top/0064735725062"
                    }
                ]
            },
            {
                "perspective": "front",
                "featured": true,
                "sizes": [
                    {
                        "size": "large",
                        "url": "https://www.kroger.com/product/images/large/front/0064735725062"
                    },
                    {
                        "size": "medium",
                        "url": "https://www.kroger.com/product/images/medium/front/0064735725062"
                    },
                    {
                        "size": "small",
                        "url": "https://www.kroger.com/product/images/small/front/0064735725062"
                    },
                    {
                        "size": "thumbnail",
                        "url": "https://www.kroger.com/product/images/thumbnail/front/0064735725062"
                    }
                ]
            }
        ],
        "items": [
            {
                "itemId": "0064735725062",
                "favorite": false,
                "fulfillment": {
                    "curbside": true,
                    "delivery": true,
                    "inStore": true,
                    "shipToHome": false
                },
                "price": {
                    "regular": 2.69,
                    "promo": 0
                },
                "size": "16 oz",
                "soldBy": "UNIT"
            }
        ],
        "itemInformation": {},
        "temperature": {
            "indicator": "Frozen",
            "heatSensitive": false
        }
    },
    {
        "productId": "0007032801001",
        "upc": "0007032801001",
        "productPageURI": "/p/mccormick-old-bay-crab-cake-classic-1-24-oz/0007032801001?cid=dis.api.tpi_products-api_20240521_b:all_c:np_t:lookupproduct-243261",
        "aisleLocations": [],
        "brand": "Old Bay",
        "categories": [
            "Meat & Seafood"
        ],
        "description": "McCormick Old Bay Crab Cake Classic, 1.24 OZ",
        "images": [
            {
                "perspective": "front",
                "featured": true,
                "sizes": [
                    {
                        "size": "xlarge",
                        "url": "https://www.kroger.com/product/images/xlarge/front/0007032801001"
                    },
                    {
                        "size": "large",
                        "url": "https://www.kroger.com/product/images/large/front/0007032801001"
                    },
                    {
                        "size": "medium",
                        "url": "https://www.kroger.com/product/images/medium/front/0007032801001"
                    },
                    {
                        "size": "small",
                        "url": "https://www.kroger.com/product/images/small/front/0007032801001"
                    },
                    {
                        "size": "thumbnail",
                        "url": "https://www.kroger.com/product/images/thumbnail/front/0007032801001"
                    }
                ]
            }
        ],
        "items": [
            {
                "itemId": "0007032801001",
                "inventory": {
                    "stockLevel": "HIGH"
                },
                "favorite": false,
                "fulfillment": {
                    "curbside": false,
                    "delivery": false,
                    "inStore": false,
                    "shipToHome": false
                },
                "size": "1"
            }
        ],
        "itemInformation": {},
        "temperature": {
            "indicator": "Ambient",
            "heatSensitive": false
        }
    },
    {
        "productId": "0003520450094",
        "upc": "0003520450094",
        "productPageURI": "/p/andys-seasoning-red-fish-breading-10-oz-pack-of-6-/0003520450094?cid=dis.api.tpi_products-api_20240521_b:all_c:np_t:lookupproduct-243261",
        "aisleLocations": [
            {
                "bayNumber": "999",
                "description": "VIRTUAL PLANOGRAM",
                "number": "998",
                "numberOfFacings": "1",
                "side": "R",
                "shelfNumber": "3",
                "shelfPositionInBay": "2"
            }
        ],
        "brand": "Andy's",
        "categories": [
            "Meat & Seafood"
        ],
        "countryOrigin": "UNITED STATES",
        "description": "Andys Seasoning Red Fish Breading, 10 Oz (Pack of 6)",
        "images": [
            {
                "perspective": "front",
                "featured": true,
                "sizes": [
                    {
                        "size": "large",
                        "url": "https://www.kroger.com/product/images/large/front/0003520450094"
                    },
                    {
                        "size": "medium",
                        "url": "https://www.kroger.com/product/images/medium/front/0003520450094"
                    },
                    {
                        "size": "small",
                        "url": "https://www.kroger.com/product/images/small/front/0003520450094"
                    },
                    {
                        "size": "thumbnail",
                        "url": "https://www.kroger.com/product/images/thumbnail/front/0003520450094"
                    }
                ]
            }
        ],
        "items": [
            {
                "itemId": "0003520450094",
                "inventory": {
                    "stockLevel": "HIGH"
                },
                "favorite": false,
                "fulfillment": {
                    "curbside": true,
                    "delivery": true,
                    "inStore": true,
                    "shipToHome": false
                },
                "price": {
                    "regular": 2.19,
                    "promo": 0
                },
                "size": "1",
                "soldBy": "UNIT"
            }
        ],
        "itemInformation": {
            "depth": "0.75",
            "height": "8.0",
            "width": "4.5"
        },
        "temperature": {
            "indicator": "Ambient",
            "heatSensitive": false
        }
    }
]