[
    {
        "productId": "0004216720083",
        "upc": "0004216720083",
        "productPageURI": "/p/alera-non-studded-chair-mat-for-hard-floor-36-x-48-with-lip-clear-mat3648hfl/0004216720083?cid=dis.api.tpi_products-api_20240521_b:all_c:np_t:lookupproduct-243261",
        "aisleLocations": [],
        "categories": [
            "Furniture"
        ],
        "description": "Alera Non-Studded Chair Mat for Hard Floor 36  x 48  with Lip Clear MAT3648HFL",
        "images": [
            {
                "perspective": "back",
                "sizes": [
                    {
                        "size": "xlarge",
                        "url": "https://www.kroger.com/product/images/xlarge/back/0004216720083"
                    },
                    {
                        "size": "large",
                        "url": "https://www.kroger.com/product/images/large/back/0004216720083"
                    },
                    {
                        "size": "medium",
                        "url": "https://www.kroger.com/product/images/medium/back/0004216720083"
                    },
                    {
                        "size": "small",
                        "url": "https://www.kroger.com/product/images/small/back/0004216720083"
                    },
                    {
                        "size": "thumbnail",
                        "url": "https://www.kroger.com/product/images/thumbnail/back/0004216720083"
                    }
                ]
            },
            {
                "perspective": "front",
                "featured": true,
                "sizes": [
                    {
                        "size": "xlarge",
                        "url": "https://www.kroger.com/product/images/xlarge/front/0004216720083"
                    },
                    {
                        "size": "large",
                        "url": "https://www.kroger.com/product/images/large/front/0004216720083"
                    },
                    {
                        "size": "medium",
                        "url": "https://www.kroger.com/product/images/medium/front/0004216720083"
                    },
                    {
                        "size": "small",
                        "url": "https://www.kroger.com/product/images/small/front/0004216720083"
                    },
                    {
                        "size": "thumbnail",
                        "url": "https://www.kroger.com/product/images/thumbnail/front/0004216720083"
                    }
                ]
            }
        ],
        "items": [
            {
                "itemId": "0004216720083",
                "favorite": false,
                "fulfillment": {
                    "curbside": false,
                    "delivery": false,
                    "inStore": false,
                    "shipToHome": false
                },
                "size": "1"
            }
        ],
        "itemInformation": {},
        "temperature": {
            "indicator": "Ambient",
            "heatSensitive": false
        }
    }
]