[
    {
        "productId": "0007142908145",
        "upc": "0007142908145",
        "productPageURI": "/p/zatarain-s-long-grain-rice/0007142908145?cid=dis.api.tpi_products-api_20240521_b:all_c:np_t:lookupproduct-243261",
        "aisleLocations": [],
        "brand": "Zatarain's",
        "categories": [
            "Pasta, Sauces, Grain"
        ],
        "description": "Zatarain's Long Grain Rice",
        "images": [
            {
                "perspective": "front",
                "featured": true,
                "sizes": [
                    {
                        "size": "xlarge",
                        "url": "https://www.kroger.com/product/images/xlarge/front/0007142908145"
                    },
                    {
                        "size": "large",
                        "url": "https://www.kroger.com/product/images/large/front/0007142908145"
                    },
                    {
                        "size": "medium",
                        "url": "https://www.kroger.com/product/images/medium/front/0007142908145"
                    },
                    {
                        "size": "small",
                        "url": "https://www.kroger.com/product/images/small/front/0007142908145"
                    },
                    {
                        "size": "thumbnail",
                        "url": "https://www.kroger.com/product/images/thumbnail/front/0007142908145"
                    }
                ]
            },
            {
                "perspective": "back",
                "sizes": [
                    {
                        "size": "xlarge",
                        "url": "https://www.kroger.com/product/images/xlarge/back/0007142908145"
                    },
                    {
                        "size": "large",
                        "url": "https://www.kroger.com/product/images/large/back/0007142908145"
                    },
                    {
                        "size": "medium",
                        "url": "https://www.kroger.com/product/images/medium/back/0007142908145"
                    },
                    {
                        "size": "small",
                        "url": "https://www.kroger.com/product/images/small/back/0007142908145"
                    },
                    {
                        "size": "thumbnail",
                        "url": "https://www.kroger.com/product/images/thumbnail/back/0007142908145"
                    }
                ]
            }
        ],
        "items": [
            {
                "itemId": "0007142908145",
                "inventory": {
                    "stockLevel": "HIGH"
                },
                "favorite": false,
                "fulfillment": {
                    "curbside": true,
                    "delivery": true,
                    "inStore": true,
                    "shipToHome": false
                },
                "price": {
                    "regular": 3.99,
                    "promo": 0
                },
                "size": "32 oz",
                "soldBy": "UNIT"
            }
        ],
        "itemInformation": {},
        "temperature": {
            "indicator": "Ambient",
            "heatSensitive": false
        }
    },
    {
        "productId": "0007142901306",
        "upc": "0007142901306",
        "productPageURI": "/p/zatarain-s-cilantro-lime-rice/0007142901306?cid=dis.api.tpi_products-api_20240521_b:all_c:np_t:lookupproduct-243261",
        "aisleLocations": [
            {
                "description": "GROCERY",
                "number": "0"
            }
        ],
        "brand": "Zatarain's",
        "categories": [
            "Pasta, Sauces, Grain"
        ],
        "description": "Zatarain's Cilantro Lime Rice",
        "images": [
            {
                "perspective": "left",
                "sizes": [
                    {
                        "size": "xlarge",
                        "url": "https://www.kroger.com/product/images/xlarge/left/0007142901306"
                    },
                    {
                        "size": "large",
                        "url": "https://www.kroger.com/product/images/large/left/0007142901306"
                    },
                    {
                        "size": "medium",
                        "url": "https://www.kroger.com/product/images/medium/left/0007142901306"
                    },
                    {
                        "size": "small",
                        "url": "https://www.kroger.com/product/images/small/left/0007142901306"
                    },
                    {
                        "size": "thumbnail",
                        "url": "https://www.kroger.com/product/images/thumbnail/left/0007142901306"
                    }
                ]
            },
            {
                "perspective": "front",
                "featured": true,
                "sizes": [
                    {
                        "size": "xlarge",
                        "url": "https://www.kroger.com/product/images/xlarge/front/0007142901306"
                    },
                    {
                        "size": "large",
                        "url": "https://www.kroger.com/product/images/large/front/0007142901306"
                    },
                    {
                        "size": "medium",
                        "url": "https://www.kroger.com/product/images/medium/front/0007142901306"
                    },
                    {
                        "size": "small",
                        "url": "https://www.kroger.com/product/images/small/front/0007142901306"
                    },
                    {
                        "size": "thumbnail",
                        "url": "https://www.kroger.com/product/images/thumbnail/front/0007142901306"
                    }
                ]
            },
            {
                "perspective": "right",
                "sizes": [
                    {
                        "size": "xlarge",
                        "url": "https://www.kroger.com/product/images/xlarge/right/0007142901306"
                    },
                    {
                        "size": "large",
                        "url": "https://www.kroger.com/product/images/large/right/0007142901306"
                    },
                    {
                        "size": "medium",
                        "url": "https://www.kroger.com/product/images/medium/right/0007142901306"
                    },
                    {
                        "size": "small",
                        "url": "https://www.kroger.com/product/images/small/right/0007142901306"
                    },
                    {
                        "size": "thumbnail",
                        "url": "https://www.kroger.com/product/images/thumbnail/right/0007142901306"
                    }
                ]
            }
        ],
        "items": [
            {
                "itemId": "0007142901306",
                "inventory": {
                    "stockLevel": "HIGH"
                },
                "favorite": false,
                "fulfillment": {
                    "curbside": true,
                    "delivery": true,
                    "inStore": true,
                    "shipToHome": false
                },
                "price": {
                    "regular": 1.99,
                    "promo": 0
                },
                "size": "6.9 oz",
                "soldBy": "UNIT"
            }
        ],
        "itemInformation": {},
        "temperature": {
            "indicator": "Ambient",
            "heatSensitive": false
        }
    },
    {
        "productId": "0007341604028",
        "upc": "0007341604028",
        "productPageURI": "/p/lundberg-organic-california-white-jasmine-rice/0007341604028?cid=dis.api.tpi_products-api_20240521_b:all_c:np_t:lookupproduct-243261",
        "aisleLocations": [
            {
                "description": "GROCERY",
                "number": "0"
            }
        ],
        "brand": "Lundberg",
        "categories": [
            "Pasta, Sauces, Grain",
            "Natural & Organic"
        ],
        "description": "Lundberg Organic California White Jasmine Rice",
        "images": [
            {
                "perspective": "left",
                "sizes": [
                    {
                        "size": "xlarge",
                        "url": "https://www.kroger.com/product/images/xlarge/left/0007341604028"
                    },
                    {
                        "size": "large",
                        "url": "https://www.kroger.com/product/images/large/left/0007341604028"
                    },
                    {
                        "size": "medium",
                        "url": "https://www.kroger.com/product/images/medium/left/0007341604028"
                    },
                    {
                        "size": "small",
                        "url": "https://www.kroger.com/product/images/small/left/0007341604028"
                    },
                    {
                        "size": "thumbnail",
                        "url": "https://www.kroger.com/product/images/thumbnail/left/0007341604028"
                    }
                ]
            },
            {
                "perspective": "front",
                "featured": true,
                "sizes": [
                    {
                        "size": "xlarge",
                        "url": "https://www.kroger.com/product/images/xlarge/front/0007341604028"
                    },
                    {
                        "size": "large",
                        "url": "https://www.kroger.com/product/images/large/front/0007341604028"
                    },
                    {
                        "size": "medium",
                        "url": "https://www.kroger.com/product/images/medium/front/0007341604028"
                    },
                    {
                        "size": "small",
                        "url": "https://www.kroger.com/product/images/small/front/0007341604028"
                    },
                    {
                        "size": "thumbnail",
                        "url": "https://www.kroger.com/product/images/thumbnail/front/0007341604028"
                    }
                ]
            },
            {
                "perspective": "right",
                "sizes": [
                    {
                        "size": "xlarge",
                        "url": "https://www.kroger.com/product/images/xlarge/right/0007341604028"
                    },
                    {
                        "size": "large",
                        "url": "https://www.kroger.com/product/images/large/right/0007341604028"
                    },
                    {
                        "size": "medium",
                        "url": "https://www.kroger.com/product/images/medium/right/0007341604028"
                    },
                    {
                        "size": "small",
                        "url": "https://www.kroger.com/product/images/small/right/0007341604028"
                    },
                    {
                        "size": "thumbnail",
                        "url": "https://www.kroger.com/product/images/thumbnail/right/0007341604028"
                    }
                ]
            }
        ],
        "items": [
            {
                "itemId": "0007341604028",
                "inventory": {
                    "stockLevel": "LOW"
                },
                "favorite": false,
                "fulfillment": {
                    "curbside": true,
                    "delivery": true,
                    "inStore": true,
                    "shipToHome": false
                },
                "price": {
                    "regular": 7.99,
                    "promo": 0
                },
                "size": "32 oz",
                "soldBy": "UNIT"
            }
        ],
        "itemInformation": {},
        "temperature": {
            "indicator": "Ambient",
            "heatSensitive": false
        }
    },
    {
        "productId": "0074840442017",
        "upc": "0074840442017",
        "productPageURI": "/p/seeds-of-change-organic-brown-red-rice-with-chia-kale/0074840442017?cid=dis.api.tpi_products-api_20240521_b:all_c:np_t:lookupproduct-243261",
        "aisleLocations": [],
        "brand": "Seeds of Change",
        "categories": [
            "Natural & Organic",
            "Pasta, Sauces, Grain"
        ],
        "description": "Seeds of Change Organic Brown & Red Rice with Chia & Kale",
        "images": [
            {
                "perspective": "front",
                "featured": true,
                "sizes": [
                    {
                        "size": "xlarge",
                        "url": "https://www.kroger.com/product/images/xlarge/front/0074840442017"
                    },
                    {
                        "size": "large",
                        "url": "https://www.kroger.com/product/images/large/front/0074840442017"
                    },
                    {
                        "size": "medium",
                        "url": "https://www.kroger.com/product/images/medium/front/0074840442017"
                    },
                    {
                        "size": "small",
                        "url": "https://www.kroger.com/product/images/small/front/0074840442017"
                    },
                    {
                        "size": "thumbnail",
                        "url": "https://www.kroger.com/product/images/thumbnail/front/0074840442017"
                    }
                ]
            }
        ],
        "items": [
            {
                "itemId": "0074840442017",
                "inventory": {
                    "stockLevel": "HIGH"
                },
                "favorite": false,
                "fulfillment": {
                    "curbside": true,
                    "delivery": true,
                    "inStore": true,
                    "shipToHome": false
                },
                "price": {
                    "regular": 3.49,
                    "promo": 0
                },
                "size": "8.5 oz",
                "soldBy": "UNIT"
            }
        ],
        "itemInformation": {},
        "temperature": {
            "indicator": "Ambient",
            "heatSensitive": false
        }
    },
    {
        "productId": "0007341651010",
        "upc": "0007341651010",
        "productPageURI": "/p/lundberg-organic-whole-grain-spanish-rice-seasoning-mix/0007341651010?cid=dis.api.tpi_products-api_20240521_b:all_c:np_t:lookupproduct-243261",
        "aisleLocations": [],
        "brand": "Lundberg",
        "categories": [
            "Baking Goods",
            "Natural & Organic",
            "Pasta, Sauces, Grain"
        ],
        "description": "Lundberg Organic Whole Grain Spanish Rice & Seasoning Mix",
        "images": [
            {
                "perspective": "front",
                "featured": true,
                "sizes": [
                    {
                        "size": "xlarge",
                        "url": "https://www.kroger.com/product/images/xlarge/front/0007341651010"
                    },
                    {
                        "size": "large",
                        "url": "https://www.kroger.com/product/images/large/front/0007341651010"
                    },
                    {
                        "size": "medium",
                        "url": "https://www.kroger.com/product/images/medium/front/0007341651010"
                    },
                    {
                        "size": "small",
                        "url": "https://www.kroger.com/product/images/small/front/0007341651010"
                    },
                    {
                        "size": "thumbnail",
                        "url": "https://www.kroger.com/product/images/thumbnail/front/0007341651010"
                    }
                ]
            },
            {
                "perspective": "right",
                "sizes": [
                    {
                        "size": "xlarge",
                        "url": "https://www.kroger.com/product/images/xlarge/right/0007341651010"
                    },
                    {
                        "size": "large",
                        "url": "https://www.kroger.com/product/images/large/right/0007341651010"
                    },
                    {
                        "size": "medium",
                        "url": "https://www.kroger.com/product/images/medium/right/0007341651010"
                    },
                    {
                        "size": "small",
                        "url": "https://www.kroger.com/product/images/small/right/0007341651010"
                    },
                    {
                        "size": "thumbnail",
                        "url": "https://www.kroger.com/product/images/thumbnail/right/0007341651010"
                    }
                ]
            },
            {
                "perspective": "back",
                "sizes": [
                    {
                        "size": "xlarge",
                        "url": "https://www.kroger.com/product/images/xlarge/back/0007341651010"
                    },
                    {
                        "size": "large",
                        "url": "https://www.kroger.com/product/images/large/back/0007341651010"
                    },
                    {
                        "size": "medium",
                        "url": "https://www.kroger.com/product/images/medium/back/0007341651010"
                    },
                    {
                        "size": "small",
                        "url": "https://www.kroger.com/product/images/small/back/0007341651010"
                    },
                    {
                        "size": "thumbnail",
                        "url": "https://www.kroger.com/product/images/thumbnail/back/0007341651010"
                    }
                ]
            },
            {
                "perspective": "left",
                "sizes": [
                    {
                        "size": "xlarge",
                        "url": "https://www.kroger.com/product/images/xlarge/left/0007341651010"
                    },
                    {
                        "size": "large",
                        "url": "https://www.kroger.com/product/images/large/left/0007341651010"
                    },
                    {
                        "size": "medium",
                        "url": "https://www.kroger.com/product/images/medium/left/0007341651010"
                    },
                    {
                        "size": "small",
                        "url": "https://www.kroger.com/product/images/small/left/0007341651010"
                    },
                    {
                        "size": "thumbnail",
                        "url": "https://www.kroger.com/product/images/thumbnail/left/0007341651010"
                    }
                ]
            }
        ],
        "items": [
            {
                "itemId": "0007341651010",
                "inventory": {
                    "stockLevel": "HIGH"
                },
                "favorite": false,
                "fulfillment": {
                    "curbside": false,
                    "delivery": false,
                    "inStore": false,
                    "shipToHome": false
                },
                "size": "6 oz"
            }
        ],
        "itemInformation": {},
        "temperature": {
            "indicator": "Ambient",
            "heatSensitive": false
        }
    },
    {
        "productId": "0001115228589",
        "upc": "0001115228589",
        "productPageURI": "/p/nishiki-premium-medium-grain-rice/0001115228589?cid=dis.api.tpi_products-api_20240521_b:all_c:np_t:lookupproduct-243261",
        "aisleLocations": [
            {
                "description": "GROCERY",
                "number": "0"
            }
        ],
        "brand": "Nishiki",
        "categories": [
            "International",
            "Pasta, Sauces, Grain"
        ],
        "description": "Nishiki Premium Medium Grain Rice",
        "images": [
            {
                "perspective": "front",
                "featured": true,
                "sizes": [
                    {
                        "size": "xlarge",
                        "url": "https://www.kroger.com/product/images/xlarge/front/0001115228589"
                    },
                    {
                        "size": "large",
                        "url": "https://www.kroger.com/product/images/large/front/0001115228589"
                    },
                    {
                        "size": "medium",
                        "url": "https://www.kroger.com/product/images/medium/front/0001115228589"
                    },
                    {
                        "size": "small",
                        "url": "https://www.kroger.com/product/images/small/front/0001115228589"
                    },
                    {
                        "size": "thumbnail",
                        "url": "https://www.kroger.com/product/images/thumbnail/front/0001115228589"
                    }
                ]
            }
        ],
        "items": [
            {
                "itemId": "0001115228589",
                "inventory": {
                    "stockLevel": "LOW"
                },
                "favorite": false,
                "fulfillment": {
                    "curbside": true,
                    "delivery": true,
                    "inStore": true,
                    "shipToHome": false
                },
                "price": {
                    "regular": 10.49,
                    "promo": 0
                },
                "size": "5 lb",
                "soldBy": "UNIT"
            }
        ],
        "itemInformation": {},
        "temperature": {
            "indicator": "Ambient",
            "heatSensitive": false
        }
    },
    {
        "productId": "0074840428793",
        "upc": "0074840428793",
        "productPageURI": "/p/seeds-of-change-organic-brown-basmati-rice/0074840428793?cid=dis.api.tpi_products-api_20240521_b:all_c:np_t:lookupproduct-243261",
        "aisleLocations": [],
        "brand": "Seeds of Change",
        "categories": [
            "Natural & Organic",
            "Pasta, Sauces, Grain"
        ],
        "description": "Seeds of Change Organic Brown Basmati Rice",
        "images": [
            {
                "perspective": "front",
                "featured": true,
                "sizes": [
                    {
                        "size": "xlarge",
                        "url": "https://www.kroger.com/product/images/xlarge/front/0074840428793"
                    },
                    {
                        "size": "large",
                        "url": "https://www.kroger.com/product/images/large/front/0074840428793"
                    },
                    {
                        "size": "medium",
                        "url": "https://www.kroger.com/product/images/medium/front/0074840428793"
                    },
                    {
                        "size": "small",
                        "url": "https://www.kroger.com/product/images/small/front/0074840428793"
                    },
                    {
                        "size": "thumbnail",
                        "url": "https://www.kroger.com/product/images/thumbnail/front/0074840428793"
                    }
                ]
            }
        ],
        "items": [
            {
                "itemId": "0074840428793",
                "favorite": false,
                "fulfillment": {
                    "curbside": true,
                    "delivery": true,
                    "inStore": true,
                    "shipToHome": false
                },
                "price": {
                    "regular": 3.29,
                    "promo": 1.64
                },
                "size": "8.5 oz",
                "soldBy": "UNIT"
            }
        ],
        "itemInformation": {},
        "temperature": {
            "indicator": "Ambient",
            "heatSensitive": false
        }
    },
    {
        "productId": "0001111005945",
        "upc": "0001111005945",
        "productPageURI": "/p/simple-truth-organic-black-pepper-100-whole-grain-brown-rice-with-ancient-grains/0001111005945?cid=dis.api.tpi_products-api_20240521_b:all_c:np_t:lookupproduct-243261",
        "aisleLocations": [],
        "brand": "Simple Truth Organic",
        "categories": [
            "Pasta, Sauces, Grain",
            "Natural & Organic",
            "Natural & Organic"
        ],
        "description": "Simple Truth Organic\u2122 Black Pepper 100% Whole Grain Brown Rice with Ancient Grains",
        "images": [
            {
                "perspective": "front",
                "featured": true,
                "sizes": [
                    {
                        "size": "xlarge",
                        "url": "https://www.kroger.com/product/images/xlarge/front/0001111005945"
                    },
                    {
                        "size": "large",
                        "url": "https://www.kroger.com/product/images/large/front/0001111005945"
                    },
                    {
                        "size": "medium",
                        "url": "https://www.kroger.com/product/images/medium/front/0001111005945"
                    },
                    {
                        "size": "small",
                        "url": "https://www.kroger.com/product/images/small/front/0001111005945"
                    },
                    {
                        "size": "thumbnail",
                        "url": "https://www.kroger.com/product/images/thumbnail/front/0001111005945"
                    }
                ]
            }
        ],
        "items": [
            {
                "itemId": "0001111005945",
                "inventory": {
                    "stockLevel": "HIGH"
                },
                "favorite": false,
                "fulfillment": {
                    "curbside": true,
                    "delivery": true,
                    "inStore": true,
                    "shipToHome": false
                },
                "price": {
                    "regular": 2.99,
                    "promo": 0
                },
                "size": "8.8 oz",
                "soldBy": "UNIT"
            }
        ],
        "itemInformation": {},
        "temperature": {
            "indicator": "Ambient",
            "heatSensitive": false
        }
    },
    {
        "productId": "0007177101520",
        "upc": "0007177101520",
        "productPageURI": "/p/blue-ribbon-extra-long-grain-enriched-rice/0007177101520?cid=dis.api.tpi_products-api_20240521_b:all_c:np_t:lookupproduct-243261",
        "aisleLocations": [],
        "brand": "Blue Ribbon",
        "categories": [
            "Pasta, Sauces, Grain"
        ],
        "description": "Blue Ribbon Extra Long Grain Enriched Rice",
        "images": [
            {
                "perspective": "back",
                "sizes": [
                    {
                        "size": "xlarge",
                        "url": "https://www.kroger.com/product/images/xlarge/back/0007177101520"
                    },
                    {
                        "size": "large",
                        "url": "https://www.kroger.com/product/images/large/back/0007177101520"
                    },
                    {
                        "size": "medium",
                        "url": "https://www.kroger.com/product/images/medium/back/0007177101520"
                    },
                    {
                        "size": "small",
                        "url": "https://www.kroger.com/product/images/small/back/0007177101520"
                    },
                    {
                        "size": "thumbnail",
                        "url": "https://www.kroger.com/product/images/thumbnail/back/0007177101520"
                    }
                ]
            },
            {
                "perspective": "front",
                "featured": true,
                "sizes": [
                    {
                        "size": "xlarge",
                        "url": "https://www.kroger.com/product/images/xlarge/front/0007177101520"
                    },
                    {
                        "size": "large",
                        "url": "https://www.kroger.com/product/images/large/front/0007177101520"
                    },
                    {
                        "size": "medium",
                        "url": "https://www.kroger.com/product/images/medium/front/0007177101520"
                    },
                    {
                        "size": "small",
                        "url": "https://www.kroger.com/product/images/small/front/0007177101520"
                    },
                    {
                        "size": "thumbnail",
                        "url": "https://www.kroger.com/product/images/thumbnail/front/0007177101520"
                    }
                ]
            },
            {
                "perspective": "right",
                "sizes": [
                    {
                        "size": "xlarge",
                        "url": "https://www.kroger.com/product/images/xlarge/right/0007177101520"
                    },
                    {
                        "size": "large",
                        "url": "https://www.kroger.com/product/images/large/right/0007177101520"
                    },
                    {
                        "size": "medium",
                        "url": "https://www.kroger.com/product/images/medium/right/0007177101520"
                    },
                    {
                        "size": "small",
                        "url": "https://www.kroger.com/product/images/small/right/0007177101520"
                    },
                    {
                        "size": "thumbnail",
                        "url": "https://www.kroger.com/product/images/thumbnail/right/0007177101520"
                    }
                ]
            },
            {
                "perspective": "left",
                "sizes": [
                    {
                        "size": "xlarge",
                        "url": "https://www.kroger.com/product/images/xlarge/left/0007177101520"
                    },
                    {
                        "size": "large",
                        "url": "https://www.kroger.com/product/images/large/left/0007177101520"
                    },
                    {
                        "size": "medium",
                        "url": "https://www.kroger.com/product/images/medium/left/0007177101520"
                    },
                    {
                        "size": "small",
                        "url": "https://www.kroger.com/product/images/small/left/0007177101520"
                    },
                    {
                        "size": "thumbnail",
                        "url": "https://www.kroger.com/product/images/thumbnail/left/0007177101520"
                    }
                ]
            }
        ],
        "items": [
            {
                "itemId": "0007177101520",
                "favorite": false,
                "fulfillment": {
                    "curbside": false,
                    "delivery": true,
                    "inStore": true,
                    "shipToHome": false
                },
                "size": "20 lb"
            }
        ],
        "itemInformation": {},
        "temperature": {
            "indicator": "Ambient",
            "heatSensitive": false
        }
    },
    {
        "productId": "0007440111041",
        "upc": "0007440111041",
        "productPageURI": "/p/riceselect-texmati-long-grain-basmati-rice-jar/0007440111041?cid=dis.api.tpi_products-api_20240521_b:all_c:np_t:lookupproduct-243261",
        "aisleLocations": [],
        "brand": "RiceSelect",
        "categories": [
            "Pasta, Sauces, Grain"
        ],
        "description": "RiceSelect Texmati Long Grain Basmati Rice Jar",
        "images": [
            {
                "perspective": "left",
                "sizes": [
                    {
                        "size": "xlarge",
                        "url": "https://www.kroger.com/product/images/xlarge/left/0007440111041"
                    },
                    {
                        "size": "large",
                        "url": "https://www.kroger.com/product/images/large/left/0007440111041"
                    },
                    {
                        "size": "medium",
                        "url": "https://www.kroger.com/product/images/medium/left/0007440111041"
                    },
                    {
                        "size": "small",
                        "url": "https://www.kroger.com/product/images/small/left/0007440111041"
                    },
                    {
                        "size": "thumbnail",
                        "url": "https://www.kroger.com/product/images/thumbnail/left/0007440111041"
                    }
                ]
            },
            {
                "perspective": "front",
                "featured": true,
                "sizes": [
                    {
                        "size": "xlarge",
                        "url": "https://www.kroger.com/product/images/xlarge/front/0007440111041"
                    },
                    {
                        "size": "large",
                        "url": "https://www.kroger.com/product/images/large/front/0007440111041"
                    },
                    {
                        "size": "medium",
                        "url": "https://www.kroger.com/product/images/medium/front/0007440111041"
                    },
                    {
                        "size": "small",
                        "url": "https://www.kroger.com/product/images/small/front/0007440111041"
                    },
                    {
                        "size": "thumbnail",
                        "url": "https://www.kroger.com/product/images/thumbnail/front/0007440111041"
                    }
                ]
            },
            {
                "perspective": "right",
                "sizes": [
                    {
                        "size": "xlarge",
                        "url": "https://www.kroger.com/product/images/xlarge/right/0007440111041"
                    },
                    {
                        "size": "large",
                        "url": "https://www.kroger.com/product/images/large/right/0007440111041"
                    },
                    {
                        "size": "medium",
                        "url": "https://www.kroger.com/product/images/medium/right/0007440111041"
                    },
                    {
                        "size": "small",
                        "url": "https://www.kroger.com/product/images/small/right/0007440111041"
                    },
                    {
                        "size": "thumbnail",
                        "url": "https://www.kroger.com/product/images/thumbnail/right/0007440111041"
                    }
                ]
            }
        ],
        "items": [
            {
                "itemId": "0007440111041",
                "inventory": {
                    "stockLevel": "LOW"
                },
                "favorite": false,
                "fulfillment": {
                    "curbside": true,
                    "delivery": true,
                    "inStore": true,
                    "shipToHome": false
                },
                "price": {
                    "regular": 6.99,
                    "promo": 0
                },
                "size": "32 oz",
                "soldBy": "UNIT"
            }
        ],
        "itemInformation": {},
        "temperature": {
            "indicator": "Ambient",
            "heatSensitive": false
        }
    },
    {
        "productId": "0007341600355",
        "upc": "0007341600355",
        "productPageURI": "/p/lundberg-organic-sprouted-short-brown-rice/0007341600355?cid=dis.api.tpi_products-api_20240521_b:all_c:np_t:lookupproduct-243261",
        "aisleLocations": [],
        "brand": "Lundberg",
        "categories": [
            "Pasta, Sauces, Grain",
            "Natural & Organic"
        ],
        "description": "Lundberg Organic Sprouted Short Brown Rice",
        "images": [
            {
                "perspective": "front",
                "featured": true,
                "sizes": [
                    {
                        "size": "xlarge",
                        "url": "https://www.kroger.com/product/images/xlarge/front/0007341600355"
                    },
                    {
                        "size": "large",
                        "url": "https://www.kroger.com/product/images/large/front/0007341600355"
                    },
                    {
                        "size": "medium",
                        "url": "https://www.kroger.com/product/images/medium/front/0007341600355"
                    },
                    {
                        "size": "small",
                        "url": "https://www.kroger.com/product/images/small/front/0007341600355"
                    },
                    {
                        "size": "thumbnail",
                        "url": "https://www.kroger.com/product/images/thumbnail/front/0007341600355"
                    }
                ]
            }
        ],
        "items": [
            {
                "itemId": "0007341600355",
                "favorite": false,
                "fulfillment": {
                    "curbside": true,
                    "delivery": true,
                    "inStore": true,
                    "shipToHome": false
                },
                "price": {
                    "regular": 5.79,
                    "promo": 0
                },
                "size": "16 oz",
                "soldBy": "UNIT"
            }
        ],
        "itemInformation": {},
        "temperature": {
            "indicator": "Ambient",
            "heatSensitive": false
        }
    },
    {
        "productId": "0085000003900",
        "upc": "0085000003900",
        "productPageURI": "/p/rightrice-original-vegetable-based-rice/0085000003900?cid=dis.api.tpi_products-api_20240521_b:all_c:np_t:lookupproduct-243261",
        "aisleLocations": [],
        "brand": "RightRice",
        "categories": [
            "Pasta, Sauces, Grain",
            "Natural & Organic"
        ],
        "description": "RightRice Original Vegetable Based Rice",
        "images": [
            {
                "perspective": "front",
                "featured": true,
                "sizes": [
                    {
                        "size": "xlarge",
                        "url": "https://www.kroger.com/product/images/xlarge/front/0085000003900"
                    },
                    {
                        "size": "large",
                        "url": "https://www.kroger.com/product/images/large/front/0085000003900"
                    },
                    {
                        "size": "medium",
                        "url": "https://www.kroger.com/product/images/medium/front/0085000003900"
                    },
                    {
                        "size": "small",
                        "url": "https://www.kroger.com/product/images/small/front/0085000003900"
                    },
                    {
                        "size": "thumbnail",
                        "url": "https://www.kroger.com/product/images/thumbnail/front/0085000003900"
                    }
                ]
            }
        ],
        "items": [
            {
                "itemId": "0085000003900",
                "inventory": {
                    "stockLevel": "HIGH"
                },
                "favorite": false,
                "fulfillment": {
                    "curbside": false,
                    "delivery": false,
                    "inStore": false,
                    "shipToHome": false
                },
                "size": "7 oz"
            }
        ],
        "itemInformation": {},
        "temperature": {
            "indicator": "Ambient",
            "heatSensitive": false
        }
    },
    {
        "productId": "0085000003902",
        "upc": "0085000003902",
        "productPageURI": "/p/rightrice-lemon-pepper-vegetable-based-rice/0085000003902?cid=dis.api.tpi_products-api_20240521_b:all_c:np_t:lookupproduct-243261",
        "aisleLocations": [],
        "brand": "RightRice",
        "categories": [
            "Pasta, Sauces, Grain",
            "Natural & Organic"
        ],
        "description": "RightRice Lemon Pepper Vegetable Based Rice",
        "images": [
            {
                "perspective": "front",
                "featured": true,
                "sizes": [
                    {
                        "size": "xlarge",
                        "url": "https://www.kroger.com/product/images/xlarge/front/0085000003902"
                    },
                    {
                        "size": "large",
                        "url": "https://www.kroger.com/product/images/large/front/0085000003902"
                    },
                    {
                        "size": "medium",
                        "url": "https://www.kroger.com/product/images/medium/front/0085000003902"
                    },
                    {
                        "size": "small",
                        "url": "https://www.kroger.com/product/images/small/front/0085000003902"
                    },
                    {
                        "size": "thumbnail",
                        "url": "https://www.kroger.com/product/images/thumbnail/front/0085000003902"
                    }
                ]
            }
        ],
        "items": [
            {
                "itemId": "0085000003902",
                "favorite": false,
                "fulfillment": {
                    "curbside": false,
                    "delivery": false,
                    "inStore": false,
                    "shipToHome": false
                },
                "price": {
                    "regular": 4.49,
                    "promo": 0
                },
                "size": "7 oz",
                "soldBy": "UNIT"
            }
        ],
        "itemInformation": {},
        "temperature": {
            "indicator": "Ambient",
            "heatSensitive": false
        }
    },
    {
        "productId": "0085000003901",
        "upc": "0085000003901",
        "productPageURI": "/p/rightrice-spanish-vegetable-based-rice/0085000003901?cid=dis.api.tpi_products-api_20240521_b:all_c:np_t:lookupproduct-243261",
        "aisleLocations": [],
        "brand": "RightRice",
        "categories": [
            "Pasta, Sauces, Grain",
            "Natural & Organic"
        ],
        "description": "RightRice Spanish Vegetable Based Rice",
        "images": [
            {
                "perspective": "left",
                "sizes": [
                    {
                        "size": "xlarge",
                        "url": "https://www.kroger.com/product/images/xlarge/left/0085000003901"
                    },
                    {
                        "size": "large",
                        "url": "https://www.kroger.com/product/images/large/left/0085000003901"
                    },
                    {
                        "size": "medium",
                        "url": "https://www.kroger.com/product/images/medium/left/0085000003901"
                    },
                    {
                        "size": "small",
                        "url": "https://www.kroger.com/product/images/small/left/0085000003901"
                    },
                    {
                        "size": "thumbnail",
                        "url": "https://www.kroger.com/product/images/thumbnail/left/0085000003901"
                    }
                ]
            },
            {
                "perspective": "right",
                "sizes": [
                    {
                        "size": "xlarge",
                        "url": "https://www.kroger.com/product/images/xlarge/right/0085000003901"
                    },
                    {
                        "size": "large",
                        "url": "https://www.kroger.com/product/images/large/right/0085000003901"
                    },
                    {
                        "size": "medium",
                        "url": "https://www.kroger.com/product/images/medium/right/0085000003901"
                    },
                    {
                        "size": "small",
                        "url": "https://www.kroger.com/product/images/small/right/0085000003901"
                    },
                    {
                        "size": "thumbnail",
                        "url": "https://www.kroger.com/product/images/thumbnail/right/0085000003901"
                    }
                ]
            },
            {
                "perspective": "front",
                "featured": true,
                "sizes": [
                    {
                        "size": "xlarge",
                        "url": "https://www.kroger.com/product/images/xlarge/front/0085000003901"
                    },
                    {
                        "size": "large",
                        "url": "https://www.kroger.com/product/images/large/front/0085000003901"
                    },
                    {
                        "size": "medium",
                        "url": "https://www.kroger.com/product/images/medium/front/0085000003901"
                    },
                    {
                        "size": "small",
                        "url": "https://www.kroger.com/product/images/small/front/0085000003901"
                    },
                    {
                        "size": "thumbnail",
                        "url": "https://www.kroger.com/product/images/thumbnail/front/0085000003901"
                    }
                ]
            }
        ],
        "items": [
            {
                "itemId": "0085000003901",
                "favorite": false,
                "fulfillment": {
                    "curbside": false,
                    "delivery": false,
                    "inStore": false,
                    "shipToHome": false
                },
                "size": "7 oz"
            }
        ],
        "itemInformation": {},
        "temperature": {
            "indicator": "Ambient",
            "heatSensitive": false
        }
    },
    {
        "productId": "0085000003904",
        "upc": "0085000003904",
        "productPageURI": "/p/rightrice-garlic-herb-rice/0085000003904?cid=dis.api.tpi_products-api_20240521_b:all_c:np_t:lookupproduct-243261",
        "aisleLocations": [],
        "brand": "RightRice",
        "categories": [
            "Natural & Organic",
            "Pasta, Sauces, Grain"
        ],
        "countryOrigin": "UNITED STATES",
        "description": "RightRice Garlic Herb Rice",
        "images": [
            {
                "perspective": "front",
                "featured": true,
                "sizes": [
                    {
                        "size": "xlarge",
                        "url": "https://www.kroger.com/product/images/xlarge/front/0085000003904"
                    },
                    {
                        "size": "large",
                        "url": "https://www.kroger.com/product/images/large/front/0085000003904"
                    },
                    {
                        "size": "medium",
                        "url": "https://www.kroger.com/product/images/medium/front/0085000003904"
                    },
                    {
                        "size": "small",
                        "url": "https://www.kroger.com/product/images/small/front/0085000003904"
                    },
                    {
                        "size": "thumbnail",
                        "url": "https://www.kroger.com/product/images/thumbnail/front/0085000003904"
                    }
                ]
            }
        ],
        "items": [
            {
                "itemId": "0085000003904",
                "favorite": false,
                "fulfillment": {
                    "curbside": false,
                    "delivery": false,
                    "inStore": false,
                    "shipToHome": false
                },
                "price": {
                    "regular": 4.49,
                    "promo": 0
                },
                "size": "7 oz",
                "soldBy": "UNIT"
            }
        ],
        "itemInformation": {},
        "temperature": {
            "indicator": "Ambient",
            "heatSensitive": false
        }
    },
    {
        "productId": "0003520005512",
        "upc": "0003520005512",
        "productPageURI": "/p/riceland-extra-long-grain-white-rice/0003520005512?cid=dis.api.tpi_products-api_20240521_b:all_c:np_t:lookupproduct-243261",
        "aisleLocations": [
            {
                "description": "GROCERY",
                "number": "0"
            }
        ],
        "brand": "Riceland",
        "categories": [
            "Pasta, Sauces, Grain"
        ],
        "description": "Riceland Extra Long Grain White Rice",
        "images": [
            {
                "perspective": "left",
                "sizes": [
                    {
                        "size": "large",
                        "url": "https://www.kroger.com/product/images/large/left/0003520005512"
                    },
                    {
                        "size": "medium",
                        "url": "https://www.kroger.com/product/images/medium/left/0003520005512"
                    },
                    {
                        "size": "small",
                        "url": "https://www.kroger.com/product/images/small/left/0003520005512"
                    },
                    {
                        "size": "thumbnail",
                        "url": "https://www.kroger.com/product/images/thumbnail/left/0003520005512"
                    }
                ]
            },
            {
                "perspective": "front",
                "featured": true,
                "sizes": [
                    {
                        "size": "large",
                        "url": "https://www.kroger.com/product/images/large/front/0003520005512"
                    },
                    {
                        "size": "medium",
                        "url": "https://www.kroger.com/product/images/medium/front/0003520005512"
                    },
                    {
                        "size": "small",
                        "url": "https://www.kroger.com/product/images/small/front/0003520005512"
                    },
                    {
                        "size": "thumbnail",
                        "url": "https://www.kroger.com/product/images/thumbnail/front/0003520005512"
                    }
                ]
            },
            {
                "perspective": "back",
                "sizes": [
                    {
                        "size": "large",
                        "url": "https://www.kroger.com/product/images/large/back/0003520005512"
                    },
                    {
                        "size": "medium",
                        "url": "https://www.kroger.com/product/images/medium/back/0003520005512"
                    },
                    {
                        "size": "small",
                        "url": "https://www.kroger.com/product/images/small/back/0003520005512"
                    },
                    {
                        "size": "thumbnail",
                        "url": "https://www.kroger.com/product/images/thumbnail/back/0003520005512"
                    }
                ]
            }
        ],
        "items": [
            {
                "itemId": "0003520005512",
                "inventory": {
                    "stockLevel": "HIGH"
                },
                "favorite": false,
                "fulfillment": {
                    "curbside": true,
                    "delivery": true,
                    "inStore": true,
                    "shipToHome": false
                },
                "price": {
                    "regular": 2.29,
                    "promo": 0
                },
                "size": "2 lb",
                "soldBy": "UNIT"
            }
        ],
        "itemInformation": {
            "depth": "1.62",
            "height": "4.94",
            "width": "9.53"
        },
        "temperature": {
            "indicator": "Ambient",
            "heatSensitive": false
        }
    },
    {
        "productId": "0003520005515",
        "upc": "0003520005515",
        "productPageURI": "/p/riceland-extra-long-grain-rice/0003520005515?cid=dis.api.tpi_products-api_20240521_b:all_c:np_t:lookupproduct-243261",
        "aisleLocations": [
            {
                "description": "GROCERY",
                "number": "0"
            }
        ],
        "brand": "Riceland",
        "categories": [
            "Pasta, Sauces, Grain"
        ],
        "description": "Riceland Extra Long Grain Rice",
        "images": [
            {
                "perspective": "front",
                "featured": true,
                "sizes": [
                    {
                        "size": "xlarge",
                        "url": "https://www.kroger.com/product/images/xlarge/front/0003520005515"
                    },
                    {
                        "size": "large",
                        "url": "https://www.kroger.com/product/images/large/front/0003520005515"
                    },
                    {
                        "size": "medium",
                        "url": "https://www.kroger.com/product/images/medium/front/0003520005515"
                    },
                    {
                        "size": "small",
                        "url": "https://www.kroger.com/product/images/small/front/0003520005515"
                    },
                    {
                        "size": "thumbnail",
                        "url": "https://www.kroger.com/product/images/thumbnail/front/0003520005515"
                    }
                ]
            }
        ],
        "items": [
            {
                "itemId": "0003520005515",
                "inventory": {
                    "stockLevel": "HIGH"
                },
                "favorite": false,
                "fulfillment": {
                    "curbside": true,
                    "delivery": true,
                    "inStore": true,
                    "shipToHome": false
                },
                "price": {
                    "regular": 4.19,
                    "promo": 0
                },
                "size": "5 lb",
                "soldBy": "UNIT"
            }
        ],
        "itemInformation": {
            "depth": "2.71",
            "height": "5.91",
            "width": "12.81"
        },
        "temperature": {
            "indicator": "Ambient",
            "heatSensitive": false
        }
    },
    {
        "productId": "0004100002263",
        "upc": "0004100002263",
        "productPageURI": "/p/knorr-rice-sides-chicken-flavor-broccoli-rice-and-pasta-blend/0004100002263?cid=dis.api.tpi_products-api_20240521_b:all_c:np_t:lookupproduct-243261",
        "aisleLocations": [
            {
                "description": "GROCERY",
                "number": "0"
            }
        ],
        "brand": "Knorr",
        "categories": [
            "Canned & Packaged",
            "Pasta, Sauces, Grain"
        ],
        "description": "Knorr Rice Sides Chicken Flavor Broccoli Rice and Pasta Blend",
        "images": [
            {
                "perspective": "right",
                "sizes": [
                    {
                        "size": "xlarge",
                        "url": "https://www.kroger.com/product/images/xlarge/right/0004100002263"
                    },
                    {
                        "size": "large",
                        "url": "https://www.kroger.com/product/images/large/right/0004100002263"
                    },
                    {
                        "size": "medium",
                        "url": "https://www.kroger.com/product/images/medium/right/0004100002263"
                    },
                    {
                        "size": "small",
                        "url": "https://www.kroger.com/product/images/small/right/0004100002263"
                    },
                    {
                        "size": "thumbnail",
                        "url": "https://www.kroger.com/product/images/thumbnail/right/0004100002263"
                    }
                ]
            },
            {
                "perspective": "front",
                "featured": true,
                "sizes": [
                    {
                        "size": "xlarge",
                        "url": "https://www.kroger.com/product/images/xlarge/front/0004100002263"
                    },
                    {
                        "size": "large",
                        "url": "https://www.kroger.com/product/images/large/front/0004100002263"
                    },
                    {
                        "size": "medium",
                        "url": "https://www.kroger.com/product/images/medium/front/0004100002263"
                    },
                    {
                        "size": "small",
                        "url": "https://www.kroger.com/product/images/small/front/0004100002263"
                    },
                    {
                        "size": "thumbnail",
                        "url": "https://www.kroger.com/product/images/thumbnail/front/0004100002263"
                    }
                ]
            }
        ],
        "items": [
            {
                "itemId": "0004100002263",
                "inventory": {
                    "stockLevel": "HIGH"
                },
                "favorite": false,
                "fulfillment": {
                    "curbside": true,
                    "delivery": true,
                    "inStore": true,
                    "shipToHome": false
                },
                "price": {
                    "regular": 1.33,
                    "promo": 0
                },
                "size": "5.5 oz",
                "soldBy": "UNIT"
            }
        ],
        "itemInformation": {},
        "temperature": {
            "indicator": "Ambient",
            "heatSensitive": false
        }
    },
    {
        "productId": "0005480002001",
        "upc": "0005480002001",
        "productPageURI": "/p/uncle-ben-s-flavored-grains-original-recipe-long-grain-wild-rice/0005480002001?cid=dis.api.tpi_products-api_20240521_b:all_c:np_t:lookupproduct-243261",
        "aisleLocations": [],
        "brand": "Uncle Ben's",
        "categories": [
            "Pasta, Sauces, Grain"
        ],
        "description": "Uncle Ben's Flavored Grains Original Recipe Long Grain & Wild Rice",
        "images": [
            {
                "perspective": "left",
                "sizes": [
                    {
                        "size": "xlarge",
                        "url": "https://www.kroger.com/product/images/xlarge/left/0005480002001"
                    },
                    {
                        "size": "large",
                        "url": "https://www.kroger.com/product/images/large/left/0005480002001"
                    },
                    {
                        "size": "medium",
                        "url": "https://www.kroger.com/product/images/medium/left/0005480002001"
                    },
                    {
                        "size": "small",
                        "url": "https://www.kroger.com/product/images/small/left/0005480002001"
                    },
                    {
                        "size": "thumbnail",
                        "url": "https://www.kroger.com/product/images/thumbnail/left/0005480002001"
                    }
                ]
            },
            {
                "perspective": "front",
                "featured": true,
                "sizes": [
                    {
                        "size": "xlarge",
                        "url": "https://www.kroger.com/product/images/xlarge/front/0005480002001"
                    },
                    {
                        "size": "large",
                        "url": "https://www.kroger.com/product/images/large/front/0005480002001"
                    },
                    {
                        "size": "medium",
                        "url": "https://www.kroger.com/product/images/medium/front/0005480002001"
                    },
                    {
                        "size": "small",
                        "url": "https://www.kroger.com/product/images/small/front/0005480002001"
                    },
                    {
                        "size": "thumbnail",
                        "url": "https://www.kroger.com/product/images/thumbnail/front/0005480002001"
                    }
                ]
            }
        ],
        "items": [
            {
                "itemId": "0005480002001",
                "inventory": {
                    "stockLevel": "HIGH"
                },
                "favorite": false,
                "fulfillment": {
                    "curbside": false,
                    "delivery": true,
                    "inStore": true,
                    "shipToHome": false
                },
                "price": {
                    "regular": 2.99,
                    "promo": 0
                },
                "size": "6 oz",
                "soldBy": "UNIT"
            }
        ],
        "itemInformation": {},
        "temperature": {
            "indicator": "Ambient",
            "heatSensitive": false
        }
    },
    {
        "productId": "0074840428813",
        "upc": "0074840428813",
        "productPageURI": "/p/seeds-of-change-organic-seven-whole-grains-rice/0074840428813?cid=dis.api.tpi_products-api_20240521_b:all_c:np_t:lookupproduct-243261",
        "aisleLocations": [],
        "brand": "Seeds of Change",
        "categories": [
            "Natural & Organic",
            "Pasta, Sauces, Grain"
        ],
        "description": "Seeds of Change Organic Seven Whole Grains Rice",
        "images": [
            {
                "perspective": "left",
                "sizes": [
                    {
                        "size": "xlarge",
                        "url": "https://www.kroger.com/product/images/xlarge/left/0074840428813"
                    },
                    {
                        "size": "large",
                        "url": "https://www.kroger.com/product/images/large/left/0074840428813"
                    },
                    {
                        "size": "medium",
                        "url": "https://www.kroger.com/product/images/medium/left/0074840428813"
                    },
                    {
                        "size": "small",
                        "url": "https://www.kroger.com/product/images/small/left/0074840428813"
                    },
                    {
                        "size": "thumbnail",
                        "url": "https://www.kroger.com/product/images/thumbnail/left/0074840428813"
                    }
                ]
            },
            {
                "perspective": "front",
                "featured": true,
                "sizes": [
                    {
                        "size": "xlarge",
                        "url": "https://www.kroger.com/product/images/xlarge/front/0074840428813"
                    },
                    {
                        "size": "large",
                        "url": "https://www.kroger.com/product/images/large/front/0074840428813"
                    },
                    {
                        "size": "medium",
                        "url": "https://www.kroger.com/product/images/medium/front/0074840428813"
                    },
                    {
                        "size": "small",
                        "url": "https://www.kroger.com/product/images/small/front/0074840428813"
                    },
                    {
                        "size": "thumbnail",
                        "url": "https://www.kroger.com/product/images/thumbnail/front/0074840428813"
                    }
                ]
            }
        ],
        "items": [
            {
                "itemId": "0074840428813",
                "favorite": false,
                "fulfillment": {
                    "curbside": true,
                    "delivery": true,
                    "inStore": true,
                    "shipToHome": false
                },
                "price": {
                    "regular": 3.49,
                    "promo": 0
                },
                "size": "12 oz",
                "soldBy": "UNIT"
            }
        ],
        "itemInformation": {},
        "temperature": {
            "indicator": "Ambient",
            "heatSensitive": false
        }
    },
    {
        "productId": "0075710701128",
        "upc": "0075710701128",
        "productPageURI": "/p/veetee-dine-in-long-grain-rice/0075710701128?cid=dis.api.tpi_products-api_20240521_b:all_c:np_t:lookupproduct-243261",
        "aisleLocations": [],
        "brand": "Veetee",
        "categories": [
            "Pasta, Sauces, Grain"
        ],
        "description": "Veetee Dine-In Long Grain Rice",
        "images": [
            {
                "perspective": "front",
                "featured": true,
                "sizes": [
                    {
                        "size": "xlarge",
                        "url": "https://www.kroger.com/product/images/xlarge/front/0075710701128"
                    },
                    {
                        "size": "large",
                        "url": "https://www.kroger.com/product/images/large/front/0075710701128"
                    },
                    {
                        "size": "medium",
                        "url": "https://www.kroger.com/product/images/medium/front/0075710701128"
                    },
                    {
                        "size": "small",
                        "url": "https://www.kroger.com/product/images/small/front/0075710701128"
                    },
                    {
                        "size": "thumbnail",
                        "url": "https://www.kroger.com/product/images/thumbnail/front/0075710701128"
                    }
                ]
            }
        ],
        "items": [
            {
                "itemId": "0075710701128",
                "inventory": {
                    "stockLevel": "HIGH"
                },
                "favorite": false,
                "fulfillment": {
                    "curbside": false,
                    "delivery": true,
                    "inStore": true,
                    "shipToHome": false
                },
                "price": {
                    "regular": 2.79,
                    "promo": 0
                },
                "size": "10.6 oz",
                "soldBy": "UNIT"
            }
        ],
        "itemInformation": {},
        "temperature": {
            "indicator": "Ambient",
            "heatSensitive": false
        }
    },
    {
        "productId": "0001740022309",
        "upc": "0001740022309",
        "productPageURI": "/p/mahatma-short-grain-rice/0001740022309?cid=dis.api.tpi_products-api_20240521_b:all_c:np_t:lookupproduct-243261",
        "aisleLocations": [],
        "brand": "Mahatma",
        "categories": [
            "Pasta, Sauces, Grain"
        ],
        "description": "Mahatma Short Grain Rice",
        "images": [
            {
                "perspective": "back",
                "sizes": [
                    {
                        "size": "xlarge",
                        "url": "https://www.kroger.com/product/images/xlarge/back/0001740022309"
                    },
                    {
                        "size": "large",
                        "url": "https://www.kroger.com/product/images/large/back/0001740022309"
                    },
                    {
                        "size": "medium",
                        "url": "https://www.kroger.com/product/images/medium/back/0001740022309"
                    },
                    {
                        "size": "small",
                        "url": "https://www.kroger.com/product/images/small/back/0001740022309"
                    },
                    {
                        "size": "thumbnail",
                        "url": "https://www.kroger.com/product/images/thumbnail/back/0001740022309"
                    }
                ]
            },
            {
                "perspective": "front",
                "featured": true,
                "sizes": [
                    {
                        "size": "xlarge",
                        "url": "https://www.kroger.com/product/images/xlarge/front/0001740022309"
                    },
                    {
                        "size": "large",
                        "url": "https://www.kroger.com/product/images/large/front/0001740022309"
                    },
                    {
                        "size": "medium",
                        "url": "https://www.kroger.com/product/images/medium/front/0001740022309"
                    },
                    {
                        "size": "small",
                        "url": "https://www.kroger.com/product/images/small/front/0001740022309"
                    },
                    {
                        "size": "thumbnail",
                        "url": "https://www.kroger.com/product/images/thumbnail/front/0001740022309"
                    }
                ]
            },
            {
                "perspective": "right",
                "sizes": [
                    {
                        "size": "xlarge",
                        "url": "https://www.kroger.com/product/images/xlarge/right/0001740022309"
                    },
                    {
                        "size": "large",
                        "url": "https://www.kroger.com/product/images/large/right/0001740022309"
                    },
                    {
                        "size": "medium",
                        "url": "https://www.kroger.com/product/images/medium/right/0001740022309"
                    },
                    {
                        "size": "small",
                        "url": "https://www.kroger.com/product/images/small/right/0001740022309"
                    },
                    {
                        "size": "thumbnail",
                        "url": "https://www.kroger.com/product/images/thumbnail/right/0001740022309"
                    }
                ]
            },
            {
                "perspective": "left",
                "sizes": [
                    {
                        "size": "xlarge",
                        "url": "https://www.kroger.com/product/images/xlarge/left/0001740022309"
                    },
                    {
                        "size": "large",
                        "url": "https://www.kroger.com/product/images/large/left/0001740022309"
                    },
                    {
                        "size": "medium",
                        "url": "https://www.kroger.com/product/images/medium/left/0001740022309"
                    },
                    {
                        "size": "small",
                        "url": "https://www.kroger.com/product/images/small/left/0001740022309"
                    },
                    {
                        "size": "thumbnail",
                        "url": "https://www.kroger.com/product/images/thumbnail/left/0001740022309"
                    }
                ]
            }
        ],
        "items": [
            {
                "itemId": "0001740022309",
                "inventory": {
                    "stockLevel": "HIGH"
                },
                "favorite": false,
                "fulfillment": {
                    "curbside": false,
                    "delivery": false,
                    "inStore": false,
                    "shipToHome": false
                },
                "size": "1 lb"
            }
        ],
        "itemInformation": {},
        "temperature": {
            "indicator": "Ambient",
            "heatSensitive": false
        }
    }
]