[
    {
        "productId": "0007124929175",
        "upc": "0007124929175",
        "productPageURI": "/p/l-oreal-feria-shimmering-v48-violet-vixen-hair-dye-kit/0007124929175?cid=dis.api.tpi_products-api_20240521_b:all_c:np_t:lookupproduct-243261",
        "aisleLocations": [],
        "brand": "L'Oreal Paris",
        "categories": [
            "Personal Care",
            "Beauty"
        ],
        "description": "L'Oreal Feria Shimmering V48 Violet Vixen Hair Dye Kit",
        "images": [
            {
                "perspective": "front",
                "featured": true,
                "sizes": [
                    {
                        "size": "xlarge",
                        "url": "https://www.kroger.com/product/images/xlarge/front/0007124929175"
                    },
                    {
                        "size": "large",
                        "url": "https://www.kroger.com/product/images/large/front/0007124929175"
                    },
                    {
                        "size": "medium",
                        "url": "https://www.kroger.com/product/images/medium/front/0007124929175"
                    },
                    {
                        "size": "small",
                        "url": "https://www.kroger.com/product/images/small/front/0007124929175"
                    },
                    {
                        "size": "thumbnail",
                        "url": "https://www.kroger.com/product/images/thumbnail/front/0007124929175"
                    }
                ]
            },
            {
                "perspective": "right",
                "sizes": [
                    {
                        "size": "xlarge",
                        "url": "https://www.kroger.com/product/images/xlarge/right/0007124929175"
                    },
                    {
                        "size": "large",
                        "url": "https://www.kroger.com/product/images/large/right/0007124929175"
                    },
                    {
                        "size": "medium",
                        "url": "https://www.kroger.com/product/images/medium/right/0007124929175"
                    },
                    {
                        "size": "small",
                        "url": "https://www.kroger.com/product/images/small/right/0007124929175"
                    },
                    {
                        "size": "thumbnail",
                        "url": "https://www.kroger.com/product/images/thumbnail/right/0007124929175"
                    }
                ]
            },
            {
                "perspective": "top",
                "sizes": [
                    {
                        "size": "xlarge",
                        "url": "https://www.kroger.com/product/images/xlarge/top/0007124929175"
                    },
                    {
                        "size": "large",
                        "url": "https://www.kroger.com/product/images/large/top/0007124929175"
                    },
                    {
                        "size": "medium",
                        "url": "https://www.kroger.com/product/images/medium/top/0007124929175"
                    },
                    {
                        "size": "small",
                        "url": "https://www.kroger.com/product/images/small/top/0007124929175"
                    },
                    {
                        "size": "thumbnail",
                        "url": "https://www.kroger.com/product/images/thumbnail/top/0007124929175"
                    }
                ]
            },
            {
                "perspective": "left",
                "sizes": [
                    {
                        "size": "xlarge",
                        "url": "https://www.kroger.com/product/images/xlarge/left/0007124929175"
                    },
                    {
                        "size": "large",
                        "url": "https://www.kroger.com/product/images/large/left/0007124929175"
                    },
                    {
                        "size": "medium",
                        "url": "https://www.kroger.com/product/images/medium/left/0007124929175"
                    },
                    {
                        "size": "small",
                        "url": "https://www.kroger.com/product/images/small/left/0007124929175"
                    },
                    {
                        "size": "thumbnail",
                        "url": "https://www.kroger.com/product/images/thumbnail/left/0007124929175"
                    }
                ]
            }
        ],
        "items": [
            {
                "itemId": "0007124929175",
                "favorite": false,
                "fulfillment": {
                    "curbside": true,
                    "delivery": true,
                    "inStore": true,
                    "shipToHome": false
                },
                "size": "1 ct"
            }
        ],
        "itemInformation": {},
        "temperature": {
            "indicator": "Ambient",
            "heatSensitive": false
        }
    },
    {
        "productId": "0004319420063",
        "upc": "0004319420063",
        "productPageURI": "/p/scunci-single-layer-space-dye-wide-with-sewn-keeper-headwrap-colors-may-vary/0004319420063?cid=dis.api.tpi_products-api_20240521_b:all_c:np_t:lookupproduct-243261",
        "aisleLocations": [],
        "brand": "Scunci",
        "categories": [
            "Beauty",
            "Personal Care"
        ],
        "description": "Scunci Single Layer Space Dye Wide with Sewn Keeper Headwrap - Colors May Vary",
        "images": [
            {
                "perspective": "front",
                "featured": true,
                "sizes": [
                    {
                        "size": "xlarge",
                        "url": "https://www.kroger.com/product/images/xlarge/front/0004319420063"
                    },
                    {
                        "size": "large",
                        "url": "https://www.kroger.com/product/images/large/front/0004319420063"
                    },
                    {
                        "size": "medium",
                        "url": "https://www.kroger.com/product/images/medium/front/0004319420063"
                    },
                    {
                        "size": "small",
                        "url": "https://www.kroger.com/product/images/small/front/0004319420063"
                    },
                    {
                        "size": "thumbnail",
                        "url": "https://www.kroger.com/product/images/thumbnail/front/0004319420063"
                    }
                ]
            }
        ],
        "items": [
            {
                "itemId": "0004319420063",
                "inventory": {
                    "stockLevel": "HIGH"
                },
                "favorite": false,
                "fulfillment": {
                    "curbside": true,
                    "delivery": true,
                    "inStore": true,
                    "shipToHome": false
                },
                "price": {
                    "regular": 6.99,
                    "promo": 0
                },
                "size": "1",
                "soldBy": "UNIT"
            }
        ],
        "itemInformation": {},
        "temperature": {
            "indicator": "Ambient",
            "heatSensitive": false
        }
    }
]