[
    {
        "productId": "0007152410405",
        "upc": "0007152410405",
        "productPageURI": "/p/la-preferida-spanish-rice-with-bell-peppers-onions/0007152410405?cid=dis.api.tpi_products-api_20240521_b:all_c:np_t:lookupproduct-243261",
        "aisleLocations": [],
        "brand": "La Preferida",
        "categories": [
            "International",
            "Pasta, Sauces, Grain"
        ],
        "description": "La Preferida Spanish Rice with Bell Peppers & Onions",
        "images": [
            {
                "perspective": "left",
                "sizes": [
                    {
                        "size": "large",
                        "url": "https://www.kroger.com/product/images/large/left/0007152410405"
                    },
                    {
                        "size": "medium",
                        "url": "https://www.kroger.com/product/images/medium/left/0007152410405"
                    },
                    {
                        "size": "small",
                        "url": "https://www.kroger.com/product/images/small/left/0007152410405"
                    },
                    {
                        "size": "thumbnail",
                        "url": "https://www.kroger.com/product/images/thumbnail/left/0007152410405"
                    }
                ]
            },
            {
                "perspective": "back",
                "sizes": [
                    {
                        "size": "large",
                        "url": "https://www.kroger.com/product/images/large/back/0007152410405"
                    },
                    {
                        "size": "medium",
                        "url": "https://www.kroger.com/product/images/medium/back/0007152410405"
                    },
                    {
                        "size": "small",
                        "url": "https://www.kroger.com/product/images/small/back/0007152410405"
                    },
                    {
                        "size": "thumbnail",
                        "url": "https://www.kroger.com/product/images/thumbnail/back/0007152410405"
                    }
                ]
            },
            {
                "perspective": "front",
                "featured": true,
                "sizes": [
                    {
                        "size": "large",
                        "url": "https://www.kroger.com/product/images/large/front/0007152410405"
                    },
                    {
                        "size": "medium",
                        "url": "https://www.kroger.com/product/images/medium/front/0007152410405"
                    },
                    {
                        "size": "small",
                        "url": "https://www.kroger.com/product/images/small/front/0007152410405"
                    },
                    {
                        "size": "thumbnail",
                        "url": "https://www.kroger.com/product/images/thumbnail/front/0007152410405"
                    }
                ]
            }
        ],
        "items": [
            {
                "itemId": "0007152410405",
                "favorite": false,
                "fulfillment": {
                    "curbside": false,
                    "delivery": false,
                    "inStore": false,
                    "shipToHome": false
                },
                "size": "15 oz"
            }
        ],
        "itemInformation": {},
        "temperature": {
            "indicator": "Ambient",
            "heatSensitive": false
        }
    },
    {
        "productId": "0009733900004",
        "upc": "0009733900004",
        "productPageURI": "/p/valentina-extra-hot-mexican-sauce/0009733900004?cid=dis.api.tpi_products-api_20240521_b:all_c:np_t:lookupproduct-243261",
        "aisleLocations": [],
        "brand": "Valentina",
        "categories": [
            "Condiment & Sauces",
            "International"
        ],
        "description": "Valentina Extra Hot Mexican Sauce",
        "images": [
            {
                "perspective": "back",
                "sizes": [
                    {
                        "size": "xlarge",
                        "url": "https://www.kroger.com/product/images/xlarge/back/0009733900004"
                    },
                    {
                        "size": "large",
                        "url": "https://www.kroger.com/product/images/large/back/0009733900004"
                    },
                    {
                        "size": "medium",
                        "url": "https://www.kroger.com/product/images/medium/back/0009733900004"
                    },
                    {
                        "size": "small",
                        "url": "https://www.kroger.com/product/images/small/back/0009733900004"
                    },
                    {
                        "size": "thumbnail",
                        "url": "https://www.kroger.com/product/images/thumbnail/back/0009733900004"
                    }
                ]
            },
            {
                "perspective": "front",
                "featured": true,
                "sizes": [
                    {
                        "size": "xlarge",
                        "url": "https://www.kroger.com/product/images/xlarge/front/0009733900004"
                    },
                    {
                        "size": "large",
                        "url": "https://www.kroger.com/product/images/large/front/0009733900004"
                    },
                    {
                        "size": "medium",
                        "url": "https://www.kroger.com/product/images/medium/front/0009733900004"
                    },
                    {
                        "size": "small",
                        "url": "https://www.kroger.com/product/images/small/front/0009733900004"
                    },
                    {
                        "size": "thumbnail",
                        "url": "https://www.kroger.com/product/images/thumbnail/front/0009733900004"
                    }
                ]
            },
            {
                "perspective": "top",
                "sizes": [
                    {
                        "size": "xlarge",
                        "url": "https://www.kroger.com/product/images/xlarge/top/0009733900004"
                    },
                    {
                        "size": "large",
                        "url": "https://www.kroger.com/product/images/large/top/0009733900004"
                    },
                    {
                        "size": "medium",
                        "url": "https://www.kroger.com/product/images/medium/top/0009733900004"
                    },
                    {
                        "size": "small",
                        "url": "https://www.kroger.com/product/images/small/top/0009733900004"
                    },
                    {
                        "size": "thumbnail",
                        "url": "https://www.kroger.com/product/images/thumbnail/top/0009733900004"
                    }
                ]
            },
            {
                "perspective": "left",
                "sizes": [
                    {
                        "size": "xlarge",
                        "url": "https://www.kroger.com/product/images/xlarge/left/0009733900004"
                    },
                    {
                        "size": "large",
                        "url": "https://www.kroger.com/product/images/large/left/0009733900004"
                    },
                    {
                        "size": "medium",
                        "url": "https://www.kroger.com/product/images/medium/left/0009733900004"
                    },
                    {
                        "size": "small",
                        "url": "https://www.kroger.com/product/images/small/left/0009733900004"
                    },
                    {
                        "size": "thumbnail",
                        "url": "https://www.kroger.com/product/images/thumbnail/left/0009733900004"
                    }
                ]
            }
        ],
        "items": [
            {
                "itemId": "0009733900004",
                "inventory": {
                    "stockLevel": "HIGH"
                },
                "favorite": false,
                "fulfillment": {
                    "curbside": true,
                    "delivery": true,
                    "inStore": true,
                    "shipToHome": false
                },
                "price": {
                    "regular": 3.69,
                    "promo": 0
                },
                "size": "34 fl oz",
                "soldBy": "UNIT"
            }
        ],
        "itemInformation": {},
        "temperature": {
            "indicator": "Ambient",
            "heatSensitive": false
        }
    },
    {
        "productId": "0009733900005",
        "upc": "0009733900005",
        "productPageURI": "/p/valentina-mexican-hot-sauce/0009733900005?cid=dis.api.tpi_products-api_20240521_b:all_c:np_t:lookupproduct-243261",
        "aisleLocations": [
            {
                "description": "GROCERY",
                "number": "0"
            }
        ],
        "brand": "Valentina",
        "categories": [
            "International",
            "Condiment & Sauces"
        ],
        "description": "Valentina Mexican Hot Sauce",
        "images": [
            {
                "perspective": "back",
                "sizes": [
                    {
                        "size": "xlarge",
                        "url": "https://www.kroger.com/product/images/xlarge/back/0009733900005"
                    },
                    {
                        "size": "large",
                        "url": "https://www.kroger.com/product/images/large/back/0009733900005"
                    },
                    {
                        "size": "medium",
                        "url": "https://www.kroger.com/product/images/medium/back/0009733900005"
                    },
                    {
                        "size": "small",
                        "url": "https://www.kroger.com/product/images/small/back/0009733900005"
                    },
                    {
                        "size": "thumbnail",
                        "url": "https://www.kroger.com/product/images/thumbnail/back/0009733900005"
                    }
                ]
            },
            {
                "perspective": "front",
                "featured": true,
                "sizes": [
                    {
                        "size": "xlarge",
                        "url": "https://www.kroger.com/product/images/xlarge/front/0009733900005"
                    },
                    {
                        "size": "large",
                        "url": "https://www.kroger.com/product/images/large/front/0009733900005"
                    },
                    {
                        "size": "medium",
                        "url": "https://www.kroger.com/product/images/medium/front/0009733900005"
                    },
                    {
                        "size": "small",
                        "url": "https://www.kroger.com/product/images/small/front/0009733900005"
                    },
                    {
                        "size": "thumbnail",
                        "url": "https://www.kroger.com/product/images/thumbnail/front/0009733900005"
                    }
                ]
            },
            {
                "perspective": "left",
                "sizes": [
                    {
                        "size": "xlarge",
                        "url": "https://www.kroger.com/product/images/xlarge/left/0009733900005"
                    },
                    {
                        "size": "large",
                        "url": "https://www.kroger.com/product/images/large/left/0009733900005"
                    },
                    {
                        "size": "medium",
                        "url": "https://www.kroger.com/product/images/medium/left/0009733900005"
                    },
                    {
                        "size": "small",
                        "url": "https://www.kroger.com/product/images/small/left/0009733900005"
                    },
                    {
                        "size": "thumbnail",
                        "url": "https://www.kroger.com/product/images/thumbnail/left/0009733900005"
                    }
                ]
            },
            {
                "perspective": "top",
                "sizes": [
                    {
                        "size": "xlarge",
                        "url": "https://www.kroger.com/product/images/xlarge/top/0009733900005"
                    },
                    {
                        "size": "large",
                        "url": "https://www.kroger.com/product/images/large/top/0009733900005"
                    },
                    {
                        "size": "medium",
                        "url": "https://www.kroger.com/product/images/medium/top/0009733900005"
                    },
                    {
                        "size": "small",
                        "url": "https://www.kroger.com/product/images/small/top/0009733900005"
                    },
                    {
                        "size": "thumbnail",
                        "url": "https://www.kroger.com/product/images/thumbnail/top/0009733900005"
                    }
                ]
            }
        ],
        "items": [
            {
                "itemId": "0009733900005",
                "inventory": {
                    "stockLevel": "HIGH"
                },
                "favorite": false,
                "fulfillment": {
                    "curbside": true,
                    "delivery": true,
                    "inStore": true,
                    "shipToHome": false
                },
                "price": {
                    "regular": 1.79,
                    "promo": 0
                },
                "size": "12.5 fl oz",
                "soldBy": "UNIT"
            }
        ],
        "itemInformation": {},
        "temperature": {
            "indicator": "Ambient",
            "heatSensitive": false
        }
    },
    {
        "productId": "0009733900006",
        "upc": "0009733900006",
        "productPageURI": "/p/valentina-black-hot-mexican-sauce/0009733900006?cid=dis.api.tpi_products-api_20240521_b:all_c:np_t:lookupproduct-243261",
        "aisleLocations": [],
        "brand": "Valentina",
        "categories": [
            "Condiment & Sauces",
            "International"
        ],
        "description": "Valentina Black Hot Mexican Sauce",
        "images": [
            {
                "perspective": "left",
                "sizes": [
                    {
                        "size": "large",
                        "url": "https://www.kroger.com/product/images/large/left/0009733900006"
                    },
                    {
                        "size": "medium",
                        "url": "https://www.kroger.com/product/images/medium/left/0009733900006"
                    },
                    {
                        "size": "small",
                        "url": "https://www.kroger.com/product/images/small/left/0009733900006"
                    },
                    {
                        "size": "thumbnail",
                        "url": "https://www.kroger.com/product/images/thumbnail/left/0009733900006"
                    }
                ]
            },
            {
                "perspective": "front",
                "featured": true,
                "sizes": [
                    {
                        "size": "medium",
                        "url": "https://www.kroger.com/product/images/medium/front/0009733900006"
                    },
                    {
                        "size": "small",
                        "url": "https://www.kroger.com/product/images/small/front/0009733900006"
                    },
                    {
                        "size": "thumbnail",
                        "url": "https://www.kroger.com/product/images/thumbnail/front/0009733900006"
                    }
                ]
            }
        ],
        "items": [
            {
                "itemId": "0009733900006",
                "inventory": {
                    "stockLevel": "HIGH"
                },
                "favorite": false,
                "fulfillment": {
                    "curbside": true,
                    "delivery": true,
                    "inStore": true,
                    "shipToHome": false
                },
                "price": {
                    "regular": 1.79,
                    "promo": 0
                },
                "size": "12.5 fl oz",
                "soldBy": "UNIT"
            }
        ],
        "itemInformation": {},
        "temperature": {
            "indicator": "Ambient",
            "heatSensitive": false
        }
    },
    {
        "productId": "0007456240110",
        "upc": "0007456240110",
        "productPageURI": "/p/cacique-queso-fresco/0007456240110?cid=dis.api.tpi_products-api_20240521_b:all_c:np_t:lookupproduct-243261",
        "aisleLocations": [
            {
                "bayNumber": "4",
                "description": "AISLE 22",
                "number": "22",
                "numberOfFacings": "2",
                "side": "L",
                "shelfNumber": "4",
                "shelfPositionInBay": "2"
            }
        ],
        "brand": "Cacique",
        "categories": [
            "International"
        ],
        "description": "Cacique Queso Fresco",
        "images": [
            {
                "perspective": "front",
                "featured": true,
                "sizes": [
                    {
                        "size": "xlarge",
                        "url": "https://www.kroger.com/product/images/xlarge/front/0007456240110"
                    },
                    {
                        "size": "large",
                        "url": "https://www.kroger.com/product/images/large/front/0007456240110"
                    },
                    {
                        "size": "medium",
                        "url": "https://www.kroger.com/product/images/medium/front/0007456240110"
                    },
                    {
                        "size": "small",
                        "url": "https://www.kroger.com/product/images/small/front/0007456240110"
                    },
                    {
                        "size": "thumbnail",
                        "url": "https://www.kroger.com/product/images/thumbnail/front/0007456240110"
                    }
                ]
            }
        ],
        "items": [
            {
                "itemId": "0007456240110",
                "inventory": {
                    "stockLevel": "HIGH"
                },
                "favorite": false,
                "fulfillment": {
                    "curbside": true,
                    "delivery": true,
                    "inStore": true,
                    "shipToHome": false
                },
                "price": {
                    "regular": 3.99,
                    "promo": 0
                },
                "size": "10 oz",
                "soldBy": "UNIT"
            }
        ],
        "itemInformation": {},
        "temperature": {
            "indicator": "Refrigerated",
            "heatSensitive": false
        }
    },
    {
        "productId": "0007639700212",
        "upc": "0007639700212",
        "productPageURI": "/p/la-costena-sliced-jalapeno-peppers/0007639700212?cid=dis.api.tpi_products-api_20240521_b:all_c:np_t:lookupproduct-243261",
        "aisleLocations": [
            {
                "description": "GROCERY",
                "number": "0"
            }
        ],
        "brand": "La Costena",
        "categories": [
            "International",
            "Canned & Packaged"
        ],
        "description": "La Costena Sliced Jalapeno Peppers",
        "images": [
            {
                "perspective": "left",
                "sizes": [
                    {
                        "size": "xlarge",
                        "url": "https://www.kroger.com/product/images/xlarge/left/0007639700212"
                    },
                    {
                        "size": "large",
                        "url": "https://www.kroger.com/product/images/large/left/0007639700212"
                    },
                    {
                        "size": "medium",
                        "url": "https://www.kroger.com/product/images/medium/left/0007639700212"
                    },
                    {
                        "size": "small",
                        "url": "https://www.kroger.com/product/images/small/left/0007639700212"
                    },
                    {
                        "size": "thumbnail",
                        "url": "https://www.kroger.com/product/images/thumbnail/left/0007639700212"
                    }
                ]
            },
            {
                "perspective": "front",
                "featured": true,
                "sizes": [
                    {
                        "size": "xlarge",
                        "url": "https://www.kroger.com/product/images/xlarge/front/0007639700212"
                    },
                    {
                        "size": "large",
                        "url": "https://www.kroger.com/product/images/large/front/0007639700212"
                    },
                    {
                        "size": "medium",
                        "url": "https://www.kroger.com/product/images/medium/front/0007639700212"
                    },
                    {
                        "size": "small",
                        "url": "https://www.kroger.com/product/images/small/front/0007639700212"
                    },
                    {
                        "size": "thumbnail",
                        "url": "https://www.kroger.com/product/images/thumbnail/front/0007639700212"
                    }
                ]
            },
            {
                "perspective": "back",
                "sizes": [
                    {
                        "size": "xlarge",
                        "url": "https://www.kroger.com/product/images/xlarge/back/0007639700212"
                    },
                    {
                        "size": "large",
                        "url": "https://www.kroger.com/product/images/large/back/0007639700212"
                    },
                    {
                        "size": "medium",
                        "url": "https://www.kroger.com/product/images/medium/back/0007639700212"
                    },
                    {
                        "size": "small",
                        "url": "https://www.kroger.com/product/images/small/back/0007639700212"
                    },
                    {
                        "size": "thumbnail",
                        "url": "https://www.kroger.com/product/images/thumbnail/back/0007639700212"
                    }
                ]
            }
        ],
        "items": [
            {
                "itemId": "0007639700212",
                "inventory": {
                    "stockLevel": "HIGH"
                },
                "favorite": false,
                "fulfillment": {
                    "curbside": true,
                    "delivery": true,
                    "inStore": true,
                    "shipToHome": false
                },
                "price": {
                    "regular": 1.69,
                    "promo": 0
                },
                "size": "12 oz",
                "soldBy": "UNIT"
            }
        ],
        "itemInformation": {},
        "temperature": {
            "indicator": "Ambient",
            "heatSensitive": false
        }
    }
]