[
    {
        "productId": "0085210933163",
        "upc": "0085210933163",
        "productPageURI": "/p/enlightened-keto-collection-dark-chocolate-ice-cream-bar-4-count/0085210933163?cid=dis.api.tpi_products-api_20240521_b:all_c:np_t:lookupproduct-243261",
        "aisleLocations": [],
        "brand": "Enlightened",
        "categories": [
            "Frozen"
        ],
        "description": "Enlightened Keto Collection Dark Chocolate Ice Cream Bar 4 Count",
        "images": [
            {
                "perspective": "front",
                "featured": true,
                "sizes": [
                    {
                        "size": "xlarge",
                        "url": "https://www.kroger.com/product/images/xlarge/front/0085210933163"
                    },
                    {
                        "size": "large",
                        "url": "https://www.kroger.com/product/images/large/front/0085210933163"
                    },
                    {
                        "size": "medium",
                        "url": "https://www.kroger.com/product/images/medium/front/0085210933163"
                    },
                    {
                        "size": "small",
                        "url": "https://www.kroger.com/product/images/small/front/0085210933163"
                    },
                    {
                        "size": "thumbnail",
                        "url": "https://www.kroger.com/product/images/thumbnail/front/0085210933163"
                    }
                ]
            }
        ],
        "items": [
            {
                "itemId": "0085210933163",
                "favorite": false,
                "fulfillment": {
                    "curbside": false,
                    "delivery": false,
                    "inStore": false,
                    "shipToHome": false
                },
                "size": "4 ct / 3.75 fl oz"
            }
        ],
        "itemInformation": {},
        "temperature": {
            "indicator": "Frozen",
            "heatSensitive": false
        }
    },
    {
        "productId": "0085210933175",
        "upc": "0085210933175",
        "productPageURI": "/p/enlightened-peanut-butter-fudge-keto-ice-cream/0085210933175?cid=dis.api.tpi_products-api_20240521_b:all_c:np_t:lookupproduct-243261",
        "aisleLocations": [],
        "brand": "Enlightened",
        "categories": [
            "Frozen",
            "Natural & Organic"
        ],
        "description": "Enlightened Peanut Butter Fudge Keto Ice Cream",
        "images": [
            {
                "perspective": "front",
                "featured": true,
                "sizes": [
                    {
                        "size": "xlarge",
                        "url": "https://www.kroger.com/product/images/xlarge/front/0085210933175"
                    },
                    {
                        "size": "large",
                        "url": "https://www.kroger.com/product/images/large/front/0085210933175"
                    },
                    {
                        "size": "medium",
                        "url": "https://www.kroger.com/product/images/medium/front/0085210933175"
                    },
                    {
                        "size": "small",
                        "url": "https://www.kroger.com/product/images/small/front/0085210933175"
                    },
                    {
                        "size": "thumbnail",
                        "url": "https://www.kroger.com/product/images/thumbnail/front/0085210933175"
                    }
                ]
            }
        ],
        "items": [
            {
                "itemId": "0085210933175",
                "favorite": false,
                "fulfillment": {
                    "curbside": true,
                    "delivery": true,
                    "inStore": true,
                    "shipToHome": false
                },
                "size": "1 pt"
            }
        ],
        "itemInformation": {},
        "temperature": {
            "indicator": "Frozen",
            "heatSensitive": false
        }
    },
    {
        "productId": "0085210933165",
        "upc": "0085210933165",
        "productPageURI": "/p/enlightened-keto-collection-mint-chocolate-chip-ice-cream-bars/0085210933165?cid=dis.api.tpi_products-api_20240521_b:all_c:np_t:lookupproduct-243261",
        "aisleLocations": [],
        "brand": "Enlightened",
        "categories": [
            "Frozen"
        ],
        "description": "Enlightened Keto Collection Mint Chocolate Chip Ice Cream Bars",
        "images": [
            {
                "perspective": "front",
                "featured": true,
                "sizes": [
                    {
                        "size": "xlarge",
                        "url": "https://www.kroger.com/product/images/xlarge/front/0085210933165"
                    },
                    {
                        "size": "large",
                        "url": "https://www.kroger.com/product/images/large/front/0085210933165"
                    },
                    {
                        "size": "medium",
                        "url": "https://www.kroger.com/product/images/medium/front/0085210933165"
                    },
                    {
                        "size": "small",
                        "url": "https://www.kroger.com/product/images/small/front/0085210933165"
                    },
                    {
                        "size": "thumbnail",
                        "url": "https://www.kroger.com/product/images/thumbnail/front/0085210933165"
                    }
                ]
            }
        ],
        "items": [
            {
                "itemId": "0085210933165",
                "favorite": false,
                "fulfillment": {
                    "curbside": false,
                    "delivery": false,
                    "inStore": false,
                    "shipToHome": false
                },
                "size": "4 ct / 3.75 fl oz"
            }
        ],
        "itemInformation": {},
        "temperature": {
            "indicator": "Frozen",
            "heatSensitive": false
        }
    },
    {
        "productId": "0002733103201",
        "upc": "0002733103201",
        "productPageURI": "/p/ol-xtreme-wellness-tomato-basil-flour-tortillas-keto-certified/0002733103201?cid=dis.api.tpi_products-api_20240521_b:all_c:np_t:lookupproduct-243261",
        "aisleLocations": [],
        "brand": "Ole",
        "categories": [
            "Bakery",
            "International"
        ],
        "description": "Ol\u00e9 Xtreme Wellness Tomato & Basil Flour Tortillas, Keto Certified",
        "images": [
            {
                "perspective": "front",
                "featured": true,
                "sizes": [
                    {
                        "size": "xlarge",
                        "url": "https://www.kroger.com/product/images/xlarge/front/0002733103201"
                    },
                    {
                        "size": "large",
                        "url": "https://www.kroger.com/product/images/large/front/0002733103201"
                    },
                    {
                        "size": "medium",
                        "url": "https://www.kroger.com/product/images/medium/front/0002733103201"
                    },
                    {
                        "size": "small",
                        "url": "https://www.kroger.com/product/images/small/front/0002733103201"
                    },
                    {
                        "size": "thumbnail",
                        "url": "https://www.kroger.com/product/images/thumbnail/front/0002733103201"
                    }
                ]
            }
        ],
        "items": [
            {
                "itemId": "0002733103201",
                "favorite": false,
                "fulfillment": {
                    "curbside": true,
                    "delivery": true,
                    "inStore": true,
                    "shipToHome": false
                },
                "price": {
                    "regular": 4.99,
                    "promo": 0
                },
                "size": "8ct",
                "soldBy": "UNIT"
            }
        ],
        "itemInformation": {},
        "temperature": {
            "indicator": "Ambient",
            "heatSensitive": false
        }
    },
    {
        "productId": "0084945500005",
        "upc": "0084945500005",
        "productPageURI": "/p/tumaro-s-sun-dried-tomato-basil-low-carb-flour-tortillas/0084945500005?cid=dis.api.tpi_products-api_20240521_b:all_c:np_t:lookupproduct-243261",
        "aisleLocations": [],
        "brand": "Tumaro's",
        "categories": [
            "International",
            "Bakery"
        ],
        "description": "Tumaro's Sun-Dried Tomato Basil Low Carb Flour Tortillas",
        "images": [
            {
                "perspective": "front",
                "featured": true,
                "sizes": [
                    {
                        "size": "xlarge",
                        "url": "https://www.kroger.com/product/images/xlarge/front/0084945500005"
                    },
                    {
                        "size": "large",
                        "url": "https://www.kroger.com/product/images/large/front/0084945500005"
                    },
                    {
                        "size": "medium",
                        "url": "https://www.kroger.com/product/images/medium/front/0084945500005"
                    },
                    {
                        "size": "small",
                        "url": "https://www.kroger.com/product/images/small/front/0084945500005"
                    },
                    {
                        "size": "thumbnail",
                        "url": "https://www.kroger.com/product/images/thumbnail/front/0084945500005"
                    }
                ]
            }
        ],
        "items": [
            {
                "itemId": "0084945500005",
                "favorite": false,
                "fulfillment": {
                    "curbside": false,
                    "delivery": false,
                    "inStore": false,
                    "shipToHome": false
                },
                "size": "11.2 oz"
            }
        ],
        "itemInformation": {},
        "temperature": {
            "indicator": "Ambient",
            "heatSensitive": false
        }
    },
    {
        "productId": "0085808900382",
        "upc": "0085808900382",
        "productPageURI": "/p/halo-top-keto-chocolate-cheesecake-ice-cream/0085808900382?cid=dis.api.tpi_products-api_20240521_b:all_c:np_t:lookupproduct-243261",
        "aisleLocations": [],
        "brand": "Halo Top",
        "categories": [
            "Frozen"
        ],
        "description": "Halo Top Keto Chocolate Cheesecake Ice Cream",
        "images": [
            {
                "perspective": "left",
                "sizes": [
                    {
                        "size": "xlarge",
                        "url": "https://www.kroger.com/product/images/xlarge/left/0085808900382"
                    },
                    {
                        "size": "large",
                        "url": "https://www.kroger.com/product/images/large/left/0085808900382"
                    },
                    {
                        "size": "medium",
                        "url": "https://www.kroger.com/product/images/medium/left/0085808900382"
                    },
                    {
                        "size": "small",
                        "url": "https://www.kroger.com/product/images/small/left/0085808900382"
                    },
                    {
                        "size": "thumbnail",
                        "url": "https://www.kroger.com/product/images/thumbnail/left/0085808900382"
                    }
                ]
            },
            {
                "perspective": "right",
                "sizes": [
                    {
                        "size": "xlarge",
                        "url": "https://www.kroger.com/product/images/xlarge/right/0085808900382"
                    },
                    {
                        "size": "large",
                        "url": "https://www.kroger.com/product/images/large/right/0085808900382"
                    },
                    {
                        "size": "medium",
                        "url": "https://www.kroger.com/product/images/medium/right/0085808900382"
                    },
                    {
                        "size": "small",
                        "url": "https://www.kroger.com/product/images/small/right/0085808900382"
                    },
                    {
                        "size": "thumbnail",
                        "url": "https://www.kroger.com/product/images/thumbnail/right/0085808900382"
                    }
                ]
            },
            {
                "perspective": "front",
                "featured": true,
                "sizes": [
                    {
                        "size": "xlarge",
                        "url": "https://www.kroger.com/product/images/xlarge/front/0085808900382"
                    },
                    {
                        "size": "large",
                        "url": "https://www.kroger.com/product/images/large/front/0085808900382"
                    },
                    {
                        "size": "medium",
                        "url": "https://www.kroger.com/product/images/medium/front/0085808900382"
                    },
                    {
                        "size": "small",
                        "url": "https://www.kroger.com/product/images/small/front/0085808900382"
                    },
                    {
                        "size": "thumbnail",
                        "url": "https://www.kroger.com/product/images/thumbnail/front/0085808900382"
                    }
                ]
            }
        ],
        "items": [
            {
                "itemId": "0085808900382",
                "inventory": {
                    "stockLevel": "HIGH"
                },
                "favorite": false,
                "fulfillment": {
                    "curbside": false,
                    "delivery": false,
                    "inStore": false,
                    "shipToHome": false
                },
                "price": {
                    "regular": 6.49,
                    "promo": 0
                },
                "size": "16 oz",
                "soldBy": "UNIT"
            }
        ],
        "itemInformation": {},
        "temperature": {
            "indicator": "Frozen",
            "heatSensitive": false
        }
    }
]