[
    {
        "productId": "0004436501673",
        "upc": "0004436501673",
        "productPageURI": "/p/suncast-pcs2417-small-animal-air-or-car-travel-pet-carrier-w-food-water-tray/0004436501673?cid=dis.api.tpi_products-api_20240521_b:all_c:np_t:lookupproduct-243261",
        "aisleLocations": [],
        "categories": [
            "Pet Care",
            "Pet Care"
        ],
        "description": "Suncast PCS2417 Small Animal Air or Car Travel Pet Carrier w/ Food & Water Tray",
        "images": [
            {
                "perspective": "front",
                "featured": true,
                "sizes": [
                    {
                        "size": "xlarge",
                        "url": "https://www.kroger.com/product/images/xlarge/front/0004436501673"
                    },
                    {
                        "size": "large",
                        "url": "https://www.kroger.com/product/images/large/front/0004436501673"
                    },
                    {
                        "size": "medium",
                        "url": "https://www.kroger.com/product/images/medium/front/0004436501673"
                    },
                    {
                        "size": "small",
                        "url": "https://www.kroger.com/product/images/small/front/0004436501673"
                    },
                    {
                        "size": "thumbnail",
                        "url": "https://www.kroger.com/product/images/thumbnail/front/0004436501673"
                    }
                ]
            }
        ],
        "items": [
            {
                "itemId": "0004436501673",
                "favorite": false,
                "fulfillment": {
                    "curbside": false,
                    "delivery": false,
                    "inStore": false,
                    "shipToHome": false
                },
                "size": "1"
            }
        ],
        "itemInformation": {},
        "temperature": {
            "indicator": "Ambient",
            "heatSensitive": false
        }
    },
    {
        "productId": "0003907905887",
        "upc": "0003907905887",
        "productPageURI": "/p/adams-flea-tick-home-spray/0003907905887?cid=dis.api.tpi_products-api_20240521_b:all_c:np_t:lookupproduct-243261",
        "aisleLocations": [
            {
                "bayNumber": "6",
                "description": "AISLE 13",
                "number": "13",
                "numberOfFacings": "1",
                "side": "L",
                "shelfNumber": "7",
                "shelfPositionInBay": "9"
            }
        ],
        "brand": "Adams",
        "categories": [
            "Pet Care"
        ],
        "description": "Adams Flea & Tick Home Spray",
        "images": [
            {
                "perspective": "front",
                "featured": true,
                "sizes": [
                    {
                        "size": "xlarge",
                        "url": "https://www.kroger.com/product/images/xlarge/front/0003907905887"
                    },
                    {
                        "size": "large",
                        "url": "https://www.kroger.com/product/images/large/front/0003907905887"
                    },
                    {
                        "size": "medium",
                        "url": "https://www.kroger.com/product/images/medium/front/0003907905887"
                    },
                    {
                        "size": "small",
                        "url": "https://www.kroger.com/product/images/small/front/0003907905887"
                    },
                    {
                        "size": "thumbnail",
                        "url": "https://www.kroger.com/product/images/thumbnail/front/0003907905887"
                    }
                ]
            }
        ],
        "items": [
            {
                "itemId": "0003907905887",
                "inventory": {
                    "stockLevel": "LOW"
                },
                "favorite": false,
                "fulfillment": {
                    "curbside": true,
                    "delivery": true,
                    "inStore": true,
                    "shipToHome": false
                },
                "price": {
                    "regular": 19.99,
                    "promo": 0
                },
                "size": "24 fl oz",
                "soldBy": "UNIT"
            }
        ],
        "itemInformation": {
            "depth": "4.0",
            "height": "9.0",
            "width": "4.0"
        },
        "temperature": {
            "indicator": "Ambient",
            "heatSensitive": false
        }
    },
    {
        "productId": "0007309105160",
        "upc": "0007309105160",
        "productPageURI": "/p/pet-armor-advanced-cats-flea-treatment/0007309105160?cid=dis.api.tpi_products-api_20240521_b:all_c:np_t:lookupproduct-243261",
        "aisleLocations": [],
        "brand": "Pet Armor",
        "categories": [
            "Pet Care"
        ],
        "description": "Pet Armor Advanced Cats Flea Treatment",
        "images": [
            {
                "perspective": "front",
                "featured": true,
                "sizes": [
                    {
                        "size": "xlarge",
                        "url": "https://www.kroger.com/product/images/xlarge/front/0007309105160"
                    },
                    {
                        "size": "large",
                        "url": "https://www.kroger.com/product/images/large/front/0007309105160"
                    },
                    {
                        "size": "medium",
                        "url": "https://www.kroger.com/product/images/medium/front/0007309105160"
                    },
                    {
                        "size": "small",
                        "url": "https://www.kroger.com/product/images/small/front/0007309105160"
                    },
                    {
                        "size": "thumbnail",
                        "url": "https://www.kroger.com/product/images/thumbnail/front/0007309105160"
                    }
                ]
            }
        ],
        "items": [
            {
                "itemId": "0007309105160",
                "favorite": false,
                "fulfillment": {
                    "curbside": true,
                    "delivery": true,
                    "inStore": true,
                    "shipToHome": false
                },
                "price": {
                    "regular": 25.19,
                    "promo": 0
                },
                "size": "3 ct",
                "soldBy": "UNIT"
            }
        ],
        "itemInformation": {},
        "temperature": {
            "indicator": "Ambient",
            "heatSensitive": false
        }
    },
    {
        "productId": "0074688941834",
        "upc": "0074688941834",
        "productPageURI": "/p/lupine-inc-50in-x-8in-12in-adjustable-dapper-dog-design-collar-for-small-dogs-pu/0074688941834?cid=dis.api.tpi_products-api_20240521_b:all_c:np_t:lookupproduct-243261",
        "aisleLocations": [],
        "categories": [
            "Pet Care"
        ],
        "description": "Lupine Inc .50in. X 8in.-12in. Adjustable Dapper Dog Design Collar For Small Dogs & Pu",
        "images": [
            {
                "perspective": "front",
                "featured": true,
                "sizes": [
                    {
                        "size": "xlarge",
                        "url": "https://www.kroger.com/product/images/xlarge/front/0074688941834"
                    },
                    {
                        "size": "large",
                        "url": "https://www.kroger.com/product/images/large/front/0074688941834"
                    },
                    {
                        "size": "medium",
                        "url": "https://www.kroger.com/product/images/medium/front/0074688941834"
                    },
                    {
                        "size": "small",
                        "url": "https://www.kroger.com/product/images/small/front/0074688941834"
                    },
                    {
                        "size": "thumbnail",
                        "url": "https://www.kroger.com/product/images/thumbnail/front/0074688941834"
                    }
                ]
            }
        ],
        "items": [
            {
                "itemId": "0074688941834",
                "favorite": false,
                "fulfillment": {
                    "curbside": false,
                    "delivery": false,
                    "inStore": false,
                    "shipToHome": false
                },
                "size": "1"
            }
        ],
        "itemInformation": {},
        "temperature": {
            "indicator": "Ambient",
            "heatSensitive": false
        }
    },
    {
        "productId": "0001111080442",
        "upc": "0001111080442",
        "productPageURI": "/p/pet-pride-camo-print-adjustable-small-dog-collar/0001111080442?cid=dis.api.tpi_products-api_20240521_b:all_c:np_t:lookupproduct-243261",
        "aisleLocations": [],
        "brand": "Pet Pride",
        "categories": [
            "Pet Care"
        ],
        "description": "Pet Pride\u2122 Camo Print Adjustable Small Dog Collar",
        "images": [
            {
                "perspective": "front",
                "featured": true,
                "sizes": [
                    {
                        "size": "xlarge",
                        "url": "https://www.kroger.com/product/images/xlarge/front/0001111080442"
                    },
                    {
                        "size": "large",
                        "url": "https://www.kroger.com/product/images/large/front/0001111080442"
                    },
                    {
                        "size": "medium",
                        "url": "https://www.kroger.com/product/images/medium/front/0001111080442"
                    },
                    {
                        "size": "small",
                        "url": "https://www.kroger.com/product/images/small/front/0001111080442"
                    },
                    {
                        "size": "thumbnail",
                        "url": "https://www.kroger.com/product/images/thumbnail/front/0001111080442"
                    }
                ]
            },
            {
                "perspective": "back",
                "sizes": [
                    {
                        "size": "xlarge",
                        "url": "https://www.kroger.com/product/images/xlarge/back/0001111080442"
                    },
                    {
                        "size": "large",
                        "url": "https://www.kroger.com/product/images/large/back/0001111080442"
                    },
                    {
                        "size": "medium",
                        "url": "https://www.kroger.com/product/images/medium/back/0001111080442"
                    },
                    {
                        "size": "small",
                        "url": "https://www.kroger.com/product/images/small/back/0001111080442"
                    },
                    {
                        "size": "thumbnail",
                        "url": "https://www.kroger.com/product/images/thumbnail/back/0001111080442"
                    }
                ]
            }
        ],
        "items": [
            {
                "itemId": "0001111080442",
                "favorite": false,
                "fulfillment": {
                    "curbside": true,
                    "delivery": true,
                    "inStore": true,
                    "shipToHome": false
                },
                "price": {
                    "regular": 2.79,
                    "promo": 0
                },
                "size": "1 ct",
                "soldBy": "UNIT"
            }
        ],
        "itemInformation": {},
        "temperature": {
            "indicator": "Ambient",
            "heatSensitive": false
        }
    },
    {
        "productId": "0001111084973",
        "upc": "0001111084973",
        "productPageURI": "/p/pet-pride-adjustable-reflective-small-dog-collar/0001111084973?cid=dis.api.tpi_products-api_20240521_b:all_c:np_t:lookupproduct-243261",
        "aisleLocations": [],
        "brand": "Pet Pride",
        "categories": [
            "Pet Care"
        ],
        "description": "Pet Pride\u2122 Adjustable Reflective Small Dog Collar",
        "images": [
            {
                "perspective": "front",
                "featured": true,
                "sizes": [
                    {
                        "size": "xlarge",
                        "url": "https://www.kroger.com/product/images/xlarge/front/0001111084973"
                    },
                    {
                        "size": "large",
                        "url": "https://www.kroger.com/product/images/large/front/0001111084973"
                    },
                    {
                        "size": "medium",
                        "url": "https://www.kroger.com/product/images/medium/front/0001111084973"
                    },
                    {
                        "size": "small",
                        "url": "https://www.kroger.com/product/images/small/front/0001111084973"
                    },
                    {
                        "size": "thumbnail",
                        "url": "https://www.kroger.com/product/images/thumbnail/front/0001111084973"
                    }
                ]
            }
        ],
        "items": [
            {
                "itemId": "0001111084973",
                "favorite": false,
                "fulfillment": {
                    "curbside": true,
                    "delivery": true,
                    "inStore": true,
                    "shipToHome": false
                },
                "price": {
                    "regular": 3.79,
                    "promo": 0
                },
                "size": "1 ct",
                "soldBy": "UNIT"
            }
        ],
        "itemInformation": {},
        "temperature": {
            "indicator": "Ambient",
            "heatSensitive": false
        }
    },
    {
        "productId": "0001111084978",
        "upc": "0001111084978",
        "productPageURI": "/p/pet-pride-medium-dog-leash/0001111084978?cid=dis.api.tpi_products-api_20240521_b:all_c:np_t:lookupproduct-243261",
        "aisleLocations": [
            {
                "bayNumber": "3",
                "description": "AISLE 13",
                "number": "13",
                "numberOfFacings": "1",
                "side": "L",
                "shelfNumber": "5",
                "shelfPositionInBay": "16"
            }
        ],
        "brand": "Pet Pride",
        "categories": [
            "Pet Care"
        ],
        "description": "Pet Pride\u2122 Medium Dog Leash",
        "images": [
            {
                "perspective": "front",
                "featured": true,
                "sizes": [
                    {
                        "size": "large",
                        "url": "https://www.kroger.com/product/images/large/front/0001111084978"
                    },
                    {
                        "size": "medium",
                        "url": "https://www.kroger.com/product/images/medium/front/0001111084978"
                    },
                    {
                        "size": "small",
                        "url": "https://www.kroger.com/product/images/small/front/0001111084978"
                    },
                    {
                        "size": "thumbnail",
                        "url": "https://www.kroger.com/product/images/thumbnail/front/0001111084978"
                    }
                ]
            }
        ],
        "items": [
            {
                "itemId": "0001111084978",
                "favorite": false,
                "fulfillment": {
                    "curbside": false,
                    "delivery": false,
                    "inStore": false,
                    "shipToHome": false
                },
                "price": {
                    "regular": 5.99,
                    "promo": 0
                },
                "size": "1 ct",
                "soldBy": "UNIT"
            }
        ],
        "itemInformation": {
            "depth": "1.25",
            "height": "9.0",
            "width": "1.62"
        },
        "temperature": {
            "indicator": "Ambient",
            "heatSensitive": false
        }
    },
    {
        "productId": "0007309102831",
        "upc": "0007309102831",
        "productPageURI": "/p/pet-armor-flea-tick-small-dog-collars/0007309102831?cid=dis.api.tpi_products-api_20240521_b:all_c:np_t:lookupproduct-243261",
        "aisleLocations": [],
        "brand": "Pet Armor",
        "categories": [
            "Pet Care"
        ],
        "description": "Pet Armor Flea & Tick Small Dog Collars",
        "images": [
            {
                "perspective": "front",
                "featured": true,
                "sizes": [
                    {
                        "size": "xlarge",
                        "url": "https://www.kroger.com/product/images/xlarge/front/0007309102831"
                    },
                    {
                        "size": "large",
                        "url": "https://www.kroger.com/product/images/large/front/0007309102831"
                    },
                    {
                        "size": "medium",
                        "url": "https://www.kroger.com/product/images/medium/front/0007309102831"
                    },
                    {
                        "size": "small",
                        "url": "https://www.kroger.com/product/images/small/front/0007309102831"
                    },
                    {
                        "size": "thumbnail",
                        "url": "https://www.kroger.com/product/images/thumbnail/front/0007309102831"
                    }
                ]
            }
        ],
        "items": [
            {
                "itemId": "0007309102831",
                "favorite": false,
                "fulfillment": {
                    "curbside": true,
                    "delivery": true,
                    "inStore": true,
                    "shipToHome": false
                },
                "price": {
                    "regular": 32.99,
                    "promo": 0
                },
                "size": "3 ct",
                "soldBy": "UNIT"
            }
        ],
        "itemInformation": {},
        "temperature": {
            "indicator": "Ambient",
            "heatSensitive": false
        }
    },
    {
        "productId": "0001111085163",
        "upc": "0001111085163",
        "productPageURI": "/p/pet-pride-adjustable-safety-cat-collar/0001111085163?cid=dis.api.tpi_products-api_20240521_b:all_c:np_t:lookupproduct-243261",
        "aisleLocations": [
            {
                "bayNumber": "3",
                "description": "AISLE 13",
                "number": "13",
                "numberOfFacings": "1",
                "side": "L",
                "shelfNumber": "5",
                "shelfPositionInBay": "10"
            },
            {
                "bayNumber": "999",
                "description": "SHELF EXTENDER PROGRAM",
                "number": "997",
                "numberOfFacings": "1",
                "side": "L",
                "shelfNumber": "8",
                "shelfPositionInBay": "8"
            }
        ],
        "brand": "Pet Pride",
        "categories": [
            "Pet Care"
        ],
        "countryOrigin": "CHINA",
        "description": "Pet Pride\u2122 Adjustable Safety Cat Collar",
        "images": [
            {
                "perspective": "front",
                "featured": true,
                "sizes": [
                    {
                        "size": "large",
                        "url": "https://www.kroger.com/product/images/large/front/0001111085163"
                    },
                    {
                        "size": "medium",
                        "url": "https://www.kroger.com/product/images/medium/front/0001111085163"
                    },
                    {
                        "size": "small",
                        "url": "https://www.kroger.com/product/images/small/front/0001111085163"
                    },
                    {
                        "size": "thumbnail",
                        "url": "https://www.kroger.com/product/images/thumbnail/front/0001111085163"
                    }
                ]
            }
        ],
        "items": [
            {
                "itemId": "0001111085163",
                "favorite": false,
                "fulfillment": {
                    "curbside": true,
                    "delivery": true,
                    "inStore": true,
                    "shipToHome": false
                },
                "price": {
                    "regular": 3.99,
                    "promo": 0
                },
                "size": "1 ct",
                "soldBy": "UNIT"
            }
        ],
        "itemInformation": {
            "depth": "0.5",
            "height": "8.0",
            "width": "1.62"
        },
        "temperature": {
            "indicator": "Ambient",
            "heatSensitive": false
        }
    },
    {
        "productId": "0001111089277",
        "upc": "0001111089277",
        "productPageURI": "/p/pet-pride-medium-harness-dog-collar/0001111089277?cid=dis.api.tpi_products-api_20240521_b:all_c:np_t:lookupproduct-243261",
        "aisleLocations": [
            {
                "bayNumber": "3",
                "description": "AISLE 13",
                "number": "13",
                "numberOfFacings": "1",
                "side": "L",
                "shelfNumber": "5",
                "shelfPositionInBay": "11"
            }
        ],
        "brand": "Pet Pride",
        "categories": [
            "Pet Care"
        ],
        "description": "Pet Pride\u2122 Medium Harness Dog Collar",
        "images": [
            {
                "perspective": "front",
                "featured": true,
                "sizes": [
                    {
                        "size": "large",
                        "url": "https://www.kroger.com/product/images/large/front/0001111089277"
                    },
                    {
                        "size": "medium",
                        "url": "https://www.kroger.com/product/images/medium/front/0001111089277"
                    },
                    {
                        "size": "small",
                        "url": "https://www.kroger.com/product/images/small/front/0001111089277"
                    },
                    {
                        "size": "thumbnail",
                        "url": "https://www.kroger.com/product/images/thumbnail/front/0001111089277"
                    }
                ]
            }
        ],
        "items": [
            {
                "itemId": "0001111089277",
                "favorite": false,
                "fulfillment": {
                    "curbside": false,
                    "delivery": false,
                    "inStore": false,
                    "shipToHome": false
                },
                "price": {
                    "regular": 7.49,
                    "promo": 0
                },
                "size": "1 ct",
                "soldBy": "UNIT"
            }
        ],
        "itemInformation": {
            "depth": "1.62",
            "height": "7.0",
            "width": "1.62"
        },
        "temperature": {
            "indicator": "Ambient",
            "heatSensitive": false
        }
    },
    {
        "productId": "0070653290220",
        "upc": "0070653290220",
        "productPageURI": "/p/pet-select-tie-out-cable/0070653290220?cid=dis.api.tpi_products-api_20240521_b:all_c:np_t:lookupproduct-243261",
        "aisleLocations": [
            {
                "bayNumber": "3",
                "description": "AISLE 13",
                "number": "13",
                "numberOfFacings": "1",
                "side": "L",
                "shelfNumber": "5",
                "shelfPositionInBay": "22"
            }
        ],
        "brand": "Pet Select",
        "categories": [
            "Pet Care"
        ],
        "description": "Pet Select Tie-Out Cable",
        "images": [
            {
                "perspective": "front",
                "featured": true,
                "sizes": [
                    {
                        "size": "xlarge",
                        "url": "https://www.kroger.com/product/images/xlarge/front/0070653290220"
                    },
                    {
                        "size": "large",
                        "url": "https://www.kroger.com/product/images/large/front/0070653290220"
                    },
                    {
                        "size": "medium",
                        "url": "https://www.kroger.com/product/images/medium/front/0070653290220"
                    },
                    {
                        "size": "small",
                        "url": "https://www.kroger.com/product/images/small/front/0070653290220"
                    },
                    {
                        "size": "thumbnail",
                        "url": "https://www.kroger.com/product/images/thumbnail/front/0070653290220"
                    }
                ]
            }
        ],
        "items": [
            {
                "itemId": "0070653290220",
                "inventory": {
                    "stockLevel": "LOW"
                },
                "favorite": false,
                "fulfillment": {
                    "curbside": false,
                    "delivery": false,
                    "inStore": false,
                    "shipToHome": false
                },
                "price": {
                    "regular": 16.99,
                    "promo": 0
                },
                "size": "20 ft",
                "soldBy": "UNIT"
            }
        ],
        "itemInformation": {
            "depth": "1.38",
            "height": "7.38",
            "width": "6.0"
        },
        "temperature": {
            "indicator": "Ambient",
            "heatSensitive": false
        }
    },
    {
        "productId": "0001111084960",
        "upc": "0001111084960",
        "productPageURI": "/p/pet-pride-adjustable-reflective-dog-collar-size-medium/0001111084960?cid=dis.api.tpi_products-api_20240521_b:all_c:np_t:lookupproduct-243261",
        "aisleLocations": [
            {
                "bayNumber": "3",
                "description": "AISLE 13",
                "number": "13",
                "numberOfFacings": "1",
                "side": "L",
                "shelfNumber": "5",
                "shelfPositionInBay": "13"
            }
        ],
        "brand": "Pet Pride",
        "categories": [
            "Pet Care"
        ],
        "description": "Pet Pride\u2122 Adjustable Reflective Dog Collar Size Medium",
        "images": [
            {
                "perspective": "front",
                "featured": true,
                "sizes": [
                    {
                        "size": "xlarge",
                        "url": "https://www.kroger.com/product/images/xlarge/front/0001111084960"
                    },
                    {
                        "size": "large",
                        "url": "https://www.kroger.com/product/images/large/front/0001111084960"
                    },
                    {
                        "size": "medium",
                        "url": "https://www.kroger.com/product/images/medium/front/0001111084960"
                    },
                    {
                        "size": "small",
                        "url": "https://www.kroger.com/product/images/small/front/0001111084960"
                    },
                    {
                        "size": "thumbnail",
                        "url": "https://www.kroger.com/product/images/thumbnail/front/0001111084960"
                    }
                ]
            }
        ],
        "items": [
            {
                "itemId": "0001111084960",
                "favorite": false,
                "fulfillment": {
                    "curbside": true,
                    "delivery": true,
                    "inStore": true,
                    "shipToHome": false
                },
                "price": {
                    "regular": 4.79,
                    "promo": 0
                },
                "size": "1 ct",
                "soldBy": "UNIT"
            }
        ],
        "itemInformation": {
            "depth": "0.75",
            "height": "9.0",
            "width": "1.62"
        },
        "temperature": {
            "indicator": "Ambient",
            "heatSensitive": false
        }
    },
    {
        "productId": "0001111085034",
        "upc": "0001111085034",
        "productPageURI": "/p/pet-pride-safety-cat-collar/0001111085034?cid=dis.api.tpi_products-api_20240521_b:all_c:np_t:lookupproduct-243261",
        "aisleLocations": [
            {
                "bayNumber": "3",
                "description": "AISLE 13",
                "number": "13",
                "numberOfFacings": "1",
                "side": "L",
                "shelfNumber": "5",
                "shelfPositionInBay": "9"
            }
        ],
        "brand": "Pet Pride",
        "categories": [
            "Pet Care"
        ],
        "description": "Pet Pride\u2122 Safety Cat Collar",
        "images": [
            {
                "perspective": "front",
                "featured": true,
                "sizes": [
                    {
                        "size": "large",
                        "url": "https://www.kroger.com/product/images/large/front/0001111085034"
                    },
                    {
                        "size": "medium",
                        "url": "https://www.kroger.com/product/images/medium/front/0001111085034"
                    },
                    {
                        "size": "small",
                        "url": "https://www.kroger.com/product/images/small/front/0001111085034"
                    },
                    {
                        "size": "thumbnail",
                        "url": "https://www.kroger.com/product/images/thumbnail/front/0001111085034"
                    }
                ]
            }
        ],
        "items": [
            {
                "itemId": "0001111085034",
                "favorite": false,
                "fulfillment": {
                    "curbside": false,
                    "delivery": false,
                    "inStore": false,
                    "shipToHome": false
                },
                "price": {
                    "regular": 6.99,
                    "promo": 0
                },
                "size": "1 ct",
                "soldBy": "UNIT"
            }
        ],
        "itemInformation": {
            "depth": "0.5",
            "height": "8.0",
            "width": "1.62"
        },
        "temperature": {
            "indicator": "Ambient",
            "heatSensitive": false
        }
    },
    {
        "productId": "0001111084980",
        "upc": "0001111084980",
        "productPageURI": "/p/pet-pride-large-dog-leash/0001111084980?cid=dis.api.tpi_products-api_20240521_b:all_c:np_t:lookupproduct-243261",
        "aisleLocations": [],
        "brand": "Pet Pride",
        "categories": [
            "Pet Care"
        ],
        "description": "Pet Pride\u2122 Large Dog Leash",
        "images": [
            {
                "perspective": "front",
                "featured": true,
                "sizes": [
                    {
                        "size": "large",
                        "url": "https://www.kroger.com/product/images/large/front/0001111084980"
                    },
                    {
                        "size": "medium",
                        "url": "https://www.kroger.com/product/images/medium/front/0001111084980"
                    },
                    {
                        "size": "small",
                        "url": "https://www.kroger.com/product/images/small/front/0001111084980"
                    },
                    {
                        "size": "thumbnail",
                        "url": "https://www.kroger.com/product/images/thumbnail/front/0001111084980"
                    }
                ]
            }
        ],
        "items": [
            {
                "itemId": "0001111084980",
                "favorite": false,
                "fulfillment": {
                    "curbside": true,
                    "delivery": true,
                    "inStore": true,
                    "shipToHome": false
                },
                "price": {
                    "regular": 6.99,
                    "promo": 0
                },
                "size": "1 ct",
                "soldBy": "UNIT"
            }
        ],
        "itemInformation": {},
        "temperature": {
            "indicator": "Ambient",
            "heatSensitive": false
        }
    }
]