[
    {
        "productId": "0007143001070",
        "upc": "0007143001070",
        "productPageURI": "/p/dole-butter-bliss-salad-mix/0007143001070?cid=dis.api.tpi_products-api_20240521_b:all_c:np_t:lookupproduct-243261",
        "aisleLocations": [
            {
                "bayNumber": "11",
                "description": "PRODUCE",
                "number": "105",
                "numberOfFacings": "1",
                "side": "R",
                "shelfNumber": "4",
                "shelfPositionInBay": "6"
            }
        ],
        "brand": "Dole",
        "categories": [
            "Entertainment"
        ],
        "description": "Dole Butter Bliss Salad Mix",
        "images": [
            {
                "perspective": "front",
                "featured": true,
                "sizes": [
                    {
                        "size": "xlarge",
                        "url": "https://www.kroger.com/product/images/xlarge/front/0007143001070"
                    },
                    {
                        "size": "large",
                        "url": "https://www.kroger.com/product/images/large/front/0007143001070"
                    },
                    {
                        "size": "medium",
                        "url": "https://www.kroger.com/product/images/medium/front/0007143001070"
                    },
                    {
                        "size": "small",
                        "url": "https://www.kroger.com/product/images/small/front/0007143001070"
                    },
                    {
                        "size": "thumbnail",
                        "url": "https://www.kroger.com/product/images/thumbnail/front/0007143001070"
                    }
                ]
            }
        ],
        "items": [
            {
                "itemId": "0007143001070",
                "inventory": {
                    "stockLevel": "HIGH"
                },
                "favorite": false,
                "fulfillment": {
                    "curbside": true,
                    "delivery": true,
                    "inStore": true,
                    "shipToHome": false
                },
                "price": {
                    "regular": 3.99,
                    "promo": 0
                },
                "size": "6 oz",
                "soldBy": "UNIT"
            }
        ],
        "itemInformation": {},
        "temperature": {
            "indicator": "Refrigerated",
            "heatSensitive": false
        }
    },
    {
        "productId": "0003512751812",
        "upc": "0003512751812",
        "productPageURI": "/p/vintage-white-newspaper-magazine-rack-with-clock/0003512751812?cid=dis.api.tpi_products-api_20240521_b:all_c:np_t:lookupproduct-243261",
        "aisleLocations": [],
        "categories": [
            "Home Decor"
        ],
        "description": "Vintage White Newspaper & Magazine Rack with Clock",
        "images": [
            {
                "perspective": "front",
                "featured": true,
                "sizes": [
                    {
                        "size": "xlarge",
                        "url": "https://www.kroger.com/product/images/xlarge/front/0003512751812"
                    },
                    {
                        "size": "large",
                        "url": "https://www.kroger.com/product/images/large/front/0003512751812"
                    },
                    {
                        "size": "medium",
                        "url": "https://www.kroger.com/product/images/medium/front/0003512751812"
                    },
                    {
                        "size": "small",
                        "url": "https://www.kroger.com/product/images/small/front/0003512751812"
                    },
                    {
                        "size": "thumbnail",
                        "url": "https://www.kroger.com/product/images/thumbnail/front/0003512751812"
                    }
                ]
            }
        ],
        "items": [
            {
                "itemId": "0003512751812",
                "favorite": false,
                "fulfillment": {
                    "curbside": false,
                    "delivery": false,
                    "inStore": false,
                    "shipToHome": false
                },
                "size": "1"
            }
        ],
        "itemInformation": {},
        "temperature": {
            "indicator": "Ambient",
            "heatSensitive": false
        }
    },
    {
        "productId": "0072262600149",
        "upc": "0072262600149",
        "productPageURI": "/p/bcw-magazine-stor-folio/0072262600149?cid=dis.api.tpi_products-api_20240521_b:all_c:np_t:lookupproduct-243261",
        "aisleLocations": [],
        "categories": [
            "Entertainment"
        ],
        "description": "BCW Magazine Stor Folio",
        "images": [
            {
                "perspective": "front",
                "featured": true,
                "sizes": [
                    {
                        "size": "xlarge",
                        "url": "https://www.kroger.com/product/images/xlarge/front/0072262600149"
                    },
                    {
                        "size": "large",
                        "url": "https://www.kroger.com/product/images/large/front/0072262600149"
                    },
                    {
                        "size": "medium",
                        "url": "https://www.kroger.com/product/images/medium/front/0072262600149"
                    },
                    {
                        "size": "small",
                        "url": "https://www.kroger.com/product/images/small/front/0072262600149"
                    },
                    {
                        "size": "thumbnail",
                        "url": "https://www.kroger.com/product/images/thumbnail/front/0072262600149"
                    }
                ]
            }
        ],
        "items": [
            {
                "itemId": "0072262600149",
                "favorite": false,
                "fulfillment": {
                    "curbside": false,
                    "delivery": false,
                    "inStore": false,
                    "shipToHome": false
                },
                "size": "1"
            }
        ],
        "itemInformation": {},
        "temperature": {
            "indicator": "Ambient",
            "heatSensitive": false
        }
    },
    {
        "productId": "0003512751811",
        "upc": "0003512751811",
        "productPageURI": "/p/vintage-black-newspaper-magazine-rack-with-clock/0003512751811?cid=dis.api.tpi_products-api_20240521_b:all_c:np_t:lookupproduct-243261",
        "aisleLocations": [],
        "categories": [
            "Home Decor"
        ],
        "description": "Vintage Black Newspaper & Magazine Rack with Clock",
        "images": [
            {
                "perspective": "front",
                "featured": true,
                "sizes": [
                    {
                        "size": "xlarge",
                        "url": "https://www.kroger.com/product/images/xlarge/front/0003512751811"
                    },
                    {
                        "size": "large",
                        "url": "https://www.kroger.com/product/images/large/front/0003512751811"
                    },
                    {
                        "size": "medium",
                        "url": "https://www.kroger.com/product/images/medium/front/0003512751811"
                    },
                    {
                        "size": "small",
                        "url": "https://www.kroger.com/product/images/small/front/0003512751811"
                    },
                    {
                        "size": "thumbnail",
                        "url": "https://www.kroger.com/product/images/thumbnail/front/0003512751811"
                    }
                ]
            }
        ],
        "items": [
            {
                "itemId": "0003512751811",
                "favorite": false,
                "fulfillment": {
                    "curbside": false,
                    "delivery": false,
                    "inStore": false,
                    "shipToHome": false
                },
                "size": "1"
            }
        ],
        "itemInformation": {},
        "temperature": {
            "indicator": "Ambient",
            "heatSensitive": false
        }
    },
    {
        "productId": "0078735919003",
        "upc": "0078735919003",
        "productPageURI": "/p/fresh-gourmet-parmesan-cheese-crisps/0078735919003?cid=dis.api.tpi_products-api_20240521_b:all_c:np_t:lookupproduct-243261",
        "aisleLocations": [],
        "brand": "Fresh Gourmet",
        "categories": [
            "Entertainment"
        ],
        "description": "Fresh Gourmet Parmesan Cheese Crisps",
        "images": [
            {
                "perspective": "front",
                "featured": true,
                "sizes": [
                    {
                        "size": "xlarge",
                        "url": "https://www.kroger.com/product/images/xlarge/front/0078735919003"
                    },
                    {
                        "size": "large",
                        "url": "https://www.kroger.com/product/images/large/front/0078735919003"
                    },
                    {
                        "size": "medium",
                        "url": "https://www.kroger.com/product/images/medium/front/0078735919003"
                    },
                    {
                        "size": "small",
                        "url": "https://www.kroger.com/product/images/small/front/0078735919003"
                    },
                    {
                        "size": "thumbnail",
                        "url": "https://www.kroger.com/product/images/thumbnail/front/0078735919003"
                    }
                ]
            }
        ],
        "items": [
            {
                "itemId": "0078735919003",
                "favorite": false,
                "fulfillment": {
                    "curbside": false,
                    "delivery": false,
                    "inStore": true,
                    "shipToHome": false
                },
                "size": "1.76 oz"
            }
        ],
        "itemInformation": {},
        "temperature": {
            "indicator": "Ambient",
            "heatSensitive": false
        }
    },
    {
        "productId": "0007098910227",
        "upc": "0007098910227",
        "productPageURI": "/p/people-magazine/0007098910227?cid=dis.api.tpi_products-api_20240521_b:all_c:np_t:lookupproduct-243261",
        "aisleLocations": [],
        "categories": [
            "Entertainment"
        ],
        "description": "People Magazine",
        "images": [
            {
                "perspective": "front",
                "featured": true,
                "sizes": [
                    {
                        "size": "xlarge",
                        "url": "https://www.kroger.com/product/images/xlarge/front/0007098910227"
                    },
                    {
                        "size": "large",
                        "url": "https://www.kroger.com/product/images/large/front/0007098910227"
                    },
                    {
                        "size": "medium",
                        "url": "https://www.kroger.com/product/images/medium/front/0007098910227"
                    },
                    {
                        "size": "small",
                        "url": "https://www.kroger.com/product/images/small/front/0007098910227"
                    },
                    {
                        "size": "thumbnail",
                        "url": "https://www.kroger.com/product/images/thumbnail/front/0007098910227"
                    }
                ]
            }
        ],
        "items": [
            {
                "itemId": "0007098910227",
                "favorite": false,
                "fulfillment": {
                    "curbside": true,
                    "delivery": true,
                    "inStore": true,
                    "shipToHome": false
                },
                "price": {
                    "regular": 5.99,
                    "promo": 0
                },
                "size": "1 ct",
                "soldBy": "UNIT"
            }
        ],
        "itemInformation": {},
        "temperature": {
            "indicator": "Ambient",
            "heatSensitive": false
        }
    },
    {
        "productId": "0065420462345",
        "upc": "0065420462345",
        "productPageURI": "/p/wood-magazine-rack-with-12-pockets-in-medium-oak/0065420462345?cid=dis.api.tpi_products-api_20240521_b:all_c:np_t:lookupproduct-243261",
        "aisleLocations": [],
        "categories": [
            "Garden & Patio"
        ],
        "description": "Wood Magazine Rack with 12 Pockets in Medium Oak",
        "images": [
            {
                "perspective": "front",
                "featured": true,
                "sizes": [
                    {
                        "size": "xlarge",
                        "url": "https://www.kroger.com/product/images/xlarge/front/0065420462345"
                    },
                    {
                        "size": "large",
                        "url": "https://www.kroger.com/product/images/large/front/0065420462345"
                    },
                    {
                        "size": "medium",
                        "url": "https://www.kroger.com/product/images/medium/front/0065420462345"
                    },
                    {
                        "size": "small",
                        "url": "https://www.kroger.com/product/images/small/front/0065420462345"
                    },
                    {
                        "size": "thumbnail",
                        "url": "https://www.kroger.com/product/images/thumbnail/front/0065420462345"
                    }
                ]
            }
        ],
        "items": [
            {
                "itemId": "0065420462345",
                "favorite": false,
                "fulfillment": {
                    "curbside": false,
                    "delivery": false,
                    "inStore": false,
                    "shipToHome": false
                },
                "size": "1"
            }
        ],
        "itemInformation": {},
        "temperature": {
            "indicator": "Ambient",
            "heatSensitive": false
        }
    },
    {
        "productId": "0007100701442",
        "upc": "0007100701442",
        "productPageURI": "/p/el-monterey-beef-cheese-burritos-8-count/0007100701442?cid=dis.api.tpi_products-api_20240521_b:all_c:np_t:lookupproduct-243261",
        "aisleLocations": [],
        "brand": "El Monterey",
        "categories": [
            "Entertainment"
        ],
        "description": "El Monterey Beef & Cheese Burritos 8 Count",
        "images": [
            {
                "perspective": "front",
                "featured": true,
                "sizes": [
                    {
                        "size": "xlarge",
                        "url": "https://www.kroger.com/product/images/xlarge/front/0007100701442"
                    },
                    {
                        "size": "large",
                        "url": "https://www.kroger.com/product/images/large/front/0007100701442"
                    },
                    {
                        "size": "medium",
                        "url": "https://www.kroger.com/product/images/medium/front/0007100701442"
                    },
                    {
                        "size": "small",
                        "url": "https://www.kroger.com/product/images/small/front/0007100701442"
                    },
                    {
                        "size": "thumbnail",
                        "url": "https://www.kroger.com/product/images/thumbnail/front/0007100701442"
                    }
                ]
            },
            {
                "perspective": "back",
                "sizes": [
                    {
                        "size": "xlarge",
                        "url": "https://www.kroger.com/product/images/xlarge/back/0007100701442"
                    },
                    {
                        "size": "large",
                        "url": "https://www.kroger.com/product/images/large/back/0007100701442"
                    },
                    {
                        "size": "medium",
                        "url": "https://www.kroger.com/product/images/medium/back/0007100701442"
                    },
                    {
                        "size": "small",
                        "url": "https://www.kroger.com/product/images/small/back/0007100701442"
                    },
                    {
                        "size": "thumbnail",
                        "url": "https://www.kroger.com/product/images/thumbnail/back/0007100701442"
                    }
                ]
            }
        ],
        "items": [
            {
                "itemId": "0007100701442",
                "favorite": false,
                "fulfillment": {
                    "curbside": true,
                    "delivery": true,
                    "inStore": true,
                    "shipToHome": false
                },
                "size": "32 oz"
            }
        ],
        "itemInformation": {},
        "temperature": {
            "indicator": "Frozen",
            "heatSensitive": false
        }
    }
]