[
    {
        "productId": "0008180661529",
        "upc": "0008180661529",
        "productPageURI": "/p/nestwell-double-layer-twin-featherbed-mattress-topper/0008180661529?cid=dis.api.tpi_products-api_20240521_b:all_c:np_t:lookupproduct-243261",
        "aisleLocations": [],
        "categories": [
            "Bed & Bath",
            "Bed & Bath"
        ],
        "description": "Nestwell\u2122 Double Layer Twin Featherbed Mattress Topper",
        "images": [
            {
                "perspective": "front",
                "featured": true,
                "sizes": [
                    {
                        "size": "xlarge",
                        "url": "https://www.kroger.com/product/images/xlarge/front/0008180661529"
                    },
                    {
                        "size": "large",
                        "url": "https://www.kroger.com/product/images/large/front/0008180661529"
                    },
                    {
                        "size": "medium",
                        "url": "https://www.kroger.com/product/images/medium/front/0008180661529"
                    },
                    {
                        "size": "small",
                        "url": "https://www.kroger.com/product/images/small/front/0008180661529"
                    },
                    {
                        "size": "thumbnail",
                        "url": "https://www.kroger.com/product/images/thumbnail/front/0008180661529"
                    }
                ]
            }
        ],
        "items": [
            {
                "itemId": "0008180661529",
                "favorite": false,
                "fulfillment": {
                    "curbside": false,
                    "delivery": false,
                    "inStore": false,
                    "shipToHome": false
                },
                "size": "twin"
            }
        ],
        "itemInformation": {},
        "temperature": {
            "indicator": "Ambient",
            "heatSensitive": false
        }
    },
    {
        "productId": "0067828518028",
        "upc": "0067828518028",
        "productPageURI": "/p/swimline-9095-electric-air-pump-for-inflatable-rafts-and-air-mattresses-black/0067828518028?cid=dis.api.tpi_products-api_20240521_b:all_c:np_t:lookupproduct-243261",
        "aisleLocations": [],
        "categories": [
            "Sporting Goods"
        ],
        "description": "Swimline 9095 Electric Air Pump for Inflatable Rafts and Air Mattresses, Black",
        "images": [
            {
                "perspective": "top",
                "sizes": [
                    {
                        "size": "xlarge",
                        "url": "https://www.kroger.com/product/images/xlarge/top/0067828518028"
                    },
                    {
                        "size": "large",
                        "url": "https://www.kroger.com/product/images/large/top/0067828518028"
                    },
                    {
                        "size": "medium",
                        "url": "https://www.kroger.com/product/images/medium/top/0067828518028"
                    },
                    {
                        "size": "small",
                        "url": "https://www.kroger.com/product/images/small/top/0067828518028"
                    },
                    {
                        "size": "thumbnail",
                        "url": "https://www.kroger.com/product/images/thumbnail/top/0067828518028"
                    }
                ]
            },
            {
                "perspective": "front",
                "featured": true,
                "sizes": [
                    {
                        "size": "xlarge",
                        "url": "https://www.kroger.com/product/images/xlarge/front/0067828518028"
                    },
                    {
                        "size": "large",
                        "url": "https://www.kroger.com/product/images/large/front/0067828518028"
                    },
                    {
                        "size": "medium",
                        "url": "https://www.kroger.com/product/images/medium/front/0067828518028"
                    },
                    {
                        "size": "small",
                        "url": "https://www.kroger.com/product/images/small/front/0067828518028"
                    },
                    {
                        "size": "thumbnail",
                        "url": "https://www.kroger.com/product/images/thumbnail/front/0067828518028"
                    }
                ]
            },
            {
                "perspective": "back",
                "sizes": [
                    {
                        "size": "xlarge",
                        "url": "https://www.kroger.com/product/images/xlarge/back/0067828518028"
                    },
                    {
                        "size": "large",
                        "url": "https://www.kroger.com/product/images/large/back/0067828518028"
                    },
                    {
                        "size": "medium",
                        "url": "https://www.kroger.com/product/images/medium/back/0067828518028"
                    },
                    {
                        "size": "small",
                        "url": "https://www.kroger.com/product/images/small/back/0067828518028"
                    },
                    {
                        "size": "thumbnail",
                        "url": "https://www.kroger.com/product/images/thumbnail/back/0067828518028"
                    }
                ]
            }
        ],
        "items": [
            {
                "itemId": "0067828518028",
                "favorite": false,
                "fulfillment": {
                    "curbside": false,
                    "delivery": false,
                    "inStore": false,
                    "shipToHome": false
                },
                "size": "1 unit"
            }
        ],
        "itemInformation": {},
        "temperature": {
            "indicator": "Ambient",
            "heatSensitive": false
        }
    },
    {
        "productId": "0084070815479",
        "upc": "0084070815479",
        "productPageURI": "/p/wamsutta-dream-zone-825-thread-count-twin-mattress-pad/0084070815479?cid=dis.api.tpi_products-api_20240521_b:all_c:np_t:lookupproduct-243261",
        "aisleLocations": [],
        "categories": [
            "Bed & Bath",
            "Bed & Bath"
        ],
        "description": "Wamsutta\u00ae Dream Zone\u00ae 825-Thread-Count Twin Mattress Pad",
        "images": [
            {
                "perspective": "front",
                "featured": true,
                "sizes": [
                    {
                        "size": "xlarge",
                        "url": "https://www.kroger.com/product/images/xlarge/front/0084070815479"
                    },
                    {
                        "size": "large",
                        "url": "https://www.kroger.com/product/images/large/front/0084070815479"
                    },
                    {
                        "size": "medium",
                        "url": "https://www.kroger.com/product/images/medium/front/0084070815479"
                    },
                    {
                        "size": "small",
                        "url": "https://www.kroger.com/product/images/small/front/0084070815479"
                    },
                    {
                        "size": "thumbnail",
                        "url": "https://www.kroger.com/product/images/thumbnail/front/0084070815479"
                    }
                ]
            }
        ],
        "items": [
            {
                "itemId": "0084070815479",
                "favorite": false,
                "fulfillment": {
                    "curbside": false,
                    "delivery": false,
                    "inStore": false,
                    "shipToHome": false
                },
                "size": "twin"
            }
        ],
        "itemInformation": {},
        "temperature": {
            "indicator": "Ambient",
            "heatSensitive": false
        }
    },
    {
        "productId": "0019549314843",
        "upc": "0019549314843",
        "productPageURI": "/p/bowery-hill-13-california-king-plush-pillow-top-memory-foam-mattress/0019549314843?cid=dis.api.tpi_products-api_20240521_b:all_c:np_t:lookupproduct-243261",
        "aisleLocations": [],
        "categories": [
            "Garden & Patio"
        ],
        "description": "Bowery Hill 13 California King Plush Pillow Top Memory Foam Mattress",
        "images": [
            {
                "perspective": "front",
                "featured": true,
                "sizes": [
                    {
                        "size": "xlarge",
                        "url": "https://www.kroger.com/product/images/xlarge/front/0019549314843"
                    },
                    {
                        "size": "large",
                        "url": "https://www.kroger.com/product/images/large/front/0019549314843"
                    },
                    {
                        "size": "medium",
                        "url": "https://www.kroger.com/product/images/medium/front/0019549314843"
                    },
                    {
                        "size": "small",
                        "url": "https://www.kroger.com/product/images/small/front/0019549314843"
                    },
                    {
                        "size": "thumbnail",
                        "url": "https://www.kroger.com/product/images/thumbnail/front/0019549314843"
                    }
                ]
            }
        ],
        "items": [
            {
                "itemId": "0019549314843",
                "favorite": false,
                "fulfillment": {
                    "curbside": false,
                    "delivery": false,
                    "inStore": false,
                    "shipToHome": false
                },
                "size": "1"
            }
        ],
        "itemInformation": {},
        "temperature": {
            "indicator": "Ambient",
            "heatSensitive": false
        }
    },
    {
        "productId": "0008180661044",
        "upc": "0008180661044",
        "productPageURI": "/p/nestwell-cotton-comfort-waterproof-california-king-mattress-pad/0008180661044?cid=dis.api.tpi_products-api_20240521_b:all_c:np_t:lookupproduct-243261",
        "aisleLocations": [],
        "categories": [
            "Bed & Bath",
            "Bed & Bath"
        ],
        "description": "Nestwell\u2122 Cotton Comfort Waterproof California King Mattress Pad",
        "images": [
            {
                "perspective": "front",
                "featured": true,
                "sizes": [
                    {
                        "size": "xlarge",
                        "url": "https://www.kroger.com/product/images/xlarge/front/0008180661044"
                    },
                    {
                        "size": "large",
                        "url": "https://www.kroger.com/product/images/large/front/0008180661044"
                    },
                    {
                        "size": "medium",
                        "url": "https://www.kroger.com/product/images/medium/front/0008180661044"
                    },
                    {
                        "size": "small",
                        "url": "https://www.kroger.com/product/images/small/front/0008180661044"
                    },
                    {
                        "size": "thumbnail",
                        "url": "https://www.kroger.com/product/images/thumbnail/front/0008180661044"
                    }
                ]
            }
        ],
        "items": [
            {
                "itemId": "0008180661044",
                "favorite": false,
                "fulfillment": {
                    "curbside": false,
                    "delivery": false,
                    "inStore": false,
                    "shipToHome": false
                },
                "size": "california king"
            }
        ],
        "itemInformation": {},
        "temperature": {
            "indicator": "Ambient",
            "heatSensitive": false
        }
    },
    {
        "productId": "0008180661032",
        "upc": "0008180661032",
        "productPageURI": "/p/nestwell-cotton-comfort-twin-mattress-pad/0008180661032?cid=dis.api.tpi_products-api_20240521_b:all_c:np_t:lookupproduct-243261",
        "aisleLocations": [],
        "categories": [
            "Bed & Bath",
            "Bed & Bath"
        ],
        "description": "Nestwell\u2122 Cotton Comfort Twin Mattress Pad",
        "images": [
            {
                "perspective": "front",
                "featured": true,
                "sizes": [
                    {
                        "size": "xlarge",
                        "url": "https://www.kroger.com/product/images/xlarge/front/0008180661032"
                    },
                    {
                        "size": "large",
                        "url": "https://www.kroger.com/product/images/large/front/0008180661032"
                    },
                    {
                        "size": "medium",
                        "url": "https://www.kroger.com/product/images/medium/front/0008180661032"
                    },
                    {
                        "size": "small",
                        "url": "https://www.kroger.com/product/images/small/front/0008180661032"
                    },
                    {
                        "size": "thumbnail",
                        "url": "https://www.kroger.com/product/images/thumbnail/front/0008180661032"
                    }
                ]
            }
        ],
        "items": [
            {
                "itemId": "0008180661032",
                "favorite": false,
                "fulfillment": {
                    "curbside": false,
                    "delivery": false,
                    "inStore": false,
                    "shipToHome": false
                },
                "size": "twin"
            }
        ],
        "itemInformation": {},
        "temperature": {
            "indicator": "Ambient",
            "heatSensitive": false
        }
    },
    {
        "productId": "0007650105135",
        "upc": "0007650105135",
        "productPageURI": "/p/coleman-sportster-propane-grill/0007650105135?cid=dis.api.tpi_products-api_20240521_b:all_c:np_t:lookupproduct-243261",
        "aisleLocations": [],
        "brand": "Coleman",
        "categories": [
            "Sporting Goods"
        ],
        "description": "Coleman\u00ae Sportster\u00ae Propane Grill",
        "images": [
            {
                "perspective": "front",
                "featured": true,
                "sizes": [
                    {
                        "size": "large",
                        "url": "https://www.kroger.com/product/images/large/front/0007650105135"
                    },
                    {
                        "size": "medium",
                        "url": "https://www.kroger.com/product/images/medium/front/0007650105135"
                    },
                    {
                        "size": "small",
                        "url": "https://www.kroger.com/product/images/small/front/0007650105135"
                    },
                    {
                        "size": "thumbnail",
                        "url": "https://www.kroger.com/product/images/thumbnail/front/0007650105135"
                    }
                ]
            }
        ],
        "items": [
            {
                "itemId": "0007650105135",
                "favorite": false,
                "fulfillment": {
                    "curbside": false,
                    "delivery": false,
                    "inStore": false,
                    "shipToHome": false
                },
                "size": "1 ct"
            }
        ],
        "itemInformation": {},
        "temperature": {
            "indicator": "Ambient",
            "heatSensitive": false
        }
    },
    {
        "productId": "0003137457304",
        "upc": "0003137457304",
        "productPageURI": "/p/nestwell-1-5-inch-memory-foam-king-mattress-topper-in-neutral/0003137457304?cid=dis.api.tpi_products-api_20240521_b:all_c:np_t:lookupproduct-243261",
        "aisleLocations": [],
        "categories": [
            "Bed & Bath",
            "Bed & Bath"
        ],
        "description": "Nestwell\u2122 1.5-Inch Memory Foam King Mattress Topper in Neutral",
        "images": [
            {
                "perspective": "front",
                "featured": true,
                "sizes": [
                    {
                        "size": "xlarge",
                        "url": "https://www.kroger.com/product/images/xlarge/front/0003137457304"
                    },
                    {
                        "size": "large",
                        "url": "https://www.kroger.com/product/images/large/front/0003137457304"
                    },
                    {
                        "size": "medium",
                        "url": "https://www.kroger.com/product/images/medium/front/0003137457304"
                    },
                    {
                        "size": "small",
                        "url": "https://www.kroger.com/product/images/small/front/0003137457304"
                    },
                    {
                        "size": "thumbnail",
                        "url": "https://www.kroger.com/product/images/thumbnail/front/0003137457304"
                    }
                ]
            }
        ],
        "items": [
            {
                "itemId": "0003137457304",
                "favorite": false,
                "fulfillment": {
                    "curbside": false,
                    "delivery": false,
                    "inStore": false,
                    "shipToHome": false
                },
                "size": "king"
            }
        ],
        "itemInformation": {},
        "temperature": {
            "indicator": "Ambient",
            "heatSensitive": false
        }
    },
    {
        "productId": "0002241516010",
        "upc": "0002241516010",
        "productPageURI": "/p/nestwell-soft-terry-fitted-twin-mattress-cover/0002241516010?cid=dis.api.tpi_products-api_20240521_b:all_c:np_t:lookupproduct-243261",
        "aisleLocations": [],
        "categories": [
            "Bed & Bath",
            "Bed & Bath"
        ],
        "description": "Nestwell\u2122 Soft Terry Fitted Twin Mattress Cover",
        "images": [
            {
                "perspective": "front",
                "featured": true,
                "sizes": [
                    {
                        "size": "xlarge",
                        "url": "https://www.kroger.com/product/images/xlarge/front/0002241516010"
                    },
                    {
                        "size": "large",
                        "url": "https://www.kroger.com/product/images/large/front/0002241516010"
                    },
                    {
                        "size": "medium",
                        "url": "https://www.kroger.com/product/images/medium/front/0002241516010"
                    },
                    {
                        "size": "small",
                        "url": "https://www.kroger.com/product/images/small/front/0002241516010"
                    },
                    {
                        "size": "thumbnail",
                        "url": "https://www.kroger.com/product/images/thumbnail/front/0002241516010"
                    }
                ]
            }
        ],
        "items": [
            {
                "itemId": "0002241516010",
                "favorite": false,
                "fulfillment": {
                    "curbside": false,
                    "delivery": false,
                    "inStore": false,
                    "shipToHome": false
                },
                "size": "twin"
            }
        ],
        "itemInformation": {},
        "temperature": {
            "indicator": "Ambient",
            "heatSensitive": false
        }
    },
    {
        "productId": "0002241516011",
        "upc": "0002241516011",
        "productPageURI": "/p/nestwell-terry-waterproof-twin-xl-fitted-mattress-cover/0002241516011?cid=dis.api.tpi_products-api_20240521_b:all_c:np_t:lookupproduct-243261",
        "aisleLocations": [],
        "categories": [
            "Bed & Bath",
            "Bed & Bath"
        ],
        "description": "Nestwell\u2122 Terry Waterproof Twin XL Fitted Mattress Cover",
        "images": [
            {
                "perspective": "front",
                "featured": true,
                "sizes": [
                    {
                        "size": "xlarge",
                        "url": "https://www.kroger.com/product/images/xlarge/front/0002241516011"
                    },
                    {
                        "size": "large",
                        "url": "https://www.kroger.com/product/images/large/front/0002241516011"
                    },
                    {
                        "size": "medium",
                        "url": "https://www.kroger.com/product/images/medium/front/0002241516011"
                    },
                    {
                        "size": "small",
                        "url": "https://www.kroger.com/product/images/small/front/0002241516011"
                    },
                    {
                        "size": "thumbnail",
                        "url": "https://www.kroger.com/product/images/thumbnail/front/0002241516011"
                    }
                ]
            }
        ],
        "items": [
            {
                "itemId": "0002241516011",
                "favorite": false,
                "fulfillment": {
                    "curbside": false,
                    "delivery": false,
                    "inStore": false,
                    "shipToHome": false
                },
                "size": "twin xl"
            }
        ],
        "itemInformation": {},
        "temperature": {
            "indicator": "Ambient",
            "heatSensitive": false
        }
    },
    {
        "productId": "0002241516014",
        "upc": "0002241516014",
        "productPageURI": "/p/nestwell-soft-terry-fitted-queen-mattress-cover/0002241516014?cid=dis.api.tpi_products-api_20240521_b:all_c:np_t:lookupproduct-243261",
        "aisleLocations": [],
        "categories": [
            "Bed & Bath",
            "Bed & Bath"
        ],
        "description": "Nestwell\u2122 Soft Terry Fitted Queen Mattress Cover",
        "images": [
            {
                "perspective": "front",
                "featured": true,
                "sizes": [
                    {
                        "size": "xlarge",
                        "url": "https://www.kroger.com/product/images/xlarge/front/0002241516014"
                    },
                    {
                        "size": "large",
                        "url": "https://www.kroger.com/product/images/large/front/0002241516014"
                    },
                    {
                        "size": "medium",
                        "url": "https://www.kroger.com/product/images/medium/front/0002241516014"
                    },
                    {
                        "size": "small",
                        "url": "https://www.kroger.com/product/images/small/front/0002241516014"
                    },
                    {
                        "size": "thumbnail",
                        "url": "https://www.kroger.com/product/images/thumbnail/front/0002241516014"
                    }
                ]
            }
        ],
        "items": [
            {
                "itemId": "0002241516014",
                "favorite": false,
                "fulfillment": {
                    "curbside": false,
                    "delivery": false,
                    "inStore": false,
                    "shipToHome": false
                },
                "size": "queen"
            }
        ],
        "itemInformation": {},
        "temperature": {
            "indicator": "Ambient",
            "heatSensitive": false
        }
    },
    {
        "productId": "0002241516015",
        "upc": "0002241516015",
        "productPageURI": "/p/nestwell-soft-terry-fitted-california-king-mattress-cover/0002241516015?cid=dis.api.tpi_products-api_20240521_b:all_c:np_t:lookupproduct-243261",
        "aisleLocations": [],
        "categories": [
            "Bed & Bath",
            "Bed & Bath"
        ],
        "description": "Nestwell\u2122 Soft Terry Fitted California King Mattress Cover",
        "images": [
            {
                "perspective": "front",
                "featured": true,
                "sizes": [
                    {
                        "size": "xlarge",
                        "url": "https://www.kroger.com/product/images/xlarge/front/0002241516015"
                    },
                    {
                        "size": "large",
                        "url": "https://www.kroger.com/product/images/large/front/0002241516015"
                    },
                    {
                        "size": "medium",
                        "url": "https://www.kroger.com/product/images/medium/front/0002241516015"
                    },
                    {
                        "size": "small",
                        "url": "https://www.kroger.com/product/images/small/front/0002241516015"
                    },
                    {
                        "size": "thumbnail",
                        "url": "https://www.kroger.com/product/images/thumbnail/front/0002241516015"
                    }
                ]
            }
        ],
        "items": [
            {
                "itemId": "0002241516015",
                "favorite": false,
                "fulfillment": {
                    "curbside": false,
                    "delivery": false,
                    "inStore": false,
                    "shipToHome": false
                },
                "size": "california king"
            }
        ],
        "itemInformation": {},
        "temperature": {
            "indicator": "Ambient",
            "heatSensitive": false
        }
    },
    {
        "productId": "0002241516012",
        "upc": "0002241516012",
        "productPageURI": "/p/nestwell-soft-terry-fitted-full-mattress-cover/0002241516012?cid=dis.api.tpi_products-api_20240521_b:all_c:np_t:lookupproduct-243261",
        "aisleLocations": [],
        "categories": [
            "Bed & Bath",
            "Bed & Bath"
        ],
        "description": "Nestwell\u2122 Soft Terry Fitted Full Mattress Cover",
        "images": [
            {
                "perspective": "front",
                "featured": true,
                "sizes": [
                    {
                        "size": "xlarge",
                        "url": "https://www.kroger.com/product/images/xlarge/front/0002241516012"
                    },
                    {
                        "size": "large",
                        "url": "https://www.kroger.com/product/images/large/front/0002241516012"
                    },
                    {
                        "size": "medium",
                        "url": "https://www.kroger.com/product/images/medium/front/0002241516012"
                    },
                    {
                        "size": "small",
                        "url": "https://www.kroger.com/product/images/small/front/0002241516012"
                    },
                    {
                        "size": "thumbnail",
                        "url": "https://www.kroger.com/product/images/thumbnail/front/0002241516012"
                    }
                ]
            }
        ],
        "items": [
            {
                "itemId": "0002241516012",
                "favorite": false,
                "fulfillment": {
                    "curbside": false,
                    "delivery": false,
                    "inStore": false,
                    "shipToHome": false
                },
                "size": "full"
            }
        ],
        "itemInformation": {},
        "temperature": {
            "indicator": "Ambient",
            "heatSensitive": false
        }
    },
    {
        "productId": "0008180661534",
        "upc": "0008180661534",
        "productPageURI": "/p/nestwell-double-layer-california-king-featherbed-mattress-topper/0008180661534?cid=dis.api.tpi_products-api_20240521_b:all_c:np_t:lookupproduct-243261",
        "aisleLocations": [],
        "categories": [
            "Bed & Bath",
            "Bed & Bath"
        ],
        "description": "Nestwell\u2122 Double Layer California King Featherbed Mattress Topper",
        "images": [
            {
                "perspective": "front",
                "featured": true,
                "sizes": [
                    {
                        "size": "xlarge",
                        "url": "https://www.kroger.com/product/images/xlarge/front/0008180661534"
                    },
                    {
                        "size": "large",
                        "url": "https://www.kroger.com/product/images/large/front/0008180661534"
                    },
                    {
                        "size": "medium",
                        "url": "https://www.kroger.com/product/images/medium/front/0008180661534"
                    },
                    {
                        "size": "small",
                        "url": "https://www.kroger.com/product/images/small/front/0008180661534"
                    },
                    {
                        "size": "thumbnail",
                        "url": "https://www.kroger.com/product/images/thumbnail/front/0008180661534"
                    }
                ]
            }
        ],
        "items": [
            {
                "itemId": "0008180661534",
                "favorite": false,
                "fulfillment": {
                    "curbside": false,
                    "delivery": false,
                    "inStore": false,
                    "shipToHome": false
                },
                "size": "california king"
            }
        ],
        "itemInformation": {},
        "temperature": {
            "indicator": "Ambient",
            "heatSensitive": false
        }
    },
    {
        "productId": "0008180661037",
        "upc": "0008180661037",
        "productPageURI": "/p/nestwell-cotton-comfort-california-king-mattress-pad/0008180661037?cid=dis.api.tpi_products-api_20240521_b:all_c:np_t:lookupproduct-243261",
        "aisleLocations": [],
        "categories": [
            "Bed & Bath",
            "Bed & Bath"
        ],
        "description": "Nestwell\u2122 Cotton Comfort California King Mattress Pad",
        "images": [
            {
                "perspective": "front",
                "featured": true,
                "sizes": [
                    {
                        "size": "xlarge",
                        "url": "https://www.kroger.com/product/images/xlarge/front/0008180661037"
                    },
                    {
                        "size": "large",
                        "url": "https://www.kroger.com/product/images/large/front/0008180661037"
                    },
                    {
                        "size": "medium",
                        "url": "https://www.kroger.com/product/images/medium/front/0008180661037"
                    },
                    {
                        "size": "small",
                        "url": "https://www.kroger.com/product/images/small/front/0008180661037"
                    },
                    {
                        "size": "thumbnail",
                        "url": "https://www.kroger.com/product/images/thumbnail/front/0008180661037"
                    }
                ]
            }
        ],
        "items": [
            {
                "itemId": "0008180661037",
                "favorite": false,
                "fulfillment": {
                    "curbside": false,
                    "delivery": false,
                    "inStore": false,
                    "shipToHome": false
                },
                "size": "california king"
            }
        ],
        "itemInformation": {},
        "temperature": {
            "indicator": "Ambient",
            "heatSensitive": false
        }
    },
    {
        "productId": "0002241516016",
        "upc": "0002241516016",
        "productPageURI": "/p/nestwell-soft-terry-fitted-king-mattress-cover/0002241516016?cid=dis.api.tpi_products-api_20240521_b:all_c:np_t:lookupproduct-243261",
        "aisleLocations": [],
        "categories": [
            "Bed & Bath",
            "Bed & Bath"
        ],
        "description": "Nestwell\u2122 Soft Terry Fitted King Mattress Cover",
        "images": [
            {
                "perspective": "front",
                "featured": true,
                "sizes": [
                    {
                        "size": "xlarge",
                        "url": "https://www.kroger.com/product/images/xlarge/front/0002241516016"
                    },
                    {
                        "size": "large",
                        "url": "https://www.kroger.com/product/images/large/front/0002241516016"
                    },
                    {
                        "size": "medium",
                        "url": "https://www.kroger.com/product/images/medium/front/0002241516016"
                    },
                    {
                        "size": "small",
                        "url": "https://www.kroger.com/product/images/small/front/0002241516016"
                    },
                    {
                        "size": "thumbnail",
                        "url": "https://www.kroger.com/product/images/thumbnail/front/0002241516016"
                    }
                ]
            }
        ],
        "items": [
            {
                "itemId": "0002241516016",
                "favorite": false,
                "fulfillment": {
                    "curbside": false,
                    "delivery": false,
                    "inStore": false,
                    "shipToHome": false
                },
                "size": "king"
            }
        ],
        "itemInformation": {},
        "temperature": {
            "indicator": "Ambient",
            "heatSensitive": false
        }
    },
    {
        "productId": "0008180661035",
        "upc": "0008180661035",
        "productPageURI": "/p/nestwell-cotton-comfort-queen-mattress-pad/0008180661035?cid=dis.api.tpi_products-api_20240521_b:all_c:np_t:lookupproduct-243261",
        "aisleLocations": [],
        "categories": [
            "Bed & Bath",
            "Bed & Bath"
        ],
        "description": "Nestwell\u2122 Cotton Comfort Queen Mattress Pad",
        "images": [
            {
                "perspective": "front",
                "featured": true,
                "sizes": [
                    {
                        "size": "xlarge",
                        "url": "https://www.kroger.com/product/images/xlarge/front/0008180661035"
                    },
                    {
                        "size": "large",
                        "url": "https://www.kroger.com/product/images/large/front/0008180661035"
                    },
                    {
                        "size": "medium",
                        "url": "https://www.kroger.com/product/images/medium/front/0008180661035"
                    },
                    {
                        "size": "small",
                        "url": "https://www.kroger.com/product/images/small/front/0008180661035"
                    },
                    {
                        "size": "thumbnail",
                        "url": "https://www.kroger.com/product/images/thumbnail/front/0008180661035"
                    }
                ]
            }
        ],
        "items": [
            {
                "itemId": "0008180661035",
                "favorite": false,
                "fulfillment": {
                    "curbside": false,
                    "delivery": false,
                    "inStore": false,
                    "shipToHome": false
                },
                "size": "queen"
            }
        ],
        "itemInformation": {},
        "temperature": {
            "indicator": "Ambient",
            "heatSensitive": false
        }
    },
    {
        "productId": "0084070815484",
        "upc": "0084070815484",
        "productPageURI": "/p/wamsutta-dream-zone-825-thread-count-california-king-mattress-pad/0084070815484?cid=dis.api.tpi_products-api_20240521_b:all_c:np_t:lookupproduct-243261",
        "aisleLocations": [],
        "categories": [
            "Bed & Bath",
            "Bed & Bath"
        ],
        "description": "Wamsutta\u00ae Dream Zone\u00ae 825-Thread-Count California King Mattress Pad",
        "images": [
            {
                "perspective": "front",
                "featured": true,
                "sizes": [
                    {
                        "size": "xlarge",
                        "url": "https://www.kroger.com/product/images/xlarge/front/0084070815484"
                    },
                    {
                        "size": "large",
                        "url": "https://www.kroger.com/product/images/large/front/0084070815484"
                    },
                    {
                        "size": "medium",
                        "url": "https://www.kroger.com/product/images/medium/front/0084070815484"
                    },
                    {
                        "size": "small",
                        "url": "https://www.kroger.com/product/images/small/front/0084070815484"
                    },
                    {
                        "size": "thumbnail",
                        "url": "https://www.kroger.com/product/images/thumbnail/front/0084070815484"
                    }
                ]
            }
        ],
        "items": [
            {
                "itemId": "0084070815484",
                "favorite": false,
                "fulfillment": {
                    "curbside": false,
                    "delivery": false,
                    "inStore": false,
                    "shipToHome": false
                },
                "size": "california king"
            }
        ],
        "itemInformation": {},
        "temperature": {
            "indicator": "Ambient",
            "heatSensitive": false
        }
    },
    {
        "productId": "0008180661036",
        "upc": "0008180661036",
        "productPageURI": "/p/nestwell-cotton-comfort-king-mattress-pad/0008180661036?cid=dis.api.tpi_products-api_20240521_b:all_c:np_t:lookupproduct-243261",
        "aisleLocations": [],
        "categories": [
            "Bed & Bath",
            "Bed & Bath"
        ],
        "description": "Nestwell\u2122 Cotton Comfort King Mattress Pad",
        "images": [
            {
                "perspective": "front",
                "featured": true,
                "sizes": [
                    {
                        "size": "xlarge",
                        "url": "https://www.kroger.com/product/images/xlarge/front/0008180661036"
                    },
                    {
                        "size": "large",
                        "url": "https://www.kroger.com/product/images/large/front/0008180661036"
                    },
                    {
                        "size": "medium",
                        "url": "https://www.kroger.com/product/images/medium/front/0008180661036"
                    },
                    {
                        "size": "small",
                        "url": "https://www.kroger.com/product/images/small/front/0008180661036"
                    },
                    {
                        "size": "thumbnail",
                        "url": "https://www.kroger.com/product/images/thumbnail/front/0008180661036"
                    }
                ]
            }
        ],
        "items": [
            {
                "itemId": "0008180661036",
                "favorite": false,
                "fulfillment": {
                    "curbside": false,
                    "delivery": false,
                    "inStore": false,
                    "shipToHome": false
                },
                "size": "king"
            }
        ],
        "itemInformation": {},
        "temperature": {
            "indicator": "Ambient",
            "heatSensitive": false
        }
    },
    {
        "productId": "0008180661531",
        "upc": "0008180661531",
        "productPageURI": "/p/nestwell-double-layer-full-featherbed-mattress-topper/0008180661531?cid=dis.api.tpi_products-api_20240521_b:all_c:np_t:lookupproduct-243261",
        "aisleLocations": [],
        "categories": [
            "Bed & Bath",
            "Bed & Bath"
        ],
        "description": "Nestwell\u2122 Double Layer Full Featherbed Mattress Topper",
        "images": [
            {
                "perspective": "front",
                "featured": true,
                "sizes": [
                    {
                        "size": "xlarge",
                        "url": "https://www.kroger.com/product/images/xlarge/front/0008180661531"
                    },
                    {
                        "size": "large",
                        "url": "https://www.kroger.com/product/images/large/front/0008180661531"
                    },
                    {
                        "size": "medium",
                        "url": "https://www.kroger.com/product/images/medium/front/0008180661531"
                    },
                    {
                        "size": "small",
                        "url": "https://www.kroger.com/product/images/small/front/0008180661531"
                    },
                    {
                        "size": "thumbnail",
                        "url": "https://www.kroger.com/product/images/thumbnail/front/0008180661531"
                    }
                ]
            }
        ],
        "items": [
            {
                "itemId": "0008180661531",
                "favorite": false,
                "fulfillment": {
                    "curbside": false,
                    "delivery": false,
                    "inStore": false,
                    "shipToHome": false
                },
                "size": "full"
            }
        ],
        "itemInformation": {},
        "temperature": {
            "indicator": "Ambient",
            "heatSensitive": false
        }
    },
    {
        "productId": "0008180661043",
        "upc": "0008180661043",
        "productPageURI": "/p/nestwell-cotton-comfort-waterproof-king-mattress-pad/0008180661043?cid=dis.api.tpi_products-api_20240521_b:all_c:np_t:lookupproduct-243261",
        "aisleLocations": [],
        "categories": [
            "Bed & Bath",
            "Bed & Bath"
        ],
        "description": "Nestwell\u2122 Cotton Comfort Waterproof King Mattress Pad",
        "images": [
            {
                "perspective": "front",
                "featured": true,
                "sizes": [
                    {
                        "size": "xlarge",
                        "url": "https://www.kroger.com/product/images/xlarge/front/0008180661043"
                    },
                    {
                        "size": "large",
                        "url": "https://www.kroger.com/product/images/large/front/0008180661043"
                    },
                    {
                        "size": "medium",
                        "url": "https://www.kroger.com/product/images/medium/front/0008180661043"
                    },
                    {
                        "size": "small",
                        "url": "https://www.kroger.com/product/images/small/front/0008180661043"
                    },
                    {
                        "size": "thumbnail",
                        "url": "https://www.kroger.com/product/images/thumbnail/front/0008180661043"
                    }
                ]
            }
        ],
        "items": [
            {
                "itemId": "0008180661043",
                "favorite": false,
                "fulfillment": {
                    "curbside": false,
                    "delivery": false,
                    "inStore": false,
                    "shipToHome": false
                },
                "size": "king"
            }
        ],
        "itemInformation": {},
        "temperature": {
            "indicator": "Ambient",
            "heatSensitive": false
        }
    },
    {
        "productId": "0007650100131",
        "upc": "0007650100131",
        "productPageURI": "/p/coleman-assorted-pump-repair-kit-5-in-h-x-2-in-w-x-8-in-l-1-pk-total-qty-1-each-pack/0007650100131?cid=dis.api.tpi_products-api_20240521_b:all_c:np_t:lookupproduct-243261",
        "aisleLocations": [],
        "categories": [
            "Sporting Goods"
        ],
        "description": "Coleman Assorted Pump Repair Kit .5 in. H x 2 in. W x 8 in. L 1 pk - Total Qty: 1; Each Pack",
        "images": [
            {
                "perspective": "front",
                "featured": true,
                "sizes": [
                    {
                        "size": "xlarge",
                        "url": "https://www.kroger.com/product/images/xlarge/front/0007650100131"
                    },
                    {
                        "size": "large",
                        "url": "https://www.kroger.com/product/images/large/front/0007650100131"
                    },
                    {
                        "size": "medium",
                        "url": "https://www.kroger.com/product/images/medium/front/0007650100131"
                    },
                    {
                        "size": "small",
                        "url": "https://www.kroger.com/product/images/small/front/0007650100131"
                    },
                    {
                        "size": "thumbnail",
                        "url": "https://www.kroger.com/product/images/thumbnail/front/0007650100131"
                    }
                ]
            }
        ],
        "items": [
            {
                "itemId": "0007650100131",
                "favorite": false,
                "fulfillment": {
                    "curbside": false,
                    "delivery": false,
                    "inStore": false,
                    "shipToHome": false
                },
                "size": "1"
            }
        ],
        "itemInformation": {},
        "temperature": {
            "indicator": "Ambient",
            "heatSensitive": false
        }
    },
    {
        "productId": "0007650112745",
        "upc": "0007650112745",
        "productPageURI": "/p/coleman-12v-plug-in-quickpump-air-pump-2000017846/0007650112745?cid=dis.api.tpi_products-api_20240521_b:all_c:np_t:lookupproduct-243261",
        "aisleLocations": [],
        "categories": [
            "Sporting Goods"
        ],
        "description": "Coleman 12V Plug-In QuickPump Air Pump 2000017846",
        "images": [
            {
                "perspective": "front",
                "featured": true,
                "sizes": [
                    {
                        "size": "xlarge",
                        "url": "https://www.kroger.com/product/images/xlarge/front/0007650112745"
                    },
                    {
                        "size": "large",
                        "url": "https://www.kroger.com/product/images/large/front/0007650112745"
                    },
                    {
                        "size": "medium",
                        "url": "https://www.kroger.com/product/images/medium/front/0007650112745"
                    },
                    {
                        "size": "small",
                        "url": "https://www.kroger.com/product/images/small/front/0007650112745"
                    },
                    {
                        "size": "thumbnail",
                        "url": "https://www.kroger.com/product/images/thumbnail/front/0007650112745"
                    }
                ]
            }
        ],
        "items": [
            {
                "itemId": "0007650112745",
                "favorite": false,
                "fulfillment": {
                    "curbside": false,
                    "delivery": false,
                    "inStore": false,
                    "shipToHome": false
                },
                "size": "1"
            }
        ],
        "itemInformation": {},
        "temperature": {
            "indicator": "Ambient",
            "heatSensitive": false
        }
    },
    {
        "productId": "0007650112747",
        "upc": "0007650112747",
        "productPageURI": "/p/coleman-4d-quickpump-airbed-pump-red/0007650112747?cid=dis.api.tpi_products-api_20240521_b:all_c:np_t:lookupproduct-243261",
        "aisleLocations": [],
        "brand": "Coleman",
        "categories": [
            "Sporting Goods"
        ],
        "countryOrigin": "CHINA",
        "description": "Coleman 4D QuickPump Airbed Pump - Red",
        "images": [
            {
                "perspective": "front",
                "featured": true,
                "sizes": [
                    {
                        "size": "xlarge",
                        "url": "https://www.kroger.com/product/images/xlarge/front/0007650112747"
                    },
                    {
                        "size": "large",
                        "url": "https://www.kroger.com/product/images/large/front/0007650112747"
                    },
                    {
                        "size": "medium",
                        "url": "https://www.kroger.com/product/images/medium/front/0007650112747"
                    },
                    {
                        "size": "small",
                        "url": "https://www.kroger.com/product/images/small/front/0007650112747"
                    },
                    {
                        "size": "thumbnail",
                        "url": "https://www.kroger.com/product/images/thumbnail/front/0007650112747"
                    }
                ]
            }
        ],
        "items": [
            {
                "itemId": "0007650112747",
                "inventory": {
                    "stockLevel": "HIGH"
                },
                "favorite": false,
                "fulfillment": {
                    "curbside": false,
                    "delivery": false,
                    "inStore": false,
                    "shipToHome": false
                },
                "price": {
                    "regular": 29.99,
                    "promo": 14.99
                },
                "size": "1 ct",
                "soldBy": "UNIT"
            }
        ],
        "itemInformation": {},
        "temperature": {
            "indicator": "Ambient",
            "heatSensitive": false
        }
    }
]