[
    {
        "productId": "0003927832200",
        "upc": "0003927832200",
        "productPageURI": "/p/tiger-balm-pain-relieving-patches/0003927832200?cid=dis.api.tpi_products-api_20240521_b:all_c:np_t:lookupproduct-243261",
        "aisleLocations": [
            {
                "bayNumber": "4",
                "description": "AISLE 24",
                "number": "24",
                "numberOfFacings": "1",
                "side": "L",
                "shelfNumber": "3",
                "shelfPositionInBay": "8"
            }
        ],
        "brand": "Tiger Balm",
        "categories": [
            "Apparel"
        ],
        "description": "Tiger Balm Pain Relieving Patches",
        "images": [
            {
                "perspective": "top",
                "sizes": [
                    {
                        "size": "large",
                        "url": "https://www.kroger.com/product/images/large/top/0003927832200"
                    },
                    {
                        "size": "medium",
                        "url": "https://www.kroger.com/product/images/medium/top/0003927832200"
                    },
                    {
                        "size": "small",
                        "url": "https://www.kroger.com/product/images/small/top/0003927832200"
                    },
                    {
                        "size": "thumbnail",
                        "url": "https://www.kroger.com/product/images/thumbnail/top/0003927832200"
                    }
                ]
            },
            {
                "perspective": "front",
                "featured": true,
                "sizes": [
                    {
                        "size": "xlarge",
                        "url": "https://www.kroger.com/product/images/xlarge/front/0003927832200"
                    },
                    {
                        "size": "large",
                        "url": "https://www.kroger.com/product/images/large/front/0003927832200"
                    },
                    {
                        "size": "medium",
                        "url": "https://www.kroger.com/product/images/medium/front/0003927832200"
                    },
                    {
                        "size": "small",
                        "url": "https://www.kroger.com/product/images/small/front/0003927832200"
                    },
                    {
                        "size": "thumbnail",
                        "url": "https://www.kroger.com/product/images/thumbnail/front/0003927832200"
                    }
                ]
            },
            {
                "perspective": "back",
                "sizes": [
                    {
                        "size": "xlarge",
                        "url": "https://www.kroger.com/product/images/xlarge/back/0003927832200"
                    },
                    {
                        "size": "large",
                        "url": "https://www.kroger.com/product/images/large/back/0003927832200"
                    },
                    {
                        "size": "medium",
                        "url": "https://www.kroger.com/product/images/medium/back/0003927832200"
                    },
                    {
                        "size": "small",
                        "url": "https://www.kroger.com/product/images/small/back/0003927832200"
                    },
                    {
                        "size": "thumbnail",
                        "url": "https://www.kroger.com/product/images/thumbnail/back/0003927832200"
                    }
                ]
            }
        ],
        "items": [
            {
                "itemId": "0003927832200",
                "inventory": {
                    "stockLevel": "LOW"
                },
                "favorite": false,
                "fulfillment": {
                    "curbside": true,
                    "delivery": true,
                    "inStore": true,
                    "shipToHome": false
                },
                "price": {
                    "regular": 6.49,
                    "promo": 0
                },
                "size": "5 ct",
                "soldBy": "UNIT"
            }
        ],
        "itemInformation": {
            "depth": "5.0",
            "height": "5.25",
            "width": "0.75"
        },
        "temperature": {
            "indicator": "Ambient",
            "heatSensitive": false
        }
    }
]