[
    {
        "productId": "0000834678020",
        "upc": "0000834678020",
        "productPageURI": "/p/slimfast-advanced-creamy-chocolate-meal-replacement-shakes/0000834678020?cid=dis.api.tpi_products-api_20240521_b:all_c:np_t:lookupproduct-243261",
        "aisleLocations": [
            {
                "bayNumber": "7",
                "description": "AISLE 19",
                "number": "19",
                "numberOfFacings": "1",
                "side": "R",
                "shelfNumber": "2",
                "shelfPositionInBay": "2"
            }
        ],
        "brand": "SlimFast",
        "categories": [
            "Beverages"
        ],
        "description": "SlimFast Advanced Creamy Chocolate Meal Replacement Shakes",
        "images": [
            {
                "perspective": "right",
                "sizes": [
                    {
                        "size": "xlarge",
                        "url": "https://www.kroger.com/product/images/xlarge/right/0000834678020"
                    },
                    {
                        "size": "large",
                        "url": "https://www.kroger.com/product/images/large/right/0000834678020"
                    },
                    {
                        "size": "medium",
                        "url": "https://www.kroger.com/product/images/medium/right/0000834678020"
                    },
                    {
                        "size": "small",
                        "url": "https://www.kroger.com/product/images/small/right/0000834678020"
                    },
                    {
                        "size": "thumbnail",
                        "url": "https://www.kroger.com/product/images/thumbnail/right/0000834678020"
                    }
                ]
            },
            {
                "perspective": "front",
                "featured": true,
                "sizes": [
                    {
                        "size": "xlarge",
                        "url": "https://www.kroger.com/product/images/xlarge/front/0000834678020"
                    },
                    {
                        "size": "large",
                        "url": "https://www.kroger.com/product/images/large/front/0000834678020"
                    },
                    {
                        "size": "medium",
                        "url": "https://www.kroger.com/product/images/medium/front/0000834678020"
                    },
                    {
                        "size": "small",
                        "url": "https://www.kroger.com/product/images/small/front/0000834678020"
                    },
                    {
                        "size": "thumbnail",
                        "url": "https://www.kroger.com/product/images/thumbnail/front/0000834678020"
                    }
                ]
            }
        ],
        "items": [
            {
                "itemId": "0000834678020",
                "inventory": {
                    "stockLevel": "TEMPORARILY_OUT_OF_STOCK"
                },
                "favorite": false,
                "fulfillment": {
                    "curbside": false,
                    "delivery": false,
                    "inStore": true,
                    "shipToHome": false
                },
                "price": {
                    "regular": 17.99,
                    "promo": 0
                },
                "size": "8 bottles / 11 fl oz",
                "soldBy": "UNIT"
            }
        ],
        "itemInformation": {
            "depth": "7.1",
            "height": "5.1",
            "width": "10.2"
        },
        "temperature": {
            "indicator": "Ambient",
            "heatSensitive": false
        }
    },
    {
        "productId": "0000834674062",
        "upc": "0000834674062",
        "productPageURI": "/p/slimfast-keto-vanilla-cream-ready-to-drink-meal-replacement-shakes/0000834674062?cid=dis.api.tpi_products-api_20240521_b:all_c:np_t:lookupproduct-243261",
        "aisleLocations": [],
        "brand": "SlimFast",
        "categories": [
            "Beverages",
            "Health"
        ],
        "countryOrigin": "UNITED STATES",
        "description": "SlimFast Keto Vanilla Cream Ready to Drink Meal Replacement Shakes",
        "images": [
            {
                "perspective": "front",
                "featured": true,
                "sizes": [
                    {
                        "size": "xlarge",
                        "url": "https://www.kroger.com/product/images/xlarge/front/0000834674062"
                    },
                    {
                        "size": "large",
                        "url": "https://www.kroger.com/product/images/large/front/0000834674062"
                    },
                    {
                        "size": "medium",
                        "url": "https://www.kroger.com/product/images/medium/front/0000834674062"
                    },
                    {
                        "size": "small",
                        "url": "https://www.kroger.com/product/images/small/front/0000834674062"
                    },
                    {
                        "size": "thumbnail",
                        "url": "https://www.kroger.com/product/images/thumbnail/front/0000834674062"
                    }
                ]
            }
        ],
        "items": [
            {
                "itemId": "0000834674062",
                "favorite": false,
                "fulfillment": {
                    "curbside": false,
                    "delivery": false,
                    "inStore": false,
                    "shipToHome": false
                },
                "size": "4 bottles / 11 fl oz"
            }
        ],
        "itemInformation": {},
        "temperature": {
            "indicator": "Ambient",
            "heatSensitive": false
        }
    },
    {
        "productId": "0000834674052",
        "upc": "0000834674052",
        "productPageURI": "/p/slimfast-advanced-energy-rich-chocolate-meal-replacement-shakes/0000834674052?cid=dis.api.tpi_products-api_20240521_b:all_c:np_t:lookupproduct-243261",
        "aisleLocations": [
            {
                "bayNumber": "7",
                "description": "AISLE 19",
                "number": "19",
                "numberOfFacings": "2",
                "side": "R",
                "shelfNumber": "3",
                "shelfPositionInBay": "1"
            }
        ],
        "brand": "SlimFast",
        "categories": [
            "Beverages",
            "Health"
        ],
        "description": "SlimFast\u00ae Advanced Energy Rich Chocolate Meal Replacement Shakes",
        "images": [
            {
                "perspective": "left",
                "sizes": [
                    {
                        "size": "xlarge",
                        "url": "https://www.kroger.com/product/images/xlarge/left/0000834674052"
                    },
                    {
                        "size": "large",
                        "url": "https://www.kroger.com/product/images/large/left/0000834674052"
                    },
                    {
                        "size": "medium",
                        "url": "https://www.kroger.com/product/images/medium/left/0000834674052"
                    },
                    {
                        "size": "small",
                        "url": "https://www.kroger.com/product/images/small/left/0000834674052"
                    },
                    {
                        "size": "thumbnail",
                        "url": "https://www.kroger.com/product/images/thumbnail/left/0000834674052"
                    }
                ]
            },
            {
                "perspective": "front",
                "featured": true,
                "sizes": [
                    {
                        "size": "xlarge",
                        "url": "https://www.kroger.com/product/images/xlarge/front/0000834674052"
                    },
                    {
                        "size": "large",
                        "url": "https://www.kroger.com/product/images/large/front/0000834674052"
                    },
                    {
                        "size": "medium",
                        "url": "https://www.kroger.com/product/images/medium/front/0000834674052"
                    },
                    {
                        "size": "small",
                        "url": "https://www.kroger.com/product/images/small/front/0000834674052"
                    },
                    {
                        "size": "thumbnail",
                        "url": "https://www.kroger.com/product/images/thumbnail/front/0000834674052"
                    }
                ]
            },
            {
                "perspective": "back",
                "sizes": [
                    {
                        "size": "xlarge",
                        "url": "https://www.kroger.com/product/images/xlarge/back/0000834674052"
                    },
                    {
                        "size": "large",
                        "url": "https://www.kroger.com/product/images/large/back/0000834674052"
                    },
                    {
                        "size": "medium",
                        "url": "https://www.kroger.com/product/images/medium/back/0000834674052"
                    },
                    {
                        "size": "small",
                        "url": "https://www.kroger.com/product/images/small/back/0000834674052"
                    },
                    {
                        "size": "thumbnail",
                        "url": "https://www.kroger.com/product/images/thumbnail/back/0000834674052"
                    }
                ]
            }
        ],
        "items": [
            {
                "itemId": "0000834674052",
                "inventory": {
                    "stockLevel": "HIGH"
                },
                "favorite": false,
                "fulfillment": {
                    "curbside": true,
                    "delivery": true,
                    "inStore": true,
                    "shipToHome": false
                },
                "size": "4 bottles / 11 fl oz"
            }
        ],
        "itemInformation": {
            "depth": "5.0",
            "height": "6.95",
            "width": "5.25"
        },
        "temperature": {
            "indicator": "Ambient",
            "heatSensitive": false
        }
    },
    {
        "productId": "0085836900650",
        "upc": "0085836900650",
        "productPageURI": "/p/soylent-creamy-chocolate-ready-to-drink-meal/0085836900650?cid=dis.api.tpi_products-api_20240521_b:all_c:np_t:lookupproduct-243261",
        "aisleLocations": [],
        "brand": "Soylent",
        "categories": [
            "Beverages",
            "Health"
        ],
        "countryOrigin": "UNITED STATES",
        "description": "Soylent Creamy Chocolate Ready-to-Drink Meal",
        "images": [
            {
                "perspective": "front",
                "featured": true,
                "sizes": [
                    {
                        "size": "xlarge",
                        "url": "https://www.kroger.com/product/images/xlarge/front/0085836900650"
                    },
                    {
                        "size": "large",
                        "url": "https://www.kroger.com/product/images/large/front/0085836900650"
                    },
                    {
                        "size": "medium",
                        "url": "https://www.kroger.com/product/images/medium/front/0085836900650"
                    },
                    {
                        "size": "small",
                        "url": "https://www.kroger.com/product/images/small/front/0085836900650"
                    },
                    {
                        "size": "thumbnail",
                        "url": "https://www.kroger.com/product/images/thumbnail/front/0085836900650"
                    }
                ]
            }
        ],
        "items": [
            {
                "itemId": "0085836900650",
                "inventory": {
                    "stockLevel": "TEMPORARILY_OUT_OF_STOCK"
                },
                "favorite": false,
                "fulfillment": {
                    "curbside": false,
                    "delivery": false,
                    "inStore": false,
                    "shipToHome": false
                },
                "price": {
                    "regular": 12.99,
                    "promo": 0
                },
                "size": "4 ct / 11 fl oz",
                "soldBy": "UNIT"
            }
        ],
        "itemInformation": {},
        "temperature": {
            "indicator": "Ambient",
            "heatSensitive": false
        }
    }
]