[
    {
        "productId": "0088969851899",
        "upc": "0088969851899",
        "productPageURI": "/p/funko-monopoly-pocket-pop-criminal-uncle-pennybags-figure-keychain/0088969851899?cid=dis.api.tpi_products-api_20240521_b:all_c:np_t:lookupproduct-243261",
        "aisleLocations": [],
        "brand": "Funko",
        "categories": [
            "Entertainment"
        ],
        "description": "Funko Monopoly Pocket POP Criminal Uncle Pennybags Figure Keychain",
        "images": [
            {
                "perspective": "front",
                "featured": true,
                "sizes": [
                    {
                        "size": "xlarge",
                        "url": "https://www.kroger.com/product/images/xlarge/front/0088969851899"
                    },
                    {
                        "size": "large",
                        "url": "https://www.kroger.com/product/images/large/front/0088969851899"
                    },
                    {
                        "size": "medium",
                        "url": "https://www.kroger.com/product/images/medium/front/0088969851899"
                    },
                    {
                        "size": "small",
                        "url": "https://www.kroger.com/product/images/small/front/0088969851899"
                    },
                    {
                        "size": "thumbnail",
                        "url": "https://www.kroger.com/product/images/thumbnail/front/0088969851899"
                    }
                ]
            }
        ],
        "items": [
            {
                "itemId": "0088969851899",
                "favorite": false,
                "fulfillment": {
                    "curbside": false,
                    "delivery": false,
                    "inStore": false,
                    "shipToHome": false
                },
                "size": "1 unit"
            }
        ],
        "itemInformation": {},
        "temperature": {
            "indicator": "Ambient",
            "heatSensitive": false
        }
    },
    {
        "productId": "0063050974774",
        "upc": "0063050974774",
        "productPageURI": "/p/hasbro-gaming-monopoly-deal-card-game/0063050974774?cid=dis.api.tpi_products-api_20240521_b:all_c:np_t:lookupproduct-243261",
        "aisleLocations": [
            {
                "bayNumber": "15",
                "description": "AISLE 12",
                "number": "12",
                "numberOfFacings": "1",
                "side": "L",
                "shelfNumber": "5",
                "shelfPositionInBay": "4"
            }
        ],
        "brand": "Hasbro Gaming",
        "categories": [
            "Entertainment"
        ],
        "description": "Hasbro Gaming Monopoly Deal Card Game",
        "images": [
            {
                "perspective": "back",
                "sizes": [
                    {
                        "size": "xlarge",
                        "url": "https://www.kroger.com/product/images/xlarge/back/0063050974774"
                    },
                    {
                        "size": "large",
                        "url": "https://www.kroger.com/product/images/large/back/0063050974774"
                    },
                    {
                        "size": "medium",
                        "url": "https://www.kroger.com/product/images/medium/back/0063050974774"
                    },
                    {
                        "size": "small",
                        "url": "https://www.kroger.com/product/images/small/back/0063050974774"
                    },
                    {
                        "size": "thumbnail",
                        "url": "https://www.kroger.com/product/images/thumbnail/back/0063050974774"
                    }
                ]
            },
            {
                "perspective": "front",
                "featured": true,
                "sizes": [
                    {
                        "size": "xlarge",
                        "url": "https://www.kroger.com/product/images/xlarge/front/0063050974774"
                    },
                    {
                        "size": "large",
                        "url": "https://www.kroger.com/product/images/large/front/0063050974774"
                    },
                    {
                        "size": "medium",
                        "url": "https://www.kroger.com/product/images/medium/front/0063050974774"
                    },
                    {
                        "size": "small",
                        "url": "https://www.kroger.com/product/images/small/front/0063050974774"
                    },
                    {
                        "size": "thumbnail",
                        "url": "https://www.kroger.com/product/images/thumbnail/front/0063050974774"
                    }
                ]
            }
        ],
        "items": [
            {
                "itemId": "0063050974774",
                "favorite": false,
                "fulfillment": {
                    "curbside": false,
                    "delivery": false,
                    "inStore": false,
                    "shipToHome": false
                },
                "size": "1 ea"
            }
        ],
        "itemInformation": {},
        "temperature": {
            "indicator": "Ambient",
            "heatSensitive": false
        }
    },
    {
        "productId": "0063050989406",
        "upc": "0063050989406",
        "productPageURI": "/p/hasbro-gaming-monopoly-arcade-pac-man-board-game/0063050989406?cid=dis.api.tpi_products-api_20240521_b:all_c:np_t:lookupproduct-243261",
        "aisleLocations": [],
        "brand": "Hasbro Gaming",
        "categories": [
            "Entertainment"
        ],
        "description": "Hasbro Gaming Monopoly Arcade Pac-Man Board Game",
        "images": [
            {
                "perspective": "front",
                "featured": true,
                "sizes": [
                    {
                        "size": "xlarge",
                        "url": "https://www.kroger.com/product/images/xlarge/front/0063050989406"
                    },
                    {
                        "size": "large",
                        "url": "https://www.kroger.com/product/images/large/front/0063050989406"
                    },
                    {
                        "size": "medium",
                        "url": "https://www.kroger.com/product/images/medium/front/0063050989406"
                    },
                    {
                        "size": "small",
                        "url": "https://www.kroger.com/product/images/small/front/0063050989406"
                    },
                    {
                        "size": "thumbnail",
                        "url": "https://www.kroger.com/product/images/thumbnail/front/0063050989406"
                    }
                ]
            },
            {
                "perspective": "back",
                "sizes": [
                    {
                        "size": "xlarge",
                        "url": "https://www.kroger.com/product/images/xlarge/back/0063050989406"
                    },
                    {
                        "size": "large",
                        "url": "https://www.kroger.com/product/images/large/back/0063050989406"
                    },
                    {
                        "size": "medium",
                        "url": "https://www.kroger.com/product/images/medium/back/0063050989406"
                    },
                    {
                        "size": "small",
                        "url": "https://www.kroger.com/product/images/small/back/0063050989406"
                    },
                    {
                        "size": "thumbnail",
                        "url": "https://www.kroger.com/product/images/thumbnail/back/0063050989406"
                    }
                ]
            }
        ],
        "items": [
            {
                "itemId": "0063050989406",
                "favorite": false,
                "fulfillment": {
                    "curbside": false,
                    "delivery": false,
                    "inStore": false,
                    "shipToHome": false
                },
                "size": "1 ct"
            }
        ],
        "itemInformation": {},
        "temperature": {
            "indicator": "Ambient",
            "heatSensitive": false
        }
    }
]