[
    {
        "productId": "0004154001233",
        "upc": "0004154001233",
        "productPageURI": "/p/paper-mate-profile-0-7mm-assorted-gel-pens/0004154001233?cid=dis.api.tpi_products-api_20240521_b:all_c:np_t:lookupproduct-243261",
        "aisleLocations": [],
        "brand": "Paper Mate\u00ae",
        "categories": [
            "Office, School, & Crafts"
        ],
        "countryOrigin": "UNITED STATES",
        "description": "Paper Mate\u00ae Profile 0.7mm Assorted Gel Pens",
        "images": [
            {
                "perspective": "front",
                "featured": true,
                "sizes": [
                    {
                        "size": "xlarge",
                        "url": "https://www.kroger.com/product/images/xlarge/front/0004154001233"
                    },
                    {
                        "size": "large",
                        "url": "https://www.kroger.com/product/images/large/front/0004154001233"
                    },
                    {
                        "size": "medium",
                        "url": "https://www.kroger.com/product/images/medium/front/0004154001233"
                    },
                    {
                        "size": "small",
                        "url": "https://www.kroger.com/product/images/small/front/0004154001233"
                    },
                    {
                        "size": "thumbnail",
                        "url": "https://www.kroger.com/product/images/thumbnail/front/0004154001233"
                    }
                ]
            }
        ],
        "items": [
            {
                "itemId": "0004154001233",
                "inventory": {
                    "stockLevel": "HIGH"
                },
                "favorite": false,
                "fulfillment": {
                    "curbside": false,
                    "delivery": false,
                    "inStore": false,
                    "shipToHome": false
                },
                "size": "4 pk"
            }
        ],
        "itemInformation": {},
        "temperature": {
            "indicator": "Ambient",
            "heatSensitive": false
        }
    },
    {
        "productId": "0007283831032",
        "upc": "0007283831032",
        "productPageURI": "/p/pilot-g2-comfort-grip-premium-gel-roller-pens-2-pack-blue/0007283831032?cid=dis.api.tpi_products-api_20240521_b:all_c:np_t:lookupproduct-243261",
        "aisleLocations": [
            {
                "bayNumber": "17",
                "description": "AISLE 12",
                "number": "12",
                "numberOfFacings": "1",
                "side": "L",
                "shelfNumber": "6",
                "shelfPositionInBay": "9"
            }
        ],
        "brand": "Pilot",
        "categories": [
            "Office, School, & Crafts"
        ],
        "description": "Pilot G2 Comfort Grip Premium Gel Roller Pens 2 Pack - Blue",
        "images": [
            {
                "perspective": "front",
                "featured": true,
                "sizes": [
                    {
                        "size": "xlarge",
                        "url": "https://www.kroger.com/product/images/xlarge/front/0007283831032"
                    },
                    {
                        "size": "large",
                        "url": "https://www.kroger.com/product/images/large/front/0007283831032"
                    },
                    {
                        "size": "medium",
                        "url": "https://www.kroger.com/product/images/medium/front/0007283831032"
                    },
                    {
                        "size": "small",
                        "url": "https://www.kroger.com/product/images/small/front/0007283831032"
                    },
                    {
                        "size": "thumbnail",
                        "url": "https://www.kroger.com/product/images/thumbnail/front/0007283831032"
                    }
                ]
            }
        ],
        "items": [
            {
                "itemId": "0007283831032",
                "inventory": {
                    "stockLevel": "HIGH"
                },
                "favorite": false,
                "fulfillment": {
                    "curbside": true,
                    "delivery": true,
                    "inStore": true,
                    "shipToHome": false
                },
                "price": {
                    "regular": 3.99,
                    "promo": 2.99
                },
                "size": "2 pk",
                "soldBy": "UNIT"
            }
        ],
        "itemInformation": {},
        "temperature": {
            "indicator": "Ambient",
            "heatSensitive": false
        }
    },
    {
        "productId": "0007166206201",
        "upc": "0007166206201",
        "productPageURI": "/p/crayola-no-drip-washable-paint-brush-pens/0007166206201?cid=dis.api.tpi_products-api_20240521_b:all_c:np_t:lookupproduct-243261",
        "aisleLocations": [
            {
                "bayNumber": "16",
                "description": "AISLE 12",
                "number": "12",
                "numberOfFacings": "1",
                "side": "L",
                "shelfNumber": "17",
                "shelfPositionInBay": "8"
            }
        ],
        "brand": "Crayola",
        "categories": [
            "Office, School, & Crafts"
        ],
        "description": "Crayola No Drip Washable Paint Brush Pens",
        "images": [
            {
                "perspective": "front",
                "featured": true,
                "sizes": [
                    {
                        "size": "xlarge",
                        "url": "https://www.kroger.com/product/images/xlarge/front/0007166206201"
                    },
                    {
                        "size": "large",
                        "url": "https://www.kroger.com/product/images/large/front/0007166206201"
                    },
                    {
                        "size": "medium",
                        "url": "https://www.kroger.com/product/images/medium/front/0007166206201"
                    },
                    {
                        "size": "small",
                        "url": "https://www.kroger.com/product/images/small/front/0007166206201"
                    },
                    {
                        "size": "thumbnail",
                        "url": "https://www.kroger.com/product/images/thumbnail/front/0007166206201"
                    }
                ]
            }
        ],
        "items": [
            {
                "itemId": "0007166206201",
                "inventory": {
                    "stockLevel": "HIGH"
                },
                "favorite": false,
                "fulfillment": {
                    "curbside": true,
                    "delivery": true,
                    "inStore": true,
                    "shipToHome": false
                },
                "price": {
                    "regular": 5.79,
                    "promo": 0
                },
                "size": "5 pk",
                "soldBy": "UNIT"
            }
        ],
        "itemInformation": {
            "depth": "0.69",
            "height": "9.0",
            "width": "4.88"
        },
        "temperature": {
            "indicator": "Ambient",
            "heatSensitive": false
        }
    },
    {
        "productId": "0007251225129",
        "upc": "0007251225129",
        "productPageURI": "/p/pentel-energel-pearl-deluxe-liquid-gel-pens-black/0007251225129?cid=dis.api.tpi_products-api_20240521_b:all_c:np_t:lookupproduct-243261",
        "aisleLocations": [
            {
                "bayNumber": "17",
                "description": "AISLE 12",
                "number": "12",
                "numberOfFacings": "1",
                "side": "L",
                "shelfNumber": "6",
                "shelfPositionInBay": "25"
            }
        ],
        "brand": "Pentel",
        "categories": [
            "Office, School, & Crafts"
        ],
        "description": "Pentel EnerGel Pearl Deluxe Liquid Gel Pens - Black",
        "images": [
            {
                "perspective": "front",
                "featured": true,
                "sizes": [
                    {
                        "size": "xlarge",
                        "url": "https://www.kroger.com/product/images/xlarge/front/0007251225129"
                    },
                    {
                        "size": "large",
                        "url": "https://www.kroger.com/product/images/large/front/0007251225129"
                    },
                    {
                        "size": "medium",
                        "url": "https://www.kroger.com/product/images/medium/front/0007251225129"
                    },
                    {
                        "size": "small",
                        "url": "https://www.kroger.com/product/images/small/front/0007251225129"
                    },
                    {
                        "size": "thumbnail",
                        "url": "https://www.kroger.com/product/images/thumbnail/front/0007251225129"
                    }
                ]
            }
        ],
        "items": [
            {
                "itemId": "0007251225129",
                "inventory": {
                    "stockLevel": "HIGH"
                },
                "favorite": false,
                "fulfillment": {
                    "curbside": true,
                    "delivery": true,
                    "inStore": true,
                    "shipToHome": false
                },
                "price": {
                    "regular": 4.99,
                    "promo": 3.99
                },
                "size": "2 pk",
                "soldBy": "UNIT"
            }
        ],
        "itemInformation": {
            "depth": "0.63",
            "height": "7.63",
            "width": "2.38"
        },
        "temperature": {
            "indicator": "Ambient",
            "heatSensitive": false
        }
    },
    {
        "productId": "0007033091354",
        "upc": "0007033091354",
        "productPageURI": "/p/bic-cristal-xtra-smooth-medium-ball-point-pens-red/0007033091354?cid=dis.api.tpi_products-api_20240521_b:all_c:np_t:lookupproduct-243261",
        "aisleLocations": [],
        "brand": "BIC",
        "categories": [
            "Office, School, & Crafts"
        ],
        "description": "BIC Cristal Xtra Smooth Medium Ball Point Pens - Red",
        "images": [
            {
                "perspective": "front",
                "featured": true,
                "sizes": [
                    {
                        "size": "xlarge",
                        "url": "https://www.kroger.com/product/images/xlarge/front/0007033091354"
                    },
                    {
                        "size": "large",
                        "url": "https://www.kroger.com/product/images/large/front/0007033091354"
                    },
                    {
                        "size": "medium",
                        "url": "https://www.kroger.com/product/images/medium/front/0007033091354"
                    },
                    {
                        "size": "small",
                        "url": "https://www.kroger.com/product/images/small/front/0007033091354"
                    },
                    {
                        "size": "thumbnail",
                        "url": "https://www.kroger.com/product/images/thumbnail/front/0007033091354"
                    }
                ]
            }
        ],
        "items": [
            {
                "itemId": "0007033091354",
                "inventory": {
                    "stockLevel": "HIGH"
                },
                "favorite": false,
                "fulfillment": {
                    "curbside": false,
                    "delivery": false,
                    "inStore": false,
                    "shipToHome": false
                },
                "price": {
                    "regular": 2.99,
                    "promo": 1.29
                },
                "size": "10 pk",
                "soldBy": "UNIT"
            }
        ],
        "itemInformation": {},
        "temperature": {
            "indicator": "Ambient",
            "heatSensitive": false
        }
    },
    {
        "productId": "0007164103097",
        "upc": "0007164103097",
        "productPageURI": "/p/sharpie-medium-point-pens-black/0007164103097?cid=dis.api.tpi_products-api_20240521_b:all_c:np_t:lookupproduct-243261",
        "aisleLocations": [
            {
                "bayNumber": "17",
                "description": "AISLE 12",
                "number": "12",
                "numberOfFacings": "1",
                "side": "L",
                "shelfNumber": "6",
                "shelfPositionInBay": "35"
            }
        ],
        "brand": "Sharpie",
        "categories": [
            "Office, School, & Crafts"
        ],
        "countryOrigin": "JAPAN",
        "description": "Sharpie Medium Point Pens - Black",
        "images": [
            {
                "perspective": "front",
                "featured": true,
                "sizes": [
                    {
                        "size": "xlarge",
                        "url": "https://www.kroger.com/product/images/xlarge/front/0007164103097"
                    },
                    {
                        "size": "large",
                        "url": "https://www.kroger.com/product/images/large/front/0007164103097"
                    },
                    {
                        "size": "medium",
                        "url": "https://www.kroger.com/product/images/medium/front/0007164103097"
                    },
                    {
                        "size": "small",
                        "url": "https://www.kroger.com/product/images/small/front/0007164103097"
                    },
                    {
                        "size": "thumbnail",
                        "url": "https://www.kroger.com/product/images/thumbnail/front/0007164103097"
                    }
                ]
            }
        ],
        "items": [
            {
                "itemId": "0007164103097",
                "inventory": {
                    "stockLevel": "HIGH"
                },
                "favorite": false,
                "fulfillment": {
                    "curbside": true,
                    "delivery": true,
                    "inStore": true,
                    "shipToHome": false
                },
                "price": {
                    "regular": 4.29,
                    "promo": 2.99
                },
                "size": "2 pk",
                "soldBy": "UNIT"
            }
        ],
        "itemInformation": {
            "depth": "0.63",
            "height": "7.63",
            "width": "2.44"
        },
        "temperature": {
            "indicator": "Ambient",
            "heatSensitive": false
        }
    },
    {
        "productId": "0007164110400",
        "upc": "0007164110400",
        "productPageURI": "/p/paper-mate-inkjoy-medium-point-pens-8-pack/0007164110400?cid=dis.api.tpi_products-api_20240521_b:all_c:np_t:lookupproduct-243261",
        "aisleLocations": [],
        "brand": "Paper Mate\u00ae",
        "categories": [
            "Office, School, & Crafts"
        ],
        "description": "Paper Mate\u00ae InkJoy\u00ae Medium Point Pens 8 Pack",
        "images": [
            {
                "perspective": "front",
                "featured": true,
                "sizes": [
                    {
                        "size": "xlarge",
                        "url": "https://www.kroger.com/product/images/xlarge/front/0007164110400"
                    },
                    {
                        "size": "large",
                        "url": "https://www.kroger.com/product/images/large/front/0007164110400"
                    },
                    {
                        "size": "medium",
                        "url": "https://www.kroger.com/product/images/medium/front/0007164110400"
                    },
                    {
                        "size": "small",
                        "url": "https://www.kroger.com/product/images/small/front/0007164110400"
                    },
                    {
                        "size": "thumbnail",
                        "url": "https://www.kroger.com/product/images/thumbnail/front/0007164110400"
                    }
                ]
            }
        ],
        "items": [
            {
                "itemId": "0007164110400",
                "inventory": {
                    "stockLevel": "HIGH"
                },
                "favorite": false,
                "fulfillment": {
                    "curbside": false,
                    "delivery": false,
                    "inStore": false,
                    "shipToHome": false
                },
                "price": {
                    "regular": 2.79,
                    "promo": 1.79
                },
                "size": "8 pk",
                "soldBy": "UNIT"
            }
        ],
        "itemInformation": {},
        "temperature": {
            "indicator": "Ambient",
            "heatSensitive": false
        }
    },
    {
        "productId": "0007251226189",
        "upc": "0007251226189",
        "productPageURI": "/p/pentel-energel-pearl-liquid-gel-pens/0007251226189?cid=dis.api.tpi_products-api_20240521_b:all_c:np_t:lookupproduct-243261",
        "aisleLocations": [
            {
                "description": "DRUG/GM",
                "number": "0"
            }
        ],
        "brand": "Pentel",
        "categories": [
            "Office, School, & Crafts"
        ],
        "countryOrigin": "MEXICO",
        "description": "Pentel EnerGel Pearl Liquid Gel Pens",
        "images": [
            {
                "perspective": "front",
                "featured": true,
                "sizes": [
                    {
                        "size": "xlarge",
                        "url": "https://www.kroger.com/product/images/xlarge/front/0007251226189"
                    },
                    {
                        "size": "large",
                        "url": "https://www.kroger.com/product/images/large/front/0007251226189"
                    },
                    {
                        "size": "medium",
                        "url": "https://www.kroger.com/product/images/medium/front/0007251226189"
                    },
                    {
                        "size": "small",
                        "url": "https://www.kroger.com/product/images/small/front/0007251226189"
                    },
                    {
                        "size": "thumbnail",
                        "url": "https://www.kroger.com/product/images/thumbnail/front/0007251226189"
                    }
                ]
            }
        ],
        "items": [
            {
                "itemId": "0007251226189",
                "inventory": {
                    "stockLevel": "HIGH"
                },
                "favorite": false,
                "fulfillment": {
                    "curbside": true,
                    "delivery": true,
                    "inStore": true,
                    "shipToHome": false
                },
                "price": {
                    "regular": 8.99,
                    "promo": 0
                },
                "size": "4 pk",
                "soldBy": "UNIT"
            }
        ],
        "itemInformation": {
            "depth": "0.75",
            "height": "7.35",
            "width": "3.18"
        },
        "temperature": {
            "indicator": "Ambient",
            "heatSensitive": false
        }
    },
    {
        "productId": "0007033014367",
        "upc": "0007033014367",
        "productPageURI": "/p/bic-atlantis-medium-point-ball-pens-black/0007033014367?cid=dis.api.tpi_products-api_20240521_b:all_c:np_t:lookupproduct-243261",
        "aisleLocations": [],
        "brand": "BIC",
        "categories": [
            "Office, School, & Crafts"
        ],
        "description": "BIC Atlantis Medium Point Ball Pens - Black",
        "images": [
            {
                "perspective": "front",
                "featured": true,
                "sizes": [
                    {
                        "size": "xlarge",
                        "url": "https://www.kroger.com/product/images/xlarge/front/0007033014367"
                    },
                    {
                        "size": "large",
                        "url": "https://www.kroger.com/product/images/large/front/0007033014367"
                    },
                    {
                        "size": "medium",
                        "url": "https://www.kroger.com/product/images/medium/front/0007033014367"
                    },
                    {
                        "size": "small",
                        "url": "https://www.kroger.com/product/images/small/front/0007033014367"
                    },
                    {
                        "size": "thumbnail",
                        "url": "https://www.kroger.com/product/images/thumbnail/front/0007033014367"
                    }
                ]
            }
        ],
        "items": [
            {
                "itemId": "0007033014367",
                "inventory": {
                    "stockLevel": "HIGH"
                },
                "favorite": false,
                "fulfillment": {
                    "curbside": true,
                    "delivery": true,
                    "inStore": true,
                    "shipToHome": false
                },
                "price": {
                    "regular": 2.69,
                    "promo": 0
                },
                "size": "2 pk",
                "soldBy": "UNIT"
            }
        ],
        "itemInformation": {},
        "temperature": {
            "indicator": "Ambient",
            "heatSensitive": false
        }
    },
    {
        "productId": "0007283831065",
        "upc": "0007283831065",
        "productPageURI": "/p/pilot-g2-premium-gel-roller-pens-assorted/0007283831065?cid=dis.api.tpi_products-api_20240521_b:all_c:np_t:lookupproduct-243261",
        "aisleLocations": [],
        "brand": "Pilot",
        "categories": [
            "Office, School, & Crafts"
        ],
        "description": "Pilot G2 Premium Gel Roller Pens - Assorted",
        "images": [
            {
                "perspective": "front",
                "featured": true,
                "sizes": [
                    {
                        "size": "xlarge",
                        "url": "https://www.kroger.com/product/images/xlarge/front/0007283831065"
                    },
                    {
                        "size": "large",
                        "url": "https://www.kroger.com/product/images/large/front/0007283831065"
                    },
                    {
                        "size": "medium",
                        "url": "https://www.kroger.com/product/images/medium/front/0007283831065"
                    },
                    {
                        "size": "small",
                        "url": "https://www.kroger.com/product/images/small/front/0007283831065"
                    },
                    {
                        "size": "thumbnail",
                        "url": "https://www.kroger.com/product/images/thumbnail/front/0007283831065"
                    }
                ]
            }
        ],
        "items": [
            {
                "itemId": "0007283831065",
                "inventory": {
                    "stockLevel": "HIGH"
                },
                "favorite": false,
                "fulfillment": {
                    "curbside": false,
                    "delivery": false,
                    "inStore": false,
                    "shipToHome": false
                },
                "price": {
                    "regular": 7.49,
                    "promo": 3.74
                },
                "size": "4 pk",
                "soldBy": "UNIT"
            }
        ],
        "itemInformation": {},
        "temperature": {
            "indicator": "Ambient",
            "heatSensitive": false
        }
    },
    {
        "productId": "0004588827122",
        "upc": "0004588827122",
        "productPageURI": "/p/zebra-fine-point-durable-stainless-steel-retractable-ballpoint-pens-blue/0004588827122?cid=dis.api.tpi_products-api_20240521_b:all_c:np_t:lookupproduct-243261",
        "aisleLocations": [
            {
                "description": "DRUG/GM",
                "number": "0"
            }
        ],
        "brand": "Zebra",
        "categories": [
            "Office, School, & Crafts"
        ],
        "countryOrigin": "INDONESIA",
        "description": "Zebra Fine Point Durable Stainless Steel Retractable Ballpoint Pens - Blue",
        "images": [
            {
                "perspective": "front",
                "featured": true,
                "sizes": [
                    {
                        "size": "xlarge",
                        "url": "https://www.kroger.com/product/images/xlarge/front/0004588827122"
                    },
                    {
                        "size": "large",
                        "url": "https://www.kroger.com/product/images/large/front/0004588827122"
                    },
                    {
                        "size": "medium",
                        "url": "https://www.kroger.com/product/images/medium/front/0004588827122"
                    },
                    {
                        "size": "small",
                        "url": "https://www.kroger.com/product/images/small/front/0004588827122"
                    },
                    {
                        "size": "thumbnail",
                        "url": "https://www.kroger.com/product/images/thumbnail/front/0004588827122"
                    }
                ]
            }
        ],
        "items": [
            {
                "itemId": "0004588827122",
                "inventory": {
                    "stockLevel": "HIGH"
                },
                "favorite": false,
                "fulfillment": {
                    "curbside": false,
                    "delivery": false,
                    "inStore": false,
                    "shipToHome": false
                },
                "price": {
                    "regular": 5.49,
                    "promo": 0
                },
                "size": "2 pk",
                "soldBy": "UNIT"
            }
        ],
        "itemInformation": {
            "depth": "0.6",
            "height": "7.5",
            "width": "2.25"
        },
        "temperature": {
            "indicator": "Ambient",
            "heatSensitive": false
        }
    },
    {
        "productId": "0007033035567",
        "upc": "0007033035567",
        "productPageURI": "/p/bic-gel-ocity-quick-dry-gel-pens-2-pack-blue/0007033035567?cid=dis.api.tpi_products-api_20240521_b:all_c:np_t:lookupproduct-243261",
        "aisleLocations": [],
        "brand": "BIC",
        "categories": [
            "Office, School, & Crafts"
        ],
        "description": "BIC Gel-ocity Quick Dry Gel Pens - 2 Pack - Blue",
        "images": [
            {
                "perspective": "front",
                "featured": true,
                "sizes": [
                    {
                        "size": "xlarge",
                        "url": "https://www.kroger.com/product/images/xlarge/front/0007033035567"
                    },
                    {
                        "size": "large",
                        "url": "https://www.kroger.com/product/images/large/front/0007033035567"
                    },
                    {
                        "size": "medium",
                        "url": "https://www.kroger.com/product/images/medium/front/0007033035567"
                    },
                    {
                        "size": "small",
                        "url": "https://www.kroger.com/product/images/small/front/0007033035567"
                    },
                    {
                        "size": "thumbnail",
                        "url": "https://www.kroger.com/product/images/thumbnail/front/0007033035567"
                    }
                ]
            }
        ],
        "items": [
            {
                "itemId": "0007033035567",
                "inventory": {
                    "stockLevel": "TEMPORARILY_OUT_OF_STOCK"
                },
                "favorite": false,
                "fulfillment": {
                    "curbside": true,
                    "delivery": true,
                    "inStore": true,
                    "shipToHome": false
                },
                "price": {
                    "regular": 4.49,
                    "promo": 2.79
                },
                "size": "2 pk",
                "soldBy": "UNIT"
            }
        ],
        "itemInformation": {},
        "temperature": {
            "indicator": "Ambient",
            "heatSensitive": false
        }
    },
    {
        "productId": "0007033035566",
        "upc": "0007033035566",
        "productPageURI": "/p/bic-gel-ocity-quick-dry-pens-black/0007033035566?cid=dis.api.tpi_products-api_20240521_b:all_c:np_t:lookupproduct-243261",
        "aisleLocations": [],
        "brand": "BIC",
        "categories": [
            "Office, School, & Crafts"
        ],
        "description": "BIC Gel-ocity Quick Dry Pens - Black",
        "images": [
            {
                "perspective": "front",
                "featured": true,
                "sizes": [
                    {
                        "size": "xlarge",
                        "url": "https://www.kroger.com/product/images/xlarge/front/0007033035566"
                    },
                    {
                        "size": "large",
                        "url": "https://www.kroger.com/product/images/large/front/0007033035566"
                    },
                    {
                        "size": "medium",
                        "url": "https://www.kroger.com/product/images/medium/front/0007033035566"
                    },
                    {
                        "size": "small",
                        "url": "https://www.kroger.com/product/images/small/front/0007033035566"
                    },
                    {
                        "size": "thumbnail",
                        "url": "https://www.kroger.com/product/images/thumbnail/front/0007033035566"
                    }
                ]
            }
        ],
        "items": [
            {
                "itemId": "0007033035566",
                "inventory": {
                    "stockLevel": "HIGH"
                },
                "favorite": false,
                "fulfillment": {
                    "curbside": false,
                    "delivery": false,
                    "inStore": false,
                    "shipToHome": false
                },
                "price": {
                    "regular": 4.49,
                    "promo": 2.79
                },
                "size": "2 pk",
                "soldBy": "UNIT"
            }
        ],
        "itemInformation": {},
        "temperature": {
            "indicator": "Ambient",
            "heatSensitive": false
        }
    },
    {
        "productId": "0004154084044",
        "upc": "0004154084044",
        "productPageURI": "/p/paper-mate-flair-felt-tip-pens-assorted/0004154084044?cid=dis.api.tpi_products-api_20240521_b:all_c:np_t:lookupproduct-243261",
        "aisleLocations": [
            {
                "description": "DRUG/GM",
                "number": "0"
            }
        ],
        "brand": "Paper Mate\u00ae",
        "categories": [
            "Office, School, & Crafts"
        ],
        "countryOrigin": "MEXICO",
        "description": "Paper Mate\u00ae Flair Felt Tip Pens - Assorted",
        "images": [
            {
                "perspective": "front",
                "featured": true,
                "sizes": [
                    {
                        "size": "xlarge",
                        "url": "https://www.kroger.com/product/images/xlarge/front/0004154084044"
                    },
                    {
                        "size": "large",
                        "url": "https://www.kroger.com/product/images/large/front/0004154084044"
                    },
                    {
                        "size": "medium",
                        "url": "https://www.kroger.com/product/images/medium/front/0004154084044"
                    },
                    {
                        "size": "small",
                        "url": "https://www.kroger.com/product/images/small/front/0004154084044"
                    },
                    {
                        "size": "thumbnail",
                        "url": "https://www.kroger.com/product/images/thumbnail/front/0004154084044"
                    }
                ]
            }
        ],
        "items": [
            {
                "itemId": "0004154084044",
                "inventory": {
                    "stockLevel": "HIGH"
                },
                "favorite": false,
                "fulfillment": {
                    "curbside": true,
                    "delivery": true,
                    "inStore": true,
                    "shipToHome": false
                },
                "price": {
                    "regular": 7.99,
                    "promo": 5.99
                },
                "size": "4 pk",
                "soldBy": "UNIT"
            }
        ],
        "itemInformation": {
            "depth": "0.56",
            "height": "7.63",
            "width": "3.75"
        },
        "temperature": {
            "indicator": "Ambient",
            "heatSensitive": false
        }
    },
    {
        "productId": "0007251220531",
        "upc": "0007251220531",
        "productPageURI": "/p/pentel-wow-ballpoint-pens-black/0007251220531?cid=dis.api.tpi_products-api_20240521_b:all_c:np_t:lookupproduct-243261",
        "aisleLocations": [],
        "brand": "Pentel",
        "categories": [
            "Office, School, & Crafts"
        ],
        "description": "Pentel Wow! Ballpoint Pens - Black",
        "images": [
            {
                "perspective": "front",
                "featured": true,
                "sizes": [
                    {
                        "size": "xlarge",
                        "url": "https://www.kroger.com/product/images/xlarge/front/0007251220531"
                    },
                    {
                        "size": "large",
                        "url": "https://www.kroger.com/product/images/large/front/0007251220531"
                    },
                    {
                        "size": "medium",
                        "url": "https://www.kroger.com/product/images/medium/front/0007251220531"
                    },
                    {
                        "size": "small",
                        "url": "https://www.kroger.com/product/images/small/front/0007251220531"
                    },
                    {
                        "size": "thumbnail",
                        "url": "https://www.kroger.com/product/images/thumbnail/front/0007251220531"
                    }
                ]
            }
        ],
        "items": [
            {
                "itemId": "0007251220531",
                "inventory": {
                    "stockLevel": "HIGH"
                },
                "favorite": false,
                "fulfillment": {
                    "curbside": false,
                    "delivery": false,
                    "inStore": false,
                    "shipToHome": false
                },
                "price": {
                    "regular": 4.49,
                    "promo": 1.99
                },
                "size": "5 pk",
                "soldBy": "UNIT"
            }
        ],
        "itemInformation": {},
        "temperature": {
            "indicator": "Ambient",
            "heatSensitive": false
        }
    },
    {
        "productId": "0007283831058",
        "upc": "0007283831058",
        "productPageURI": "/p/pilot-g2-fine-point-premium-gel-roller-pens-4-pack-blue/0007283831058?cid=dis.api.tpi_products-api_20240521_b:all_c:np_t:lookupproduct-243261",
        "aisleLocations": [],
        "brand": "Pilot",
        "categories": [
            "Office, School, & Crafts"
        ],
        "description": "Pilot G2 Fine Point Premium Gel Roller Pens - 4 Pack - Blue",
        "images": [
            {
                "perspective": "front",
                "featured": true,
                "sizes": [
                    {
                        "size": "xlarge",
                        "url": "https://www.kroger.com/product/images/xlarge/front/0007283831058"
                    },
                    {
                        "size": "large",
                        "url": "https://www.kroger.com/product/images/large/front/0007283831058"
                    },
                    {
                        "size": "medium",
                        "url": "https://www.kroger.com/product/images/medium/front/0007283831058"
                    },
                    {
                        "size": "small",
                        "url": "https://www.kroger.com/product/images/small/front/0007283831058"
                    },
                    {
                        "size": "thumbnail",
                        "url": "https://www.kroger.com/product/images/thumbnail/front/0007283831058"
                    }
                ]
            }
        ],
        "items": [
            {
                "itemId": "0007283831058",
                "inventory": {
                    "stockLevel": "HIGH"
                },
                "favorite": false,
                "fulfillment": {
                    "curbside": true,
                    "delivery": true,
                    "inStore": true,
                    "shipToHome": false
                },
                "price": {
                    "regular": 7.49,
                    "promo": 0
                },
                "size": "4 pk",
                "soldBy": "UNIT"
            }
        ],
        "itemInformation": {},
        "temperature": {
            "indicator": "Ambient",
            "heatSensitive": false
        }
    },
    {
        "productId": "0007283831014",
        "upc": "0007283831014",
        "productPageURI": "/p/pilot-g2-0-5mm-extra-fine-comfort-grip-gel-roller-pens-2-pack-black/0007283831014?cid=dis.api.tpi_products-api_20240521_b:all_c:np_t:lookupproduct-243261",
        "aisleLocations": [
            {
                "description": "DRUG/GM",
                "number": "0"
            }
        ],
        "brand": "Pilot",
        "categories": [
            "Office, School, & Crafts"
        ],
        "description": "Pilot G2 0.5mm Extra-Fine Comfort Grip Gel Roller Pens - 2 Pack - Black",
        "images": [
            {
                "perspective": "front",
                "featured": true,
                "sizes": [
                    {
                        "size": "xlarge",
                        "url": "https://www.kroger.com/product/images/xlarge/front/0007283831014"
                    },
                    {
                        "size": "large",
                        "url": "https://www.kroger.com/product/images/large/front/0007283831014"
                    },
                    {
                        "size": "medium",
                        "url": "https://www.kroger.com/product/images/medium/front/0007283831014"
                    },
                    {
                        "size": "small",
                        "url": "https://www.kroger.com/product/images/small/front/0007283831014"
                    },
                    {
                        "size": "thumbnail",
                        "url": "https://www.kroger.com/product/images/thumbnail/front/0007283831014"
                    }
                ]
            }
        ],
        "items": [
            {
                "itemId": "0007283831014",
                "inventory": {
                    "stockLevel": "HIGH"
                },
                "favorite": false,
                "fulfillment": {
                    "curbside": true,
                    "delivery": true,
                    "inStore": true,
                    "shipToHome": false
                },
                "price": {
                    "regular": 3.99,
                    "promo": 2.99
                },
                "size": "2 pk",
                "soldBy": "UNIT"
            }
        ],
        "itemInformation": {
            "depth": "0.68",
            "height": "7.25",
            "width": "2.5"
        },
        "temperature": {
            "indicator": "Ambient",
            "heatSensitive": false
        }
    },
    {
        "productId": "0007283831057",
        "upc": "0007283831057",
        "productPageURI": "/p/pilot-g2-comfort-grip-premium-gel-roller-pens-4-pack-black/0007283831057?cid=dis.api.tpi_products-api_20240521_b:all_c:np_t:lookupproduct-243261",
        "aisleLocations": [
            {
                "bayNumber": "17",
                "description": "AISLE 12",
                "number": "12",
                "numberOfFacings": "1",
                "side": "L",
                "shelfNumber": "6",
                "shelfPositionInBay": "11"
            }
        ],
        "brand": "Pilot",
        "categories": [
            "Office, School, & Crafts"
        ],
        "description": "Pilot G2 Comfort Grip Premium Gel Roller Pens - 4 Pack - Black",
        "images": [
            {
                "perspective": "front",
                "featured": true,
                "sizes": [
                    {
                        "size": "xlarge",
                        "url": "https://www.kroger.com/product/images/xlarge/front/0007283831057"
                    },
                    {
                        "size": "large",
                        "url": "https://www.kroger.com/product/images/large/front/0007283831057"
                    },
                    {
                        "size": "medium",
                        "url": "https://www.kroger.com/product/images/medium/front/0007283831057"
                    },
                    {
                        "size": "small",
                        "url": "https://www.kroger.com/product/images/small/front/0007283831057"
                    },
                    {
                        "size": "thumbnail",
                        "url": "https://www.kroger.com/product/images/thumbnail/front/0007283831057"
                    }
                ]
            }
        ],
        "items": [
            {
                "itemId": "0007283831057",
                "inventory": {
                    "stockLevel": "HIGH"
                },
                "favorite": false,
                "fulfillment": {
                    "curbside": true,
                    "delivery": true,
                    "inStore": true,
                    "shipToHome": false
                },
                "price": {
                    "regular": 7.49,
                    "promo": 6.99
                },
                "size": "4 pk",
                "soldBy": "UNIT"
            }
        ],
        "itemInformation": {},
        "temperature": {
            "indicator": "Ambient",
            "heatSensitive": false
        }
    },
    {
        "productId": "0007283831254",
        "upc": "0007283831254",
        "productPageURI": "/p/pilot-g2-bold-point-gel-pens-black/0007283831254?cid=dis.api.tpi_products-api_20240521_b:all_c:np_t:lookupproduct-243261",
        "aisleLocations": [],
        "brand": "Pilot",
        "categories": [
            "Office, School, & Crafts"
        ],
        "countryOrigin": "CHINA",
        "description": "Pilot G2 Bold Point Gel Pens - Black",
        "images": [
            {
                "perspective": "front",
                "featured": true,
                "sizes": [
                    {
                        "size": "xlarge",
                        "url": "https://www.kroger.com/product/images/xlarge/front/0007283831254"
                    },
                    {
                        "size": "large",
                        "url": "https://www.kroger.com/product/images/large/front/0007283831254"
                    },
                    {
                        "size": "medium",
                        "url": "https://www.kroger.com/product/images/medium/front/0007283831254"
                    },
                    {
                        "size": "small",
                        "url": "https://www.kroger.com/product/images/small/front/0007283831254"
                    },
                    {
                        "size": "thumbnail",
                        "url": "https://www.kroger.com/product/images/thumbnail/front/0007283831254"
                    }
                ]
            }
        ],
        "items": [
            {
                "itemId": "0007283831254",
                "inventory": {
                    "stockLevel": "TEMPORARILY_OUT_OF_STOCK"
                },
                "favorite": false,
                "fulfillment": {
                    "curbside": false,
                    "delivery": false,
                    "inStore": false,
                    "shipToHome": false
                },
                "price": {
                    "regular": 7.49,
                    "promo": 6.99
                },
                "size": "4 pk",
                "soldBy": "UNIT"
            }
        ],
        "itemInformation": {},
        "temperature": {
            "indicator": "Ambient",
            "heatSensitive": false
        }
    },
    {
        "productId": "0007033020122",
        "upc": "0007033020122",
        "productPageURI": "/p/bic-round-stic-xtra-life-medium-point-pens-blue/0007033020122?cid=dis.api.tpi_products-api_20240521_b:all_c:np_t:lookupproduct-243261",
        "aisleLocations": [],
        "brand": "BIC",
        "categories": [
            "Office, School, & Crafts"
        ],
        "countryOrigin": "UNITED STATES",
        "description": "BIC Round Stic Xtra Life Medium Point Pens - Blue",
        "images": [
            {
                "perspective": "front",
                "featured": true,
                "sizes": [
                    {
                        "size": "xlarge",
                        "url": "https://www.kroger.com/product/images/xlarge/front/0007033020122"
                    },
                    {
                        "size": "large",
                        "url": "https://www.kroger.com/product/images/large/front/0007033020122"
                    },
                    {
                        "size": "medium",
                        "url": "https://www.kroger.com/product/images/medium/front/0007033020122"
                    },
                    {
                        "size": "small",
                        "url": "https://www.kroger.com/product/images/small/front/0007033020122"
                    },
                    {
                        "size": "thumbnail",
                        "url": "https://www.kroger.com/product/images/thumbnail/front/0007033020122"
                    }
                ]
            }
        ],
        "items": [
            {
                "itemId": "0007033020122",
                "favorite": false,
                "fulfillment": {
                    "curbside": false,
                    "delivery": false,
                    "inStore": false,
                    "shipToHome": false
                },
                "size": "10 pk"
            }
        ],
        "itemInformation": {},
        "temperature": {
            "indicator": "Ambient",
            "heatSensitive": false
        }
    },
    {
        "productId": "0007033019627",
        "upc": "0007033019627",
        "productPageURI": "/p/bic-cristal-xtra-bold-ball-point-pens-8-pack-assorted/0007033019627?cid=dis.api.tpi_products-api_20240521_b:all_c:np_t:lookupproduct-243261",
        "aisleLocations": [],
        "brand": "BIC",
        "categories": [
            "Office, School, & Crafts"
        ],
        "description": "BIC Cristal Xtra-Bold Ball Point Pens - 8 Pack - Assorted",
        "images": [
            {
                "perspective": "front",
                "featured": true,
                "sizes": [
                    {
                        "size": "xlarge",
                        "url": "https://www.kroger.com/product/images/xlarge/front/0007033019627"
                    },
                    {
                        "size": "large",
                        "url": "https://www.kroger.com/product/images/large/front/0007033019627"
                    },
                    {
                        "size": "medium",
                        "url": "https://www.kroger.com/product/images/medium/front/0007033019627"
                    },
                    {
                        "size": "small",
                        "url": "https://www.kroger.com/product/images/small/front/0007033019627"
                    },
                    {
                        "size": "thumbnail",
                        "url": "https://www.kroger.com/product/images/thumbnail/front/0007033019627"
                    }
                ]
            }
        ],
        "items": [
            {
                "itemId": "0007033019627",
                "inventory": {
                    "stockLevel": "HIGH"
                },
                "favorite": false,
                "fulfillment": {
                    "curbside": true,
                    "delivery": true,
                    "inStore": true,
                    "shipToHome": false
                },
                "price": {
                    "regular": 2.99,
                    "promo": 1.29
                },
                "size": "8 pk",
                "soldBy": "UNIT"
            }
        ],
        "itemInformation": {},
        "temperature": {
            "indicator": "Ambient",
            "heatSensitive": false
        }
    },
    {
        "productId": "0007164117209",
        "upc": "0007164117209",
        "productPageURI": "/p/sharpie-s-gel-comfort-grip-0-7mm-gel-pens-black/0007164117209?cid=dis.api.tpi_products-api_20240521_b:all_c:np_t:lookupproduct-243261",
        "aisleLocations": [
            {
                "bayNumber": "17",
                "description": "AISLE 12",
                "number": "12",
                "numberOfFacings": "1",
                "side": "L",
                "shelfNumber": "6",
                "shelfPositionInBay": "20"
            }
        ],
        "brand": "Sharpie",
        "categories": [
            "Office, School, & Crafts"
        ],
        "countryOrigin": "UNITED STATES",
        "description": "Sharpie S-Gel Comfort Grip 0.7mm Gel Pens - Black",
        "images": [
            {
                "perspective": "front",
                "featured": true,
                "sizes": [
                    {
                        "size": "xlarge",
                        "url": "https://www.kroger.com/product/images/xlarge/front/0007164117209"
                    },
                    {
                        "size": "large",
                        "url": "https://www.kroger.com/product/images/large/front/0007164117209"
                    },
                    {
                        "size": "medium",
                        "url": "https://www.kroger.com/product/images/medium/front/0007164117209"
                    },
                    {
                        "size": "small",
                        "url": "https://www.kroger.com/product/images/small/front/0007164117209"
                    },
                    {
                        "size": "thumbnail",
                        "url": "https://www.kroger.com/product/images/thumbnail/front/0007164117209"
                    }
                ]
            }
        ],
        "items": [
            {
                "itemId": "0007164117209",
                "inventory": {
                    "stockLevel": "HIGH"
                },
                "favorite": false,
                "fulfillment": {
                    "curbside": true,
                    "delivery": true,
                    "inStore": true,
                    "shipToHome": false
                },
                "price": {
                    "regular": 3.79,
                    "promo": 2.79
                },
                "size": "2 pk",
                "soldBy": "UNIT"
            }
        ],
        "itemInformation": {
            "depth": "0.6",
            "height": "7.63",
            "width": "2.13"
        },
        "temperature": {
            "indicator": "Ambient",
            "heatSensitive": false
        }
    },
    {
        "productId": "0007283831250",
        "upc": "0007283831250",
        "productPageURI": "/p/pilot-g2-1-0mm-bold-point-premium-gel-roller-pens-2-pack-black/0007283831250?cid=dis.api.tpi_products-api_20240521_b:all_c:np_t:lookupproduct-243261",
        "aisleLocations": [
            {
                "bayNumber": "17",
                "description": "AISLE 12",
                "number": "12",
                "numberOfFacings": "1",
                "side": "L",
                "shelfNumber": "6",
                "shelfPositionInBay": "8"
            }
        ],
        "brand": "Pilot",
        "categories": [
            "Office, School, & Crafts"
        ],
        "description": "Pilot G2 1.0mm Bold Point Premium Gel Roller Pens - 2 Pack - Black",
        "images": [
            {
                "perspective": "front",
                "featured": true,
                "sizes": [
                    {
                        "size": "xlarge",
                        "url": "https://www.kroger.com/product/images/xlarge/front/0007283831250"
                    },
                    {
                        "size": "large",
                        "url": "https://www.kroger.com/product/images/large/front/0007283831250"
                    },
                    {
                        "size": "medium",
                        "url": "https://www.kroger.com/product/images/medium/front/0007283831250"
                    },
                    {
                        "size": "small",
                        "url": "https://www.kroger.com/product/images/small/front/0007283831250"
                    },
                    {
                        "size": "thumbnail",
                        "url": "https://www.kroger.com/product/images/thumbnail/front/0007283831250"
                    }
                ]
            }
        ],
        "items": [
            {
                "itemId": "0007283831250",
                "inventory": {
                    "stockLevel": "HIGH"
                },
                "favorite": false,
                "fulfillment": {
                    "curbside": true,
                    "delivery": true,
                    "inStore": true,
                    "shipToHome": false
                },
                "price": {
                    "regular": 3.99,
                    "promo": 2.99
                },
                "size": "2 pk",
                "soldBy": "UNIT"
            }
        ],
        "itemInformation": {},
        "temperature": {
            "indicator": "Ambient",
            "heatSensitive": false
        }
    },
    {
        "productId": "0007283846543",
        "upc": "0007283846543",
        "productPageURI": "/p/pilot-frixion-light-pastel-pens-5-pack-assorted/0007283846543?cid=dis.api.tpi_products-api_20240521_b:all_c:np_t:lookupproduct-243261",
        "aisleLocations": [],
        "brand": "Pilot",
        "categories": [
            "Office, School, & Crafts",
            "Office, School, & Crafts"
        ],
        "countryOrigin": "JAPAN",
        "description": "Pilot FriXion Light Pastel Pens 5 Pack - Assorted",
        "images": [
            {
                "perspective": "front",
                "featured": true,
                "sizes": [
                    {
                        "size": "xlarge",
                        "url": "https://www.kroger.com/product/images/xlarge/front/0007283846543"
                    },
                    {
                        "size": "large",
                        "url": "https://www.kroger.com/product/images/large/front/0007283846543"
                    },
                    {
                        "size": "medium",
                        "url": "https://www.kroger.com/product/images/medium/front/0007283846543"
                    },
                    {
                        "size": "small",
                        "url": "https://www.kroger.com/product/images/small/front/0007283846543"
                    },
                    {
                        "size": "thumbnail",
                        "url": "https://www.kroger.com/product/images/thumbnail/front/0007283846543"
                    }
                ]
            }
        ],
        "items": [
            {
                "itemId": "0007283846543",
                "inventory": {
                    "stockLevel": "HIGH"
                },
                "favorite": false,
                "fulfillment": {
                    "curbside": true,
                    "delivery": true,
                    "inStore": true,
                    "shipToHome": false
                },
                "price": {
                    "regular": 6.99,
                    "promo": 0
                },
                "size": "5 pk",
                "soldBy": "UNIT"
            }
        ],
        "itemInformation": {},
        "temperature": {
            "indicator": "Ambient",
            "heatSensitive": false
        }
    },
    {
        "productId": "0007033068271",
        "upc": "0007033068271",
        "productPageURI": "/p/bic-cristal-xtra-smooth-medium-black-ball-point-pens/0007033068271?cid=dis.api.tpi_products-api_20240521_b:all_c:np_t:lookupproduct-243261",
        "aisleLocations": [
            {
                "bayNumber": "17",
                "description": "AISLE 12",
                "number": "12",
                "numberOfFacings": "1",
                "side": "L",
                "shelfNumber": "5",
                "shelfPositionInBay": "8"
            }
        ],
        "brand": "BIC",
        "categories": [
            "Office, School, & Crafts"
        ],
        "countryOrigin": "MEXICO",
        "description": "BIC\u00ae Cristal Xtra Smooth Medium Black Ball Point Pens",
        "images": [
            {
                "perspective": "front",
                "featured": true,
                "sizes": [
                    {
                        "size": "xlarge",
                        "url": "https://www.kroger.com/product/images/xlarge/front/0007033068271"
                    },
                    {
                        "size": "large",
                        "url": "https://www.kroger.com/product/images/large/front/0007033068271"
                    },
                    {
                        "size": "medium",
                        "url": "https://www.kroger.com/product/images/medium/front/0007033068271"
                    },
                    {
                        "size": "small",
                        "url": "https://www.kroger.com/product/images/small/front/0007033068271"
                    },
                    {
                        "size": "thumbnail",
                        "url": "https://www.kroger.com/product/images/thumbnail/front/0007033068271"
                    }
                ]
            }
        ],
        "items": [
            {
                "itemId": "0007033068271",
                "inventory": {
                    "stockLevel": "HIGH"
                },
                "favorite": false,
                "fulfillment": {
                    "curbside": true,
                    "delivery": true,
                    "inStore": true,
                    "shipToHome": false
                },
                "price": {
                    "regular": 2.99,
                    "promo": 1.29
                },
                "size": "10 pk",
                "soldBy": "UNIT"
            }
        ],
        "itemInformation": {
            "depth": "0.53",
            "height": "6.9",
            "width": "4.21"
        },
        "temperature": {
            "indicator": "Ambient",
            "heatSensitive": false
        }
    },
    {
        "productId": "0007033031439",
        "upc": "0007033031439",
        "productPageURI": "/p/bic-gel-ocity-medium-point-gel-pens-2-pack-black/0007033031439?cid=dis.api.tpi_products-api_20240521_b:all_c:np_t:lookupproduct-243261",
        "aisleLocations": [],
        "brand": "BIC",
        "categories": [
            "Office, School, & Crafts"
        ],
        "description": "BIC Gel-ocity Medium Point Gel Pens - 2 Pack - Black",
        "images": [
            {
                "perspective": "front",
                "featured": true,
                "sizes": [
                    {
                        "size": "xlarge",
                        "url": "https://www.kroger.com/product/images/xlarge/front/0007033031439"
                    },
                    {
                        "size": "large",
                        "url": "https://www.kroger.com/product/images/large/front/0007033031439"
                    },
                    {
                        "size": "medium",
                        "url": "https://www.kroger.com/product/images/medium/front/0007033031439"
                    },
                    {
                        "size": "small",
                        "url": "https://www.kroger.com/product/images/small/front/0007033031439"
                    },
                    {
                        "size": "thumbnail",
                        "url": "https://www.kroger.com/product/images/thumbnail/front/0007033031439"
                    }
                ]
            }
        ],
        "items": [
            {
                "itemId": "0007033031439",
                "inventory": {
                    "stockLevel": "HIGH"
                },
                "favorite": false,
                "fulfillment": {
                    "curbside": true,
                    "delivery": true,
                    "inStore": true,
                    "shipToHome": false
                },
                "price": {
                    "regular": 2.49,
                    "promo": 0
                },
                "size": "2 ct",
                "soldBy": "UNIT"
            }
        ],
        "itemInformation": {},
        "temperature": {
            "indicator": "Ambient",
            "heatSensitive": false
        }
    },
    {
        "productId": "0004588822215",
        "upc": "0004588822215",
        "productPageURI": "/p/zebra-z-grip-medium-point-ball-point-pens-black/0004588822215?cid=dis.api.tpi_products-api_20240521_b:all_c:np_t:lookupproduct-243261",
        "aisleLocations": [
            {
                "description": "DRUG/GM",
                "number": "0"
            }
        ],
        "brand": "Z-Grip",
        "categories": [
            "Office, School, & Crafts"
        ],
        "countryOrigin": "CHINA",
        "description": "Zebra Z-Grip Medium Point Ball Point Pens - Black",
        "images": [
            {
                "perspective": "front",
                "featured": true,
                "sizes": [
                    {
                        "size": "xlarge",
                        "url": "https://www.kroger.com/product/images/xlarge/front/0004588822215"
                    },
                    {
                        "size": "large",
                        "url": "https://www.kroger.com/product/images/large/front/0004588822215"
                    },
                    {
                        "size": "medium",
                        "url": "https://www.kroger.com/product/images/medium/front/0004588822215"
                    },
                    {
                        "size": "small",
                        "url": "https://www.kroger.com/product/images/small/front/0004588822215"
                    },
                    {
                        "size": "thumbnail",
                        "url": "https://www.kroger.com/product/images/thumbnail/front/0004588822215"
                    }
                ]
            }
        ],
        "items": [
            {
                "itemId": "0004588822215",
                "inventory": {
                    "stockLevel": "HIGH"
                },
                "favorite": false,
                "fulfillment": {
                    "curbside": true,
                    "delivery": true,
                    "inStore": true,
                    "shipToHome": false
                },
                "price": {
                    "regular": 2.99,
                    "promo": 0
                },
                "size": "5 pk",
                "soldBy": "UNIT"
            }
        ],
        "itemInformation": {
            "depth": "0.59",
            "height": "7.5",
            "width": "3.3"
        },
        "temperature": {
            "indicator": "Ambient",
            "heatSensitive": false
        }
    },
    {
        "productId": "0007033068272",
        "upc": "0007033068272",
        "productPageURI": "/p/bic-cristal-xtra-smooth-ball-pen-medium-blue-68272-10-ct/0007033068272?cid=dis.api.tpi_products-api_20240521_b:all_c:np_t:lookupproduct-243261",
        "aisleLocations": [
            {
                "bayNumber": "17",
                "description": "AISLE 12",
                "number": "12",
                "numberOfFacings": "1",
                "side": "L",
                "shelfNumber": "5",
                "shelfPositionInBay": "7"
            }
        ],
        "brand": "BIC",
        "categories": [
            "Office, School, & Crafts"
        ],
        "countryOrigin": "MEXICO",
        "description": "BiC Cristal Xtra Smooth Ball Pen, Medium, Blue 68272, 10 Ct",
        "images": [
            {
                "perspective": "front",
                "featured": true,
                "sizes": [
                    {
                        "size": "xlarge",
                        "url": "https://www.kroger.com/product/images/xlarge/front/0007033068272"
                    },
                    {
                        "size": "large",
                        "url": "https://www.kroger.com/product/images/large/front/0007033068272"
                    },
                    {
                        "size": "medium",
                        "url": "https://www.kroger.com/product/images/medium/front/0007033068272"
                    },
                    {
                        "size": "small",
                        "url": "https://www.kroger.com/product/images/small/front/0007033068272"
                    },
                    {
                        "size": "thumbnail",
                        "url": "https://www.kroger.com/product/images/thumbnail/front/0007033068272"
                    }
                ]
            }
        ],
        "items": [
            {
                "itemId": "0007033068272",
                "inventory": {
                    "stockLevel": "HIGH"
                },
                "favorite": false,
                "fulfillment": {
                    "curbside": true,
                    "delivery": true,
                    "inStore": true,
                    "shipToHome": false
                },
                "price": {
                    "regular": 2.99,
                    "promo": 1.29
                },
                "size": "1",
                "soldBy": "UNIT"
            }
        ],
        "itemInformation": {
            "depth": "4.75",
            "height": "8.0",
            "width": "4.75"
        },
        "temperature": {
            "indicator": "Ambient",
            "heatSensitive": false
        }
    },
    {
        "productId": "0007164110389",
        "upc": "0007164110389",
        "productPageURI": "/p/paper-mate-inkjoy-ballpoint-pens/0007164110389?cid=dis.api.tpi_products-api_20240521_b:all_c:np_t:lookupproduct-243261",
        "aisleLocations": [
            {
                "bayNumber": "17",
                "description": "AISLE 12",
                "number": "12",
                "numberOfFacings": "1",
                "side": "L",
                "shelfNumber": "6",
                "shelfPositionInBay": "34"
            }
        ],
        "brand": "Paper Mate\u00ae",
        "categories": [
            "Office, School, & Crafts"
        ],
        "description": "Paper Mate\u00ae InkJoy\u00ae Ballpoint Pens",
        "images": [
            {
                "perspective": "front",
                "featured": true,
                "sizes": [
                    {
                        "size": "xlarge",
                        "url": "https://www.kroger.com/product/images/xlarge/front/0007164110389"
                    },
                    {
                        "size": "large",
                        "url": "https://www.kroger.com/product/images/large/front/0007164110389"
                    },
                    {
                        "size": "medium",
                        "url": "https://www.kroger.com/product/images/medium/front/0007164110389"
                    },
                    {
                        "size": "small",
                        "url": "https://www.kroger.com/product/images/small/front/0007164110389"
                    },
                    {
                        "size": "thumbnail",
                        "url": "https://www.kroger.com/product/images/thumbnail/front/0007164110389"
                    }
                ]
            }
        ],
        "items": [
            {
                "itemId": "0007164110389",
                "inventory": {
                    "stockLevel": "HIGH"
                },
                "favorite": false,
                "fulfillment": {
                    "curbside": true,
                    "delivery": true,
                    "inStore": true,
                    "shipToHome": false
                },
                "price": {
                    "regular": 4.79,
                    "promo": 3.49
                },
                "size": "8 ct",
                "soldBy": "UNIT"
            }
        ],
        "itemInformation": {
            "depth": "0.5",
            "height": "7.63",
            "width": "5.75"
        },
        "temperature": {
            "indicator": "Ambient",
            "heatSensitive": false
        }
    },
    {
        "productId": "0007251227215",
        "upc": "0007251227215",
        "productPageURI": "/p/pentel-energel-rtx-bold-point-liquid-gel-pens-assorted/0007251227215?cid=dis.api.tpi_products-api_20240521_b:all_c:np_t:lookupproduct-243261",
        "aisleLocations": [
            {
                "description": "DRUG/GM",
                "number": "0"
            }
        ],
        "brand": "Pentel",
        "categories": [
            "Office, School, & Crafts"
        ],
        "countryOrigin": "JAPAN",
        "description": "Pentel EnerGel RTX Bold Point Liquid Gel Pens - Assorted",
        "images": [
            {
                "perspective": "front",
                "featured": true,
                "sizes": [
                    {
                        "size": "xlarge",
                        "url": "https://www.kroger.com/product/images/xlarge/front/0007251227215"
                    },
                    {
                        "size": "large",
                        "url": "https://www.kroger.com/product/images/large/front/0007251227215"
                    },
                    {
                        "size": "medium",
                        "url": "https://www.kroger.com/product/images/medium/front/0007251227215"
                    },
                    {
                        "size": "small",
                        "url": "https://www.kroger.com/product/images/small/front/0007251227215"
                    },
                    {
                        "size": "thumbnail",
                        "url": "https://www.kroger.com/product/images/thumbnail/front/0007251227215"
                    }
                ]
            }
        ],
        "items": [
            {
                "itemId": "0007251227215",
                "inventory": {
                    "stockLevel": "HIGH"
                },
                "favorite": false,
                "fulfillment": {
                    "curbside": true,
                    "delivery": true,
                    "inStore": true,
                    "shipToHome": false
                },
                "price": {
                    "regular": 8.99,
                    "promo": 5.99
                },
                "size": "4 pk",
                "soldBy": "UNIT"
            }
        ],
        "itemInformation": {
            "depth": "0.63",
            "height": "7.38",
            "width": "3.25"
        },
        "temperature": {
            "indicator": "Ambient",
            "heatSensitive": false
        }
    },
    {
        "productId": "0007164110386",
        "upc": "0007164110386",
        "productPageURI": "/p/paper-mate-inkjoy-medium-point-retractable-pens-assorted/0007164110386?cid=dis.api.tpi_products-api_20240521_b:all_c:np_t:lookupproduct-243261",
        "aisleLocations": [],
        "brand": "Paper Mate\u00ae",
        "categories": [
            "Office, School, & Crafts"
        ],
        "description": "Paper Mate\u00ae InkJoy\u00ae Medium Point Retractable Pens - Assorted",
        "images": [
            {
                "perspective": "front",
                "featured": true,
                "sizes": [
                    {
                        "size": "xlarge",
                        "url": "https://www.kroger.com/product/images/xlarge/front/0007164110386"
                    },
                    {
                        "size": "large",
                        "url": "https://www.kroger.com/product/images/large/front/0007164110386"
                    },
                    {
                        "size": "medium",
                        "url": "https://www.kroger.com/product/images/medium/front/0007164110386"
                    },
                    {
                        "size": "small",
                        "url": "https://www.kroger.com/product/images/small/front/0007164110386"
                    },
                    {
                        "size": "thumbnail",
                        "url": "https://www.kroger.com/product/images/thumbnail/front/0007164110386"
                    }
                ]
            }
        ],
        "items": [
            {
                "itemId": "0007164110386",
                "inventory": {
                    "stockLevel": "HIGH"
                },
                "favorite": false,
                "fulfillment": {
                    "curbside": false,
                    "delivery": false,
                    "inStore": false,
                    "shipToHome": false
                },
                "price": {
                    "regular": 4.79,
                    "promo": 3.49
                },
                "size": "8 pk",
                "soldBy": "UNIT"
            }
        ],
        "itemInformation": {},
        "temperature": {
            "indicator": "Ambient",
            "heatSensitive": false
        }
    },
    {
        "productId": "0007033035821",
        "upc": "0007033035821",
        "productPageURI": "/p/bic-intensity-fineliner-color-collection-fine-point-marker-pens/0007033035821?cid=dis.api.tpi_products-api_20240521_b:all_c:np_t:lookupproduct-243261",
        "aisleLocations": [],
        "brand": "BIC",
        "categories": [
            "Office, School, & Crafts",
            "Office, School, & Crafts"
        ],
        "description": "BIC Intensity Fineliner Color Collection Fine Point Marker Pens",
        "images": [
            {
                "perspective": "front",
                "featured": true,
                "sizes": [
                    {
                        "size": "xlarge",
                        "url": "https://www.kroger.com/product/images/xlarge/front/0007033035821"
                    },
                    {
                        "size": "large",
                        "url": "https://www.kroger.com/product/images/large/front/0007033035821"
                    },
                    {
                        "size": "medium",
                        "url": "https://www.kroger.com/product/images/medium/front/0007033035821"
                    },
                    {
                        "size": "small",
                        "url": "https://www.kroger.com/product/images/small/front/0007033035821"
                    },
                    {
                        "size": "thumbnail",
                        "url": "https://www.kroger.com/product/images/thumbnail/front/0007033035821"
                    }
                ]
            }
        ],
        "items": [
            {
                "itemId": "0007033035821",
                "favorite": false,
                "fulfillment": {
                    "curbside": false,
                    "delivery": false,
                    "inStore": false,
                    "shipToHome": false
                },
                "price": {
                    "regular": 10.99,
                    "promo": 0
                },
                "size": "10 pk",
                "soldBy": "UNIT"
            }
        ],
        "itemInformation": {},
        "temperature": {
            "indicator": "Ambient",
            "heatSensitive": false
        }
    },
    {
        "productId": "0004154089469",
        "upc": "0004154089469",
        "productPageURI": "/p/paper-mate-profile-bold-ballpoint-pens-2-pack-blue/0004154089469?cid=dis.api.tpi_products-api_20240521_b:all_c:np_t:lookupproduct-243261",
        "aisleLocations": [
            {
                "bayNumber": "17",
                "description": "AISLE 12",
                "number": "12",
                "numberOfFacings": "1",
                "side": "L",
                "shelfNumber": "6",
                "shelfPositionInBay": "6"
            }
        ],
        "brand": "Paper Mate\u00ae",
        "categories": [
            "Office, School, & Crafts"
        ],
        "countryOrigin": "Korea (Republic of [South] Korea)",
        "description": "Paper Mate\u00ae Profile\u00ae Bold Ballpoint Pens 2 Pack - Blue",
        "images": [
            {
                "perspective": "front",
                "featured": true,
                "sizes": [
                    {
                        "size": "xlarge",
                        "url": "https://www.kroger.com/product/images/xlarge/front/0004154089469"
                    },
                    {
                        "size": "large",
                        "url": "https://www.kroger.com/product/images/large/front/0004154089469"
                    },
                    {
                        "size": "medium",
                        "url": "https://www.kroger.com/product/images/medium/front/0004154089469"
                    },
                    {
                        "size": "small",
                        "url": "https://www.kroger.com/product/images/small/front/0004154089469"
                    },
                    {
                        "size": "thumbnail",
                        "url": "https://www.kroger.com/product/images/thumbnail/front/0004154089469"
                    }
                ]
            }
        ],
        "items": [
            {
                "itemId": "0004154089469",
                "inventory": {
                    "stockLevel": "HIGH"
                },
                "favorite": false,
                "fulfillment": {
                    "curbside": true,
                    "delivery": true,
                    "inStore": true,
                    "shipToHome": false
                },
                "price": {
                    "regular": 2.79,
                    "promo": 1.49
                },
                "size": "2 pk",
                "soldBy": "UNIT"
            }
        ],
        "itemInformation": {
            "depth": "0.63",
            "height": "7.63",
            "width": "2.44"
        },
        "temperature": {
            "indicator": "Ambient",
            "heatSensitive": false
        }
    },
    {
        "productId": "0007283825001",
        "upc": "0007283825001",
        "productPageURI": "/p/pilot-precise-v5-premium-rolling-ball-pens-black/0007283825001?cid=dis.api.tpi_products-api_20240521_b:all_c:np_t:lookupproduct-243261",
        "aisleLocations": [],
        "brand": "Pilot",
        "categories": [
            "Office, School, & Crafts"
        ],
        "description": "Pilot Precise V5 Premium Rolling Ball Pens - Black",
        "images": [
            {
                "perspective": "front",
                "featured": true,
                "sizes": [
                    {
                        "size": "xlarge",
                        "url": "https://www.kroger.com/product/images/xlarge/front/0007283825001"
                    },
                    {
                        "size": "large",
                        "url": "https://www.kroger.com/product/images/large/front/0007283825001"
                    },
                    {
                        "size": "medium",
                        "url": "https://www.kroger.com/product/images/medium/front/0007283825001"
                    },
                    {
                        "size": "small",
                        "url": "https://www.kroger.com/product/images/small/front/0007283825001"
                    },
                    {
                        "size": "thumbnail",
                        "url": "https://www.kroger.com/product/images/thumbnail/front/0007283825001"
                    }
                ]
            },
            {
                "perspective": "back",
                "sizes": [
                    {
                        "size": "xlarge",
                        "url": "https://www.kroger.com/product/images/xlarge/back/0007283825001"
                    },
                    {
                        "size": "large",
                        "url": "https://www.kroger.com/product/images/large/back/0007283825001"
                    },
                    {
                        "size": "medium",
                        "url": "https://www.kroger.com/product/images/medium/back/0007283825001"
                    },
                    {
                        "size": "small",
                        "url": "https://www.kroger.com/product/images/small/back/0007283825001"
                    },
                    {
                        "size": "thumbnail",
                        "url": "https://www.kroger.com/product/images/thumbnail/back/0007283825001"
                    }
                ]
            }
        ],
        "items": [
            {
                "itemId": "0007283825001",
                "inventory": {
                    "stockLevel": "HIGH"
                },
                "favorite": false,
                "fulfillment": {
                    "curbside": true,
                    "delivery": true,
                    "inStore": true,
                    "shipToHome": false
                },
                "price": {
                    "regular": 4.29,
                    "promo": 0
                },
                "size": "2 pk",
                "soldBy": "UNIT"
            }
        ],
        "itemInformation": {},
        "temperature": {
            "indicator": "Ambient",
            "heatSensitive": false
        }
    },
    {
        "productId": "0004154001229",
        "upc": "0004154001229",
        "productPageURI": "/p/paper-mate-profile-0-7mm-gel-pens-blue/0004154001229?cid=dis.api.tpi_products-api_20240521_b:all_c:np_t:lookupproduct-243261",
        "aisleLocations": [],
        "brand": "Paper Mate\u00ae",
        "categories": [
            "Office, School, & Crafts"
        ],
        "countryOrigin": "UNITED STATES",
        "description": "Paper Mate\u00ae Profile 0.7mm Gel Pens - Blue",
        "images": [
            {
                "perspective": "front",
                "featured": true,
                "sizes": [
                    {
                        "size": "xlarge",
                        "url": "https://www.kroger.com/product/images/xlarge/front/0004154001229"
                    },
                    {
                        "size": "large",
                        "url": "https://www.kroger.com/product/images/large/front/0004154001229"
                    },
                    {
                        "size": "medium",
                        "url": "https://www.kroger.com/product/images/medium/front/0004154001229"
                    },
                    {
                        "size": "small",
                        "url": "https://www.kroger.com/product/images/small/front/0004154001229"
                    },
                    {
                        "size": "thumbnail",
                        "url": "https://www.kroger.com/product/images/thumbnail/front/0004154001229"
                    }
                ]
            }
        ],
        "items": [
            {
                "itemId": "0004154001229",
                "favorite": false,
                "fulfillment": {
                    "curbside": false,
                    "delivery": false,
                    "inStore": false,
                    "shipToHome": false
                },
                "price": {
                    "regular": 3.19,
                    "promo": 0
                },
                "size": "2 pk",
                "soldBy": "UNIT"
            }
        ],
        "itemInformation": {},
        "temperature": {
            "indicator": "Ambient",
            "heatSensitive": false
        }
    },
    {
        "productId": "0007283831034",
        "upc": "0007283831034",
        "productPageURI": "/p/pilot-g2-comfort-grip-premium-gel-roller-pens-4-pack-assorted/0007283831034?cid=dis.api.tpi_products-api_20240521_b:all_c:np_t:lookupproduct-243261",
        "aisleLocations": [
            {
                "description": "DRUG/GM",
                "number": "0"
            }
        ],
        "brand": "Pilot",
        "categories": [
            "Office, School, & Crafts"
        ],
        "description": "Pilot G2 Comfort Grip Premium Gel Roller Pens 4 Pack - Assorted",
        "images": [
            {
                "perspective": "front",
                "featured": true,
                "sizes": [
                    {
                        "size": "xlarge",
                        "url": "https://www.kroger.com/product/images/xlarge/front/0007283831034"
                    },
                    {
                        "size": "large",
                        "url": "https://www.kroger.com/product/images/large/front/0007283831034"
                    },
                    {
                        "size": "medium",
                        "url": "https://www.kroger.com/product/images/medium/front/0007283831034"
                    },
                    {
                        "size": "small",
                        "url": "https://www.kroger.com/product/images/small/front/0007283831034"
                    },
                    {
                        "size": "thumbnail",
                        "url": "https://www.kroger.com/product/images/thumbnail/front/0007283831034"
                    }
                ]
            }
        ],
        "items": [
            {
                "itemId": "0007283831034",
                "inventory": {
                    "stockLevel": "HIGH"
                },
                "favorite": false,
                "fulfillment": {
                    "curbside": true,
                    "delivery": true,
                    "inStore": true,
                    "shipToHome": false
                },
                "price": {
                    "regular": 7.49,
                    "promo": 6.99
                },
                "size": "1 pk",
                "soldBy": "UNIT"
            }
        ],
        "itemInformation": {},
        "temperature": {
            "indicator": "Ambient",
            "heatSensitive": false
        }
    }
]