[
    {
        "productId": "0004126000433",
        "upc": "0004126000433",
        "productPageURI": "/p/kroger-all-day-allergy-antihistamine-softgels-carded-pack/0004126000433?cid=dis.api.tpi_products-api_20240521_b:all_c:np_t:lookupproduct-243261",
        "aisleLocations": [],
        "brand": "Kroger",
        "categories": [
            "Health"
        ],
        "countryOrigin": "UNITED STATES",
        "description": "Kroger\u00ae All Day Allergy Antihistamine Softgels Carded Pack",
        "images": [
            {
                "perspective": "left",
                "sizes": [
                    {
                        "size": "xlarge",
                        "url": "https://www.kroger.com/product/images/xlarge/left/0004126000433"
                    },
                    {
                        "size": "large",
                        "url": "https://www.kroger.com/product/images/large/left/0004126000433"
                    },
                    {
                        "size": "medium",
                        "url": "https://www.kroger.com/product/images/medium/left/0004126000433"
                    },
                    {
                        "size": "small",
                        "url": "https://www.kroger.com/product/images/small/left/0004126000433"
                    },
                    {
                        "size": "thumbnail",
                        "url": "https://www.kroger.com/product/images/thumbnail/left/0004126000433"
                    }
                ]
            },
            {
                "perspective": "front",
                "featured": true,
                "sizes": [
                    {
                        "size": "xlarge",
                        "url": "https://www.kroger.com/product/images/xlarge/front/0004126000433"
                    },
                    {
                        "size": "large",
                        "url": "https://www.kroger.com/product/images/large/front/0004126000433"
                    },
                    {
                        "size": "medium",
                        "url": "https://www.kroger.com/product/images/medium/front/0004126000433"
                    },
                    {
                        "size": "small",
                        "url": "https://www.kroger.com/product/images/small/front/0004126000433"
                    },
                    {
                        "size": "thumbnail",
                        "url": "https://www.kroger.com/product/images/thumbnail/front/0004126000433"
                    }
                ]
            },
            {
                "perspective": "right",
                "sizes": [
                    {
                        "size": "xlarge",
                        "url": "https://www.kroger.com/product/images/xlarge/right/0004126000433"
                    },
                    {
                        "size": "large",
                        "url": "https://www.kroger.com/product/images/large/right/0004126000433"
                    },
                    {
                        "size": "medium",
                        "url": "https://www.kroger.com/product/images/medium/right/0004126000433"
                    },
                    {
                        "size": "small",
                        "url": "https://www.kroger.com/product/images/small/right/0004126000433"
                    },
                    {
                        "size": "thumbnail",
                        "url": "https://www.kroger.com/product/images/thumbnail/right/0004126000433"
                    }
                ]
            }
        ],
        "items": [
            {
                "itemId": "0004126000433",
                "inventory": {
                    "stockLevel": "HIGH"
                },
                "favorite": false,
                "fulfillment": {
                    "curbside": false,
                    "delivery": false,
                    "inStore": false,
                    "shipToHome": false
                },
                "size": "25 ct"
            }
        ],
        "itemInformation": {},
        "temperature": {
            "indicator": "Ambient",
            "heatSensitive": false
        }
    },
    {
        "productId": "0004126000348",
        "upc": "0004126000348",
        "productPageURI": "/p/kroger-maximum-strength-sinus-relief-pressure-pain-acetaminophen/0004126000348?cid=dis.api.tpi_products-api_20240521_b:all_c:np_t:lookupproduct-243261",
        "aisleLocations": [
            {
                "bayNumber": "3",
                "description": "AISLE 25",
                "number": "25",
                "numberOfFacings": "1",
                "side": "R",
                "shelfNumber": "2",
                "shelfPositionInBay": "5"
            }
        ],
        "brand": "Kroger",
        "categories": [
            "Health",
            "Health"
        ],
        "description": "Kroger\u00ae Maximum Strength Sinus Relief Pressure & Pain Acetaminophen",
        "images": [
            {
                "perspective": "left",
                "sizes": [
                    {
                        "size": "xlarge",
                        "url": "https://www.kroger.com/product/images/xlarge/left/0004126000348"
                    },
                    {
                        "size": "large",
                        "url": "https://www.kroger.com/product/images/large/left/0004126000348"
                    },
                    {
                        "size": "medium",
                        "url": "https://www.kroger.com/product/images/medium/left/0004126000348"
                    },
                    {
                        "size": "small",
                        "url": "https://www.kroger.com/product/images/small/left/0004126000348"
                    },
                    {
                        "size": "thumbnail",
                        "url": "https://www.kroger.com/product/images/thumbnail/left/0004126000348"
                    }
                ]
            },
            {
                "perspective": "front",
                "featured": true,
                "sizes": [
                    {
                        "size": "xlarge",
                        "url": "https://www.kroger.com/product/images/xlarge/front/0004126000348"
                    },
                    {
                        "size": "large",
                        "url": "https://www.kroger.com/product/images/large/front/0004126000348"
                    },
                    {
                        "size": "medium",
                        "url": "https://www.kroger.com/product/images/medium/front/0004126000348"
                    },
                    {
                        "size": "small",
                        "url": "https://www.kroger.com/product/images/small/front/0004126000348"
                    },
                    {
                        "size": "thumbnail",
                        "url": "https://www.kroger.com/product/images/thumbnail/front/0004126000348"
                    }
                ]
            },
            {
                "perspective": "right",
                "sizes": [
                    {
                        "size": "xlarge",
                        "url": "https://www.kroger.com/product/images/xlarge/right/0004126000348"
                    },
                    {
                        "size": "large",
                        "url": "https://www.kroger.com/product/images/large/right/0004126000348"
                    },
                    {
                        "size": "medium",
                        "url": "https://www.kroger.com/product/images/medium/right/0004126000348"
                    },
                    {
                        "size": "small",
                        "url": "https://www.kroger.com/product/images/small/right/0004126000348"
                    },
                    {
                        "size": "thumbnail",
                        "url": "https://www.kroger.com/product/images/thumbnail/right/0004126000348"
                    }
                ]
            }
        ],
        "items": [
            {
                "itemId": "0004126000348",
                "inventory": {
                    "stockLevel": "HIGH"
                },
                "favorite": false,
                "fulfillment": {
                    "curbside": true,
                    "delivery": true,
                    "inStore": true,
                    "shipToHome": false
                },
                "price": {
                    "regular": 8.49,
                    "promo": 0
                },
                "size": "20 ct",
                "soldBy": "UNIT"
            }
        ],
        "itemInformation": {},
        "temperature": {
            "indicator": "Ambient",
            "heatSensitive": false
        }
    },
    {
        "productId": "0004126000349",
        "upc": "0004126000349",
        "productPageURI": "/p/kroger-severe-daytime-non-drowsy-sinus-congestion-pain-caplets/0004126000349?cid=dis.api.tpi_products-api_20240521_b:all_c:np_t:lookupproduct-243261",
        "aisleLocations": [
            {
                "bayNumber": "4",
                "description": "AISLE 25",
                "number": "25",
                "numberOfFacings": "1",
                "side": "R",
                "shelfNumber": "2",
                "shelfPositionInBay": "10"
            }
        ],
        "brand": "Kroger",
        "categories": [
            "Health",
            "Health"
        ],
        "description": "Kroger\u00ae Severe Daytime Non-Drowsy Sinus Congestion & Pain Caplets",
        "images": [
            {
                "perspective": "left",
                "sizes": [
                    {
                        "size": "xlarge",
                        "url": "https://www.kroger.com/product/images/xlarge/left/0004126000349"
                    },
                    {
                        "size": "large",
                        "url": "https://www.kroger.com/product/images/large/left/0004126000349"
                    },
                    {
                        "size": "medium",
                        "url": "https://www.kroger.com/product/images/medium/left/0004126000349"
                    },
                    {
                        "size": "small",
                        "url": "https://www.kroger.com/product/images/small/left/0004126000349"
                    },
                    {
                        "size": "thumbnail",
                        "url": "https://www.kroger.com/product/images/thumbnail/left/0004126000349"
                    }
                ]
            },
            {
                "perspective": "right",
                "sizes": [
                    {
                        "size": "xlarge",
                        "url": "https://www.kroger.com/product/images/xlarge/right/0004126000349"
                    },
                    {
                        "size": "large",
                        "url": "https://www.kroger.com/product/images/large/right/0004126000349"
                    },
                    {
                        "size": "medium",
                        "url": "https://www.kroger.com/product/images/medium/right/0004126000349"
                    },
                    {
                        "size": "small",
                        "url": "https://www.kroger.com/product/images/small/right/0004126000349"
                    },
                    {
                        "size": "thumbnail",
                        "url": "https://www.kroger.com/product/images/thumbnail/right/0004126000349"
                    }
                ]
            },
            {
                "perspective": "front",
                "featured": true,
                "sizes": [
                    {
                        "size": "xlarge",
                        "url": "https://www.kroger.com/product/images/xlarge/front/0004126000349"
                    },
                    {
                        "size": "large",
                        "url": "https://www.kroger.com/product/images/large/front/0004126000349"
                    },
                    {
                        "size": "medium",
                        "url": "https://www.kroger.com/product/images/medium/front/0004126000349"
                    },
                    {
                        "size": "small",
                        "url": "https://www.kroger.com/product/images/small/front/0004126000349"
                    },
                    {
                        "size": "thumbnail",
                        "url": "https://www.kroger.com/product/images/thumbnail/front/0004126000349"
                    }
                ]
            }
        ],
        "items": [
            {
                "itemId": "0004126000349",
                "inventory": {
                    "stockLevel": "HIGH"
                },
                "favorite": false,
                "fulfillment": {
                    "curbside": true,
                    "delivery": true,
                    "inStore": true,
                    "shipToHome": false
                },
                "price": {
                    "regular": 4.99,
                    "promo": 0
                },
                "size": "24 ct",
                "soldBy": "UNIT"
            }
        ],
        "itemInformation": {},
        "temperature": {
            "indicator": "Ambient",
            "heatSensitive": false
        }
    },
    {
        "productId": "0004126000318",
        "upc": "0004126000318",
        "productPageURI": "/p/kroger-prescription-strength-ultimate-althlete-s-foot-antifungal-cream/0004126000318?cid=dis.api.tpi_products-api_20240521_b:all_c:np_t:lookupproduct-243261",
        "aisleLocations": [],
        "brand": "Kroger",
        "categories": [
            "Health"
        ],
        "countryOrigin": "CANADA",
        "description": "Kroger\u00ae Prescription Strength Ultimate Althlete's Foot Antifungal Cream",
        "images": [
            {
                "perspective": "front",
                "featured": true,
                "sizes": [
                    {
                        "size": "xlarge",
                        "url": "https://www.kroger.com/product/images/xlarge/front/0004126000318"
                    },
                    {
                        "size": "large",
                        "url": "https://www.kroger.com/product/images/large/front/0004126000318"
                    },
                    {
                        "size": "medium",
                        "url": "https://www.kroger.com/product/images/medium/front/0004126000318"
                    },
                    {
                        "size": "small",
                        "url": "https://www.kroger.com/product/images/small/front/0004126000318"
                    },
                    {
                        "size": "thumbnail",
                        "url": "https://www.kroger.com/product/images/thumbnail/front/0004126000318"
                    }
                ]
            }
        ],
        "items": [
            {
                "itemId": "0004126000318",
                "favorite": false,
                "fulfillment": {
                    "curbside": false,
                    "delivery": false,
                    "inStore": false,
                    "shipToHome": false
                },
                "price": {
                    "regular": 12.99,
                    "promo": 0
                },
                "size": "1 oz",
                "soldBy": "UNIT"
            }
        ],
        "itemInformation": {},
        "temperature": {
            "indicator": "Ambient",
            "heatSensitive": false
        }
    },
    {
        "productId": "0004126037764",
        "upc": "0004126037764",
        "productPageURI": "/p/kroger-children-s-sugar-free-bubble-gum-flavored-allergy-relief-liquid/0004126037764?cid=dis.api.tpi_products-api_20240521_b:all_c:np_t:lookupproduct-243261",
        "aisleLocations": [
            {
                "bayNumber": "1",
                "description": "AISLE 25",
                "number": "25",
                "numberOfFacings": "1",
                "side": "R",
                "shelfNumber": "3",
                "shelfPositionInBay": "5"
            }
        ],
        "brand": "Kroger",
        "categories": [
            "Health",
            "Health"
        ],
        "description": "Kroger\u00ae Children's Sugar Free Bubble Gum Flavored Allergy Relief Liquid",
        "images": [
            {
                "perspective": "front",
                "featured": true,
                "sizes": [
                    {
                        "size": "xlarge",
                        "url": "https://www.kroger.com/product/images/xlarge/front/0004126037764"
                    },
                    {
                        "size": "large",
                        "url": "https://www.kroger.com/product/images/large/front/0004126037764"
                    },
                    {
                        "size": "medium",
                        "url": "https://www.kroger.com/product/images/medium/front/0004126037764"
                    },
                    {
                        "size": "small",
                        "url": "https://www.kroger.com/product/images/small/front/0004126037764"
                    },
                    {
                        "size": "thumbnail",
                        "url": "https://www.kroger.com/product/images/thumbnail/front/0004126037764"
                    }
                ]
            }
        ],
        "items": [
            {
                "itemId": "0004126037764",
                "inventory": {
                    "stockLevel": "HIGH"
                },
                "favorite": false,
                "fulfillment": {
                    "curbside": true,
                    "delivery": true,
                    "inStore": true,
                    "shipToHome": false
                },
                "price": {
                    "regular": 7.99,
                    "promo": 0
                },
                "size": "4 fl oz",
                "soldBy": "UNIT"
            }
        ],
        "itemInformation": {},
        "temperature": {
            "indicator": "Ambient",
            "heatSensitive": false
        }
    },
    {
        "productId": "0004126037245",
        "upc": "0004126037245",
        "productPageURI": "/p/kroger-children-s-all-day-grape-flavor-allergy-relief-liquid/0004126037245?cid=dis.api.tpi_products-api_20240521_b:all_c:np_t:lookupproduct-243261",
        "aisleLocations": [
            {
                "bayNumber": "1",
                "description": "AISLE 25",
                "number": "25",
                "numberOfFacings": "1",
                "side": "R",
                "shelfNumber": "3",
                "shelfPositionInBay": "3"
            }
        ],
        "brand": "Kroger",
        "categories": [
            "Health",
            "Health"
        ],
        "description": "Kroger\u00ae Children's All Day Grape Flavor Allergy Relief Liquid",
        "images": [
            {
                "perspective": "front",
                "featured": true,
                "sizes": [
                    {
                        "size": "xlarge",
                        "url": "https://www.kroger.com/product/images/xlarge/front/0004126037245"
                    },
                    {
                        "size": "large",
                        "url": "https://www.kroger.com/product/images/large/front/0004126037245"
                    },
                    {
                        "size": "medium",
                        "url": "https://www.kroger.com/product/images/medium/front/0004126037245"
                    },
                    {
                        "size": "small",
                        "url": "https://www.kroger.com/product/images/small/front/0004126037245"
                    },
                    {
                        "size": "thumbnail",
                        "url": "https://www.kroger.com/product/images/thumbnail/front/0004126037245"
                    }
                ]
            },
            {
                "perspective": "back",
                "sizes": [
                    {
                        "size": "xlarge",
                        "url": "https://www.kroger.com/product/images/xlarge/back/0004126037245"
                    },
                    {
                        "size": "large",
                        "url": "https://www.kroger.com/product/images/large/back/0004126037245"
                    },
                    {
                        "size": "medium",
                        "url": "https://www.kroger.com/product/images/medium/back/0004126037245"
                    },
                    {
                        "size": "small",
                        "url": "https://www.kroger.com/product/images/small/back/0004126037245"
                    },
                    {
                        "size": "thumbnail",
                        "url": "https://www.kroger.com/product/images/thumbnail/back/0004126037245"
                    }
                ]
            },
            {
                "perspective": "left",
                "sizes": [
                    {
                        "size": "xlarge",
                        "url": "https://www.kroger.com/product/images/xlarge/left/0004126037245"
                    },
                    {
                        "size": "large",
                        "url": "https://www.kroger.com/product/images/large/left/0004126037245"
                    },
                    {
                        "size": "medium",
                        "url": "https://www.kroger.com/product/images/medium/left/0004126037245"
                    },
                    {
                        "size": "small",
                        "url": "https://www.kroger.com/product/images/small/left/0004126037245"
                    },
                    {
                        "size": "thumbnail",
                        "url": "https://www.kroger.com/product/images/thumbnail/left/0004126037245"
                    }
                ]
            },
            {
                "perspective": "top",
                "sizes": [
                    {
                        "size": "large",
                        "url": "https://www.kroger.com/product/images/large/top/0004126037245"
                    },
                    {
                        "size": "medium",
                        "url": "https://www.kroger.com/product/images/medium/top/0004126037245"
                    },
                    {
                        "size": "small",
                        "url": "https://www.kroger.com/product/images/small/top/0004126037245"
                    },
                    {
                        "size": "thumbnail",
                        "url": "https://www.kroger.com/product/images/thumbnail/top/0004126037245"
                    }
                ]
            }
        ],
        "items": [
            {
                "itemId": "0004126037245",
                "inventory": {
                    "stockLevel": "HIGH"
                },
                "favorite": false,
                "fulfillment": {
                    "curbside": true,
                    "delivery": true,
                    "inStore": true,
                    "shipToHome": false
                },
                "price": {
                    "regular": 7.99,
                    "promo": 0
                },
                "size": "4 fl oz",
                "soldBy": "UNIT"
            }
        ],
        "itemInformation": {},
        "temperature": {
            "indicator": "Ambient",
            "heatSensitive": false
        }
    },
    {
        "productId": "0001101740823",
        "upc": "0001101740823",
        "productPageURI": "/p/lotrimin-ultra-antifungal-foot-cream/0001101740823?cid=dis.api.tpi_products-api_20240521_b:all_c:np_t:lookupproduct-243261",
        "aisleLocations": [
            {
                "bayNumber": "4",
                "description": "AISLE 25",
                "number": "25",
                "numberOfFacings": "1",
                "side": "L",
                "shelfNumber": "1",
                "shelfPositionInBay": "7"
            }
        ],
        "brand": "Lotrimin",
        "categories": [
            "Health"
        ],
        "description": "Lotrimin Ultra Antifungal Foot Cream",
        "images": [
            {
                "perspective": "back",
                "sizes": [
                    {
                        "size": "xlarge",
                        "url": "https://www.kroger.com/product/images/xlarge/back/0001101740823"
                    },
                    {
                        "size": "large",
                        "url": "https://www.kroger.com/product/images/large/back/0001101740823"
                    },
                    {
                        "size": "medium",
                        "url": "https://www.kroger.com/product/images/medium/back/0001101740823"
                    },
                    {
                        "size": "small",
                        "url": "https://www.kroger.com/product/images/small/back/0001101740823"
                    },
                    {
                        "size": "thumbnail",
                        "url": "https://www.kroger.com/product/images/thumbnail/back/0001101740823"
                    }
                ]
            },
            {
                "perspective": "front",
                "featured": true,
                "sizes": [
                    {
                        "size": "xlarge",
                        "url": "https://www.kroger.com/product/images/xlarge/front/0001101740823"
                    },
                    {
                        "size": "large",
                        "url": "https://www.kroger.com/product/images/large/front/0001101740823"
                    },
                    {
                        "size": "medium",
                        "url": "https://www.kroger.com/product/images/medium/front/0001101740823"
                    },
                    {
                        "size": "small",
                        "url": "https://www.kroger.com/product/images/small/front/0001101740823"
                    },
                    {
                        "size": "thumbnail",
                        "url": "https://www.kroger.com/product/images/thumbnail/front/0001101740823"
                    }
                ]
            }
        ],
        "items": [
            {
                "itemId": "0001101740823",
                "favorite": false,
                "fulfillment": {
                    "curbside": true,
                    "delivery": true,
                    "inStore": true,
                    "shipToHome": false
                },
                "price": {
                    "regular": 19.99,
                    "promo": 0
                },
                "size": "1.1 oz",
                "soldBy": "UNIT"
            }
        ],
        "itemInformation": {
            "depth": "1.09",
            "height": "4.1",
            "width": "5.07"
        },
        "temperature": {
            "indicator": "Ambient",
            "heatSensitive": false
        }
    }
]