[
    {
        "productId": "0007660702789",
        "upc": "0007660702789",
        "productPageURI": "/p/diamond-segmented-rim-diamond-saw-blade-1-total-qty-1-each-pack-qty-1/0007660702789?cid=dis.api.tpi_products-api_20240521_b:all_c:np_t:lookupproduct-243261",
        "aisleLocations": [],
        "categories": [
            "Hardware"
        ],
        "description": "Diamond Segmented Rim Diamond Saw Blade 1 - Total Qty: 1; Each Pack Qty: 1",
        "images": [
            {
                "perspective": "front",
                "featured": true,
                "sizes": [
                    {
                        "size": "xlarge",
                        "url": "https://www.kroger.com/product/images/xlarge/front/0007660702789"
                    },
                    {
                        "size": "large",
                        "url": "https://www.kroger.com/product/images/large/front/0007660702789"
                    },
                    {
                        "size": "medium",
                        "url": "https://www.kroger.com/product/images/medium/front/0007660702789"
                    },
                    {
                        "size": "small",
                        "url": "https://www.kroger.com/product/images/small/front/0007660702789"
                    },
                    {
                        "size": "thumbnail",
                        "url": "https://www.kroger.com/product/images/thumbnail/front/0007660702789"
                    }
                ]
            }
        ],
        "items": [
            {
                "itemId": "0007660702789",
                "favorite": false,
                "fulfillment": {
                    "curbside": false,
                    "delivery": false,
                    "inStore": false,
                    "shipToHome": false
                },
                "size": "1"
            }
        ],
        "itemInformation": {},
        "temperature": {
            "indicator": "Ambient",
            "heatSensitive": false
        }
    },
    {
        "productId": "0008300000493",
        "upc": "0008300000493",
        "productPageURI": "/p/nature-s-answer-saw-palmetto-berries-1-oz/0008300000493?cid=dis.api.tpi_products-api_20240521_b:all_c:np_t:lookupproduct-243261",
        "aisleLocations": [],
        "categories": [
            "Health"
        ],
        "description": "Nature's Answer - Saw Palmetto Berries - 1 oz",
        "images": [
            {
                "perspective": "front",
                "featured": true
            }
        ],
        "items": [
            {
                "itemId": "0008300000493",
                "favorite": false,
                "fulfillment": {
                    "curbside": false,
                    "delivery": false,
                    "inStore": false,
                    "shipToHome": false
                },
                "size": "1"
            }
        ],
        "itemInformation": {},
        "temperature": {
            "indicator": "Ambient",
            "heatSensitive": false
        }
    },
    {
        "productId": "0003710380269",
        "upc": "0003710380269",
        "productPageURI": "/p/nicholson-16-in-steel-double-edge-pruning-saw-total-qty-1/0003710380269?cid=dis.api.tpi_products-api_20240521_b:all_c:np_t:lookupproduct-243261",
        "aisleLocations": [],
        "categories": [
            "Garden & Patio",
            "Garden & Patio",
            "Garden & Patio"
        ],
        "description": "Nicholson 16 in. Steel Double Edge Pruning Saw - Total Qty: 1",
        "images": [
            {
                "perspective": "front",
                "featured": true,
                "sizes": [
                    {
                        "size": "xlarge",
                        "url": "https://www.kroger.com/product/images/xlarge/front/0003710380269"
                    },
                    {
                        "size": "large",
                        "url": "https://www.kroger.com/product/images/large/front/0003710380269"
                    },
                    {
                        "size": "medium",
                        "url": "https://www.kroger.com/product/images/medium/front/0003710380269"
                    },
                    {
                        "size": "small",
                        "url": "https://www.kroger.com/product/images/small/front/0003710380269"
                    },
                    {
                        "size": "thumbnail",
                        "url": "https://www.kroger.com/product/images/thumbnail/front/0003710380269"
                    }
                ]
            }
        ],
        "items": [
            {
                "itemId": "0003710380269",
                "favorite": false,
                "fulfillment": {
                    "curbside": false,
                    "delivery": false,
                    "inStore": false,
                    "shipToHome": false
                },
                "size": "1"
            }
        ],
        "itemInformation": {},
        "temperature": {
            "indicator": "Ambient",
            "heatSensitive": false
        }
    },
    {
        "productId": "0000034644995",
        "upc": "0000034644995",
        "productPageURI": "/p/robert-bosch-tool-db1441s-14-inch-segmented-diamond-tipped-high-speed-saw-blade/0000034644995?cid=dis.api.tpi_products-api_20240521_b:all_c:np_t:lookupproduct-243261",
        "aisleLocations": [],
        "categories": [
            "Hardware"
        ],
        "description": "Robert Bosch Tool DB1441S 14 Inch Segmented Diamond Tipped High Speed Saw Blade",
        "images": [
            {
                "perspective": "front",
                "featured": true,
                "sizes": [
                    {
                        "size": "xlarge",
                        "url": "https://www.kroger.com/product/images/xlarge/front/0000034644995"
                    },
                    {
                        "size": "large",
                        "url": "https://www.kroger.com/product/images/large/front/0000034644995"
                    },
                    {
                        "size": "medium",
                        "url": "https://www.kroger.com/product/images/medium/front/0000034644995"
                    },
                    {
                        "size": "small",
                        "url": "https://www.kroger.com/product/images/small/front/0000034644995"
                    },
                    {
                        "size": "thumbnail",
                        "url": "https://www.kroger.com/product/images/thumbnail/front/0000034644995"
                    }
                ]
            }
        ],
        "items": [
            {
                "itemId": "0000034644995",
                "favorite": false,
                "fulfillment": {
                    "curbside": false,
                    "delivery": false,
                    "inStore": false,
                    "shipToHome": false
                },
                "size": "1"
            }
        ],
        "itemInformation": {},
        "temperature": {
            "indicator": "Ambient",
            "heatSensitive": false
        }
    },
    {
        "productId": "0007431244648",
        "upc": "0007431244648",
        "productPageURI": "/p/nature-s-bounty-saw-palmetto-450mg-capsules/0007431244648?cid=dis.api.tpi_products-api_20240521_b:all_c:np_t:lookupproduct-243261",
        "aisleLocations": [
            {
                "bayNumber": "2",
                "description": "AISLE 19",
                "number": "19",
                "numberOfFacings": "1",
                "side": "R",
                "shelfNumber": "1",
                "shelfPositionInBay": "13"
            }
        ],
        "brand": "Nature's Bounty",
        "categories": [
            "Health"
        ],
        "description": "Nature's Bounty Saw Palmetto 450mg Capsules",
        "images": [
            {
                "perspective": "front",
                "featured": true,
                "sizes": [
                    {
                        "size": "xlarge",
                        "url": "https://www.kroger.com/product/images/xlarge/front/0007431244648"
                    },
                    {
                        "size": "large",
                        "url": "https://www.kroger.com/product/images/large/front/0007431244648"
                    },
                    {
                        "size": "medium",
                        "url": "https://www.kroger.com/product/images/medium/front/0007431244648"
                    },
                    {
                        "size": "small",
                        "url": "https://www.kroger.com/product/images/small/front/0007431244648"
                    },
                    {
                        "size": "thumbnail",
                        "url": "https://www.kroger.com/product/images/thumbnail/front/0007431244648"
                    }
                ]
            }
        ],
        "items": [
            {
                "itemId": "0007431244648",
                "inventory": {
                    "stockLevel": "TEMPORARILY_OUT_OF_STOCK"
                },
                "favorite": false,
                "fulfillment": {
                    "curbside": true,
                    "delivery": true,
                    "inStore": true,
                    "shipToHome": false
                },
                "price": {
                    "regular": 33.99,
                    "promo": 33.99
                },
                "size": "250 ct",
                "soldBy": "UNIT"
            }
        ],
        "itemInformation": {
            "depth": "2.85",
            "height": "5.33",
            "width": "2.85"
        },
        "temperature": {
            "indicator": "Ambient",
            "heatSensitive": false
        }
    },
    {
        "productId": "0089266100076",
        "upc": "0089266100076",
        "productPageURI": "/p/jameson-fg-6-fg-series-hollow-core-6-foot-fiberglass-pole-saw-extension-pole/0089266100076?cid=dis.api.tpi_products-api_20240521_b:all_c:np_t:lookupproduct-243261",
        "aisleLocations": [],
        "brand": "Jameson",
        "categories": [
            "Natural & Organic",
            "Natural & Organic"
        ],
        "description": "Jameson FG-6 FG Series Hollow Core 6 Foot Fiberglass Pole Saw Extension Pole",
        "images": [
            {
                "perspective": "front",
                "featured": true,
                "sizes": [
                    {
                        "size": "xlarge",
                        "url": "https://www.kroger.com/product/images/xlarge/front/0089266100076"
                    },
                    {
                        "size": "large",
                        "url": "https://www.kroger.com/product/images/large/front/0089266100076"
                    },
                    {
                        "size": "medium",
                        "url": "https://www.kroger.com/product/images/medium/front/0089266100076"
                    },
                    {
                        "size": "small",
                        "url": "https://www.kroger.com/product/images/small/front/0089266100076"
                    },
                    {
                        "size": "thumbnail",
                        "url": "https://www.kroger.com/product/images/thumbnail/front/0089266100076"
                    }
                ]
            },
            {
                "perspective": "back",
                "sizes": [
                    {
                        "size": "xlarge",
                        "url": "https://www.kroger.com/product/images/xlarge/back/0089266100076"
                    },
                    {
                        "size": "large",
                        "url": "https://www.kroger.com/product/images/large/back/0089266100076"
                    },
                    {
                        "size": "medium",
                        "url": "https://www.kroger.com/product/images/medium/back/0089266100076"
                    },
                    {
                        "size": "small",
                        "url": "https://www.kroger.com/product/images/small/back/0089266100076"
                    },
                    {
                        "size": "thumbnail",
                        "url": "https://www.kroger.com/product/images/thumbnail/back/0089266100076"
                    }
                ]
            }
        ],
        "items": [
            {
                "itemId": "0089266100076",
                "favorite": false,
                "fulfillment": {
                    "curbside": false,
                    "delivery": false,
                    "inStore": false,
                    "shipToHome": false
                },
                "size": "1 unit"
            }
        ],
        "itemInformation": {},
        "temperature": {
            "indicator": "Ambient",
            "heatSensitive": false
        }
    },
    {
        "productId": "0007660702793",
        "upc": "0007660702793",
        "productPageURI": "/p/classic-diamond-continuous-rim-circular-saw-blade-1-total-qty-1-each-pack-qty-1/0007660702793?cid=dis.api.tpi_products-api_20240521_b:all_c:np_t:lookupproduct-243261",
        "aisleLocations": [],
        "categories": [
            "Hardware"
        ],
        "description": "Classic Diamond Continuous Rim Circular Saw Blade 1 - Total Qty: 1; Each Pack Qty: 1",
        "images": [
            {
                "perspective": "front",
                "featured": true,
                "sizes": [
                    {
                        "size": "xlarge",
                        "url": "https://www.kroger.com/product/images/xlarge/front/0007660702793"
                    },
                    {
                        "size": "large",
                        "url": "https://www.kroger.com/product/images/large/front/0007660702793"
                    },
                    {
                        "size": "medium",
                        "url": "https://www.kroger.com/product/images/medium/front/0007660702793"
                    },
                    {
                        "size": "small",
                        "url": "https://www.kroger.com/product/images/small/front/0007660702793"
                    },
                    {
                        "size": "thumbnail",
                        "url": "https://www.kroger.com/product/images/thumbnail/front/0007660702793"
                    }
                ]
            }
        ],
        "items": [
            {
                "itemId": "0007660702793",
                "favorite": false,
                "fulfillment": {
                    "curbside": false,
                    "delivery": false,
                    "inStore": false,
                    "shipToHome": false
                },
                "size": "1"
            }
        ],
        "itemInformation": {},
        "temperature": {
            "indicator": "Ambient",
            "heatSensitive": false
        }
    },
    {
        "productId": "0002472100142",
        "upc": "0002472100142",
        "productPageURI": "/p/irwin-marathon-nail-embedded-reciprocating-saw-blades-5-pk-blue/0002472100142?cid=dis.api.tpi_products-api_20240521_b:all_c:np_t:lookupproduct-243261",
        "aisleLocations": [],
        "brand": "Irwin",
        "categories": [
            "Hardware"
        ],
        "description": "Irwin Marathon Nail Embedded Reciprocating Saw Blades - 5 pk - Blue",
        "images": [
            {
                "perspective": "front",
                "featured": true,
                "sizes": [
                    {
                        "size": "xlarge",
                        "url": "https://www.kroger.com/product/images/xlarge/front/0002472100142"
                    },
                    {
                        "size": "large",
                        "url": "https://www.kroger.com/product/images/large/front/0002472100142"
                    },
                    {
                        "size": "medium",
                        "url": "https://www.kroger.com/product/images/medium/front/0002472100142"
                    },
                    {
                        "size": "small",
                        "url": "https://www.kroger.com/product/images/small/front/0002472100142"
                    },
                    {
                        "size": "thumbnail",
                        "url": "https://www.kroger.com/product/images/thumbnail/front/0002472100142"
                    }
                ]
            }
        ],
        "items": [
            {
                "itemId": "0002472100142",
                "favorite": false,
                "fulfillment": {
                    "curbside": false,
                    "delivery": false,
                    "inStore": false,
                    "shipToHome": false
                },
                "size": "9 in"
            }
        ],
        "itemInformation": {},
        "temperature": {
            "indicator": "Ambient",
            "heatSensitive": false
        }
    },
    {
        "productId": "0002472100134",
        "upc": "0002472100134",
        "productPageURI": "/p/irwin-wood-cutting-reciprocating-saw-blades-5-pk-blue/0002472100134?cid=dis.api.tpi_products-api_20240521_b:all_c:np_t:lookupproduct-243261",
        "aisleLocations": [],
        "brand": "Irwin",
        "categories": [
            "Hardware"
        ],
        "description": "Irwin Wood Cutting Reciprocating Saw Blades - 5 pk - Blue",
        "images": [
            {
                "perspective": "front",
                "featured": true,
                "sizes": [
                    {
                        "size": "xlarge",
                        "url": "https://www.kroger.com/product/images/xlarge/front/0002472100134"
                    },
                    {
                        "size": "large",
                        "url": "https://www.kroger.com/product/images/large/front/0002472100134"
                    },
                    {
                        "size": "medium",
                        "url": "https://www.kroger.com/product/images/medium/front/0002472100134"
                    },
                    {
                        "size": "small",
                        "url": "https://www.kroger.com/product/images/small/front/0002472100134"
                    },
                    {
                        "size": "thumbnail",
                        "url": "https://www.kroger.com/product/images/thumbnail/front/0002472100134"
                    }
                ]
            }
        ],
        "items": [
            {
                "itemId": "0002472100134",
                "favorite": false,
                "fulfillment": {
                    "curbside": false,
                    "delivery": false,
                    "inStore": false,
                    "shipToHome": false
                },
                "size": "6 in"
            }
        ],
        "itemInformation": {},
        "temperature": {
            "indicator": "Ambient",
            "heatSensitive": false
        }
    }
]