[
    {
        "productId": "0088969844503",
        "upc": "0088969844503",
        "productPageURI": "/p/funko-marvel-80-years-pop-scarlet-witch-vinyl-figure/0088969844503?cid=dis.api.tpi_products-api_20240521_b:all_c:np_t:lookupproduct-243261",
        "aisleLocations": [],
        "brand": "Funko",
        "categories": [
            "Entertainment"
        ],
        "description": "Funko Marvel 80 Years POP Scarlet Witch Vinyl Figure",
        "images": [
            {
                "perspective": "front",
                "featured": true,
                "sizes": [
                    {
                        "size": "xlarge",
                        "url": "https://www.kroger.com/product/images/xlarge/front/0088969844503"
                    },
                    {
                        "size": "large",
                        "url": "https://www.kroger.com/product/images/large/front/0088969844503"
                    },
                    {
                        "size": "medium",
                        "url": "https://www.kroger.com/product/images/medium/front/0088969844503"
                    },
                    {
                        "size": "small",
                        "url": "https://www.kroger.com/product/images/small/front/0088969844503"
                    },
                    {
                        "size": "thumbnail",
                        "url": "https://www.kroger.com/product/images/thumbnail/front/0088969844503"
                    }
                ]
            }
        ],
        "items": [
            {
                "itemId": "0088969844503",
                "favorite": false,
                "fulfillment": {
                    "curbside": false,
                    "delivery": false,
                    "inStore": false,
                    "shipToHome": false
                },
                "size": "1 unit"
            }
        ],
        "itemInformation": {},
        "temperature": {
            "indicator": "Ambient",
            "heatSensitive": false
        }
    },
    {
        "productId": "0007065913275",
        "upc": "0007065913275",
        "productPageURI": "/p/wrights-bias-tape-wide-single-fold-3yd-scarlet/0007065913275?cid=dis.api.tpi_products-api_20240521_b:all_c:np_t:lookupproduct-243261",
        "aisleLocations": [],
        "categories": [
            "Office, School, & Crafts"
        ],
        "description": "Wrights Bias Tape Wide Single Fold 3yd Scarlet",
        "images": [
            {
                "perspective": "front",
                "featured": true,
                "sizes": [
                    {
                        "size": "xlarge",
                        "url": "https://www.kroger.com/product/images/xlarge/front/0007065913275"
                    },
                    {
                        "size": "large",
                        "url": "https://www.kroger.com/product/images/large/front/0007065913275"
                    },
                    {
                        "size": "medium",
                        "url": "https://www.kroger.com/product/images/medium/front/0007065913275"
                    },
                    {
                        "size": "small",
                        "url": "https://www.kroger.com/product/images/small/front/0007065913275"
                    },
                    {
                        "size": "thumbnail",
                        "url": "https://www.kroger.com/product/images/thumbnail/front/0007065913275"
                    }
                ]
            }
        ],
        "items": [
            {
                "itemId": "0007065913275",
                "favorite": false,
                "fulfillment": {
                    "curbside": false,
                    "delivery": false,
                    "inStore": false,
                    "shipToHome": false
                },
                "size": "1"
            }
        ],
        "itemInformation": {},
        "temperature": {
            "indicator": "Ambient",
            "heatSensitive": false
        }
    }
]