[
    {
        "productId": "0088796122433",
        "upc": "0088796122433",
        "productPageURI": "/p/mattel-hot-wheels-83-chevy-silverado-toy-car/0088796122433?cid=dis.api.tpi_products-api_20240521_b:all_c:np_t:lookupproduct-243261",
        "aisleLocations": [],
        "brand": "Mattel",
        "categories": [
            "Entertainment"
        ],
        "countryOrigin": "MALAYSIA",
        "description": "Mattel Hot Wheels\u00ae '83 Chevy Silverado Toy Car",
        "images": [
            {
                "perspective": "front",
                "featured": true,
                "sizes": [
                    {
                        "size": "xlarge",
                        "url": "https://www.kroger.com/product/images/xlarge/front/0088796122433"
                    },
                    {
                        "size": "large",
                        "url": "https://www.kroger.com/product/images/large/front/0088796122433"
                    },
                    {
                        "size": "medium",
                        "url": "https://www.kroger.com/product/images/medium/front/0088796122433"
                    },
                    {
                        "size": "small",
                        "url": "https://www.kroger.com/product/images/small/front/0088796122433"
                    },
                    {
                        "size": "thumbnail",
                        "url": "https://www.kroger.com/product/images/thumbnail/front/0088796122433"
                    }
                ]
            }
        ],
        "items": [
            {
                "itemId": "0088796122433",
                "inventory": {
                    "stockLevel": "HIGH"
                },
                "favorite": false,
                "fulfillment": {
                    "curbside": false,
                    "delivery": false,
                    "inStore": true,
                    "shipToHome": false
                },
                "price": {
                    "regular": 6.99,
                    "promo": 0
                },
                "size": "1 ct",
                "soldBy": "UNIT"
            }
        ],
        "itemInformation": {},
        "temperature": {
            "indicator": "Ambient",
            "heatSensitive": false
        }
    },
    {
        "productId": "0088796140265",
        "upc": "0088796140265",
        "productPageURI": "/p/mattel-hot-wheels-halloween-car-assorted/0088796140265?cid=dis.api.tpi_products-api_20240521_b:all_c:np_t:lookupproduct-243261",
        "aisleLocations": [
            {
                "description": "DRUG/GM",
                "number": "0"
            }
        ],
        "brand": "Mattel",
        "categories": [
            "Entertainment"
        ],
        "description": "Mattel Hot Wheels\u00ae Halloween Car - Assorted",
        "images": [
            {
                "perspective": "top",
                "sizes": [
                    {
                        "size": "xlarge",
                        "url": "https://www.kroger.com/product/images/xlarge/top/0088796140265"
                    },
                    {
                        "size": "large",
                        "url": "https://www.kroger.com/product/images/large/top/0088796140265"
                    },
                    {
                        "size": "medium",
                        "url": "https://www.kroger.com/product/images/medium/top/0088796140265"
                    },
                    {
                        "size": "small",
                        "url": "https://www.kroger.com/product/images/small/top/0088796140265"
                    },
                    {
                        "size": "thumbnail",
                        "url": "https://www.kroger.com/product/images/thumbnail/top/0088796140265"
                    }
                ]
            },
            {
                "perspective": "front",
                "sizes": [
                    {
                        "size": "xlarge",
                        "url": "https://www.kroger.com/product/images/xlarge/front/0088796140265"
                    },
                    {
                        "size": "large",
                        "url": "https://www.kroger.com/product/images/large/front/0088796140265"
                    },
                    {
                        "size": "medium",
                        "url": "https://www.kroger.com/product/images/medium/front/0088796140265"
                    },
                    {
                        "size": "small",
                        "url": "https://www.kroger.com/product/images/small/front/0088796140265"
                    },
                    {
                        "size": "thumbnail",
                        "url": "https://www.kroger.com/product/images/thumbnail/front/0088796140265"
                    }
                ]
            },
            {
                "perspective": "back",
                "featured": true,
                "sizes": [
                    {
                        "size": "xlarge",
                        "url": "https://www.kroger.com/product/images/xlarge/back/0088796140265"
                    },
                    {
                        "size": "large",
                        "url": "https://www.kroger.com/product/images/large/back/0088796140265"
                    },
                    {
                        "size": "medium",
                        "url": "https://www.kroger.com/product/images/medium/back/0088796140265"
                    },
                    {
                        "size": "small",
                        "url": "https://www.kroger.com/product/images/small/back/0088796140265"
                    },
                    {
                        "size": "thumbnail",
                        "url": "https://www.kroger.com/product/images/thumbnail/back/0088796140265"
                    }
                ]
            }
        ],
        "items": [
            {
                "itemId": "0088796140265",
                "inventory": {
                    "stockLevel": "HIGH"
                },
                "favorite": false,
                "fulfillment": {
                    "curbside": true,
                    "delivery": true,
                    "inStore": true,
                    "shipToHome": false
                },
                "size": "1 ct"
            }
        ],
        "itemInformation": {
            "depth": "1.38",
            "height": "6.5",
            "width": "4.25"
        },
        "temperature": {
            "indicator": "Ambient",
            "heatSensitive": false
        }
    },
    {
        "productId": "0003903503550",
        "upc": "0003903503550",
        "productPageURI": "/p/ybike-yglx24-glx-2-pro-scooter-purple/0003903503550?cid=dis.api.tpi_products-api_20240521_b:all_c:np_t:lookupproduct-243261",
        "aisleLocations": [],
        "categories": [
            "Entertainment"
        ],
        "description": "YBike YGLX24 GLX 2 Pro Scooter - Purple",
        "items": [
            {
                "itemId": "0003903503550",
                "favorite": false,
                "fulfillment": {
                    "curbside": false,
                    "delivery": false,
                    "inStore": false,
                    "shipToHome": false
                },
                "size": "1"
            }
        ],
        "itemInformation": {},
        "temperature": {
            "indicator": "Ambient",
            "heatSensitive": false
        }
    },
    {
        "productId": "0003903503554",
        "upc": "0003903503554",
        "productPageURI": "/p/ybike-yglxp3-glx-pro-scooter-white-black/0003903503554?cid=dis.api.tpi_products-api_20240521_b:all_c:np_t:lookupproduct-243261",
        "aisleLocations": [],
        "categories": [
            "Entertainment"
        ],
        "description": "YBike YGLXP3 GLX Pro Scooter, White & Black",
        "items": [
            {
                "itemId": "0003903503554",
                "favorite": false,
                "fulfillment": {
                    "curbside": false,
                    "delivery": false,
                    "inStore": false,
                    "shipToHome": false
                },
                "size": "1"
            }
        ],
        "itemInformation": {},
        "temperature": {
            "indicator": "Ambient",
            "heatSensitive": false
        }
    },
    {
        "productId": "0079159011286",
        "upc": "0079159011286",
        "productPageURI": "/p/beberoad-roadkid-plus-5-in-1-multifunctional-scooter-with-push-for-kids-yellow/0079159011286?cid=dis.api.tpi_products-api_20240521_b:all_c:np_t:lookupproduct-243261",
        "aisleLocations": [],
        "categories": [
            "Entertainment"
        ],
        "description": "Beberoad Roadkid Plus 5 in 1 Multifunctional Scooter with Push for Kids, Yellow",
        "items": [
            {
                "itemId": "0079159011286",
                "favorite": false,
                "fulfillment": {
                    "curbside": false,
                    "delivery": false,
                    "inStore": false,
                    "shipToHome": false
                },
                "size": "1"
            }
        ],
        "itemInformation": {},
        "temperature": {
            "indicator": "Ambient",
            "heatSensitive": false
        }
    },
    {
        "productId": "0009015939051",
        "upc": "0009015939051",
        "productPageURI": "/p/maisto-r-c-1-12-assembly-line-motorcycle-blue/0009015939051?cid=dis.api.tpi_products-api_20240521_b:all_c:np_t:lookupproduct-243261",
        "aisleLocations": [],
        "brand": "Maisto",
        "categories": [
            "Entertainment"
        ],
        "description": "Maisto R/C 1:12 Assembly Line Motorcycle - Blue",
        "images": [
            {
                "perspective": "front",
                "featured": true,
                "sizes": [
                    {
                        "size": "xlarge",
                        "url": "https://www.kroger.com/product/images/xlarge/front/0009015939051"
                    },
                    {
                        "size": "large",
                        "url": "https://www.kroger.com/product/images/large/front/0009015939051"
                    },
                    {
                        "size": "medium",
                        "url": "https://www.kroger.com/product/images/medium/front/0009015939051"
                    },
                    {
                        "size": "small",
                        "url": "https://www.kroger.com/product/images/small/front/0009015939051"
                    },
                    {
                        "size": "thumbnail",
                        "url": "https://www.kroger.com/product/images/thumbnail/front/0009015939051"
                    }
                ]
            }
        ],
        "items": [
            {
                "itemId": "0009015939051",
                "favorite": false,
                "fulfillment": {
                    "curbside": true,
                    "delivery": true,
                    "inStore": true,
                    "shipToHome": false
                },
                "size": "1 count"
            }
        ],
        "itemInformation": {},
        "temperature": {
            "indicator": "Ambient",
            "heatSensitive": false
        }
    },
    {
        "productId": "0079159011285",
        "upc": "0079159011285",
        "productPageURI": "/p/beberoad-roadkid-plus-5-in-1-multifunctional-scooter-with-push-for-kids-blue/0079159011285?cid=dis.api.tpi_products-api_20240521_b:all_c:np_t:lookupproduct-243261",
        "aisleLocations": [],
        "categories": [
            "Entertainment"
        ],
        "description": "Beberoad Roadkid Plus 5 in 1 Multifunctional Scooter with Push for Kids, Blue",
        "items": [
            {
                "itemId": "0079159011285",
                "favorite": false,
                "fulfillment": {
                    "curbside": false,
                    "delivery": false,
                    "inStore": false,
                    "shipToHome": false
                },
                "size": "1"
            }
        ],
        "itemInformation": {},
        "temperature": {
            "indicator": "Ambient",
            "heatSensitive": false
        }
    },
    {
        "productId": "0084289312326",
        "upc": "0084289312326",
        "productPageURI": "/p/hurtle-scootkid-3-wheel-toddler-child-ride-on-toy-scooter-w-led-wheels-green/0084289312326?cid=dis.api.tpi_products-api_20240521_b:all_c:np_t:lookupproduct-243261",
        "aisleLocations": [],
        "categories": [
            "Entertainment"
        ],
        "description": "Hurtle ScootKid 3 Wheel Toddler Child Ride On Toy Scooter w/ LED Wheels, Green",
        "items": [
            {
                "itemId": "0084289312326",
                "favorite": false,
                "fulfillment": {
                    "curbside": false,
                    "delivery": false,
                    "inStore": false,
                    "shipToHome": false
                },
                "size": "1"
            }
        ],
        "itemInformation": {},
        "temperature": {
            "indicator": "Ambient",
            "heatSensitive": false
        }
    },
    {
        "productId": "0079159011287",
        "upc": "0079159011287",
        "productPageURI": "/p/beberoad-roadkid-plus-5-in-1-multifunctional-scooter-with-push-for-kids-red/0079159011287?cid=dis.api.tpi_products-api_20240521_b:all_c:np_t:lookupproduct-243261",
        "aisleLocations": [],
        "categories": [
            "Entertainment"
        ],
        "description": "Beberoad Roadkid Plus 5 in 1 Multifunctional Scooter with Push for Kids, Red",
        "items": [
            {
                "itemId": "0079159011287",
                "favorite": false,
                "fulfillment": {
                    "curbside": false,
                    "delivery": false,
                    "inStore": false,
                    "shipToHome": false
                },
                "size": "1"
            }
        ],
        "itemInformation": {},
        "temperature": {
            "indicator": "Ambient",
            "heatSensitive": false
        }
    },
    {
        "productId": "0079133424086",
        "upc": "0079133424086",
        "productPageURI": "/p/beberoad-roadkid-5-in-1-multifunctional-scooter-balance-bike-for-kids-yellow/0079133424086?cid=dis.api.tpi_products-api_20240521_b:all_c:np_t:lookupproduct-243261",
        "aisleLocations": [],
        "categories": [
            "Entertainment"
        ],
        "description": "Beberoad Roadkid 5 in 1 Multifunctional Scooter & Balance Bike for Kids, Yellow",
        "items": [
            {
                "itemId": "0079133424086",
                "favorite": false,
                "fulfillment": {
                    "curbside": false,
                    "delivery": false,
                    "inStore": false,
                    "shipToHome": false
                },
                "size": "1"
            }
        ],
        "itemInformation": {},
        "temperature": {
            "indicator": "Ambient",
            "heatSensitive": false
        }
    },
    {
        "productId": "0081640901010",
        "upc": "0081640901010",
        "productPageURI": "/p/green-toys-toy-dump-truck/0081640901010?cid=dis.api.tpi_products-api_20240521_b:all_c:np_t:lookupproduct-243261",
        "aisleLocations": [],
        "brand": "Green Toys",
        "categories": [
            "Entertainment",
            "Entertainment"
        ],
        "countryOrigin": "UNITED STATES",
        "description": "Green Toys Toy Dump Truck",
        "images": [
            {
                "perspective": "front",
                "featured": true,
                "sizes": [
                    {
                        "size": "xlarge",
                        "url": "https://www.kroger.com/product/images/xlarge/front/0081640901010"
                    },
                    {
                        "size": "large",
                        "url": "https://www.kroger.com/product/images/large/front/0081640901010"
                    },
                    {
                        "size": "medium",
                        "url": "https://www.kroger.com/product/images/medium/front/0081640901010"
                    },
                    {
                        "size": "small",
                        "url": "https://www.kroger.com/product/images/small/front/0081640901010"
                    },
                    {
                        "size": "thumbnail",
                        "url": "https://www.kroger.com/product/images/thumbnail/front/0081640901010"
                    }
                ]
            }
        ],
        "items": [
            {
                "itemId": "0081640901010",
                "favorite": false,
                "fulfillment": {
                    "curbside": true,
                    "delivery": true,
                    "inStore": true,
                    "shipToHome": false
                },
                "size": "1 ct"
            }
        ],
        "itemInformation": {},
        "temperature": {
            "indicator": "Ambient",
            "heatSensitive": false
        }
    },
    {
        "productId": "0002708448066",
        "upc": "0002708448066",
        "productPageURI": "/p/mattel-hot-wheels-basic-car-assorted-style-and-color-may-vary/0002708448066?cid=dis.api.tpi_products-api_20240521_b:all_c:np_t:lookupproduct-243261",
        "aisleLocations": [
            {
                "bayNumber": "13",
                "description": "AISLE 12",
                "number": "12",
                "numberOfFacings": "1",
                "side": "L",
                "shelfNumber": "5",
                "shelfPositionInBay": "1"
            },
            {
                "bayNumber": "13",
                "description": "AISLE 12",
                "number": "12",
                "numberOfFacings": "1",
                "side": "L",
                "shelfNumber": "5",
                "shelfPositionInBay": "9"
            },
            {
                "bayNumber": "13",
                "description": "AISLE 12",
                "number": "12",
                "numberOfFacings": "1",
                "side": "L",
                "shelfNumber": "5",
                "shelfPositionInBay": "22"
            },
            {
                "bayNumber": "13",
                "description": "AISLE 12",
                "number": "12",
                "numberOfFacings": "1",
                "side": "L",
                "shelfNumber": "5",
                "shelfPositionInBay": "16"
            },
            {
                "bayNumber": "13",
                "description": "AISLE 12",
                "number": "12",
                "numberOfFacings": "1",
                "side": "L",
                "shelfNumber": "5",
                "shelfPositionInBay": "23"
            }
        ],
        "brand": "Mattel",
        "categories": [
            "Entertainment"
        ],
        "description": "Mattel Hot Wheels\u00ae Basic Car - Assorted - Style and Color May Vary",
        "images": [
            {
                "perspective": "right",
                "sizes": [
                    {
                        "size": "large",
                        "url": "https://www.kroger.com/product/images/large/right/0002708448066"
                    },
                    {
                        "size": "medium",
                        "url": "https://www.kroger.com/product/images/medium/right/0002708448066"
                    },
                    {
                        "size": "small",
                        "url": "https://www.kroger.com/product/images/small/right/0002708448066"
                    },
                    {
                        "size": "thumbnail",
                        "url": "https://www.kroger.com/product/images/thumbnail/right/0002708448066"
                    }
                ]
            },
            {
                "perspective": "front",
                "featured": true,
                "sizes": [
                    {
                        "size": "large",
                        "url": "https://www.kroger.com/product/images/large/front/0002708448066"
                    },
                    {
                        "size": "medium",
                        "url": "https://www.kroger.com/product/images/medium/front/0002708448066"
                    },
                    {
                        "size": "small",
                        "url": "https://www.kroger.com/product/images/small/front/0002708448066"
                    },
                    {
                        "size": "thumbnail",
                        "url": "https://www.kroger.com/product/images/thumbnail/front/0002708448066"
                    }
                ]
            },
            {
                "perspective": "back",
                "sizes": [
                    {
                        "size": "xlarge",
                        "url": "https://www.kroger.com/product/images/xlarge/back/0002708448066"
                    },
                    {
                        "size": "large",
                        "url": "https://www.kroger.com/product/images/large/back/0002708448066"
                    },
                    {
                        "size": "medium",
                        "url": "https://www.kroger.com/product/images/medium/back/0002708448066"
                    },
                    {
                        "size": "small",
                        "url": "https://www.kroger.com/product/images/small/back/0002708448066"
                    },
                    {
                        "size": "thumbnail",
                        "url": "https://www.kroger.com/product/images/thumbnail/back/0002708448066"
                    }
                ]
            },
            {
                "perspective": "left",
                "sizes": [
                    {
                        "size": "large",
                        "url": "https://www.kroger.com/product/images/large/left/0002708448066"
                    },
                    {
                        "size": "medium",
                        "url": "https://www.kroger.com/product/images/medium/left/0002708448066"
                    },
                    {
                        "size": "small",
                        "url": "https://www.kroger.com/product/images/small/left/0002708448066"
                    },
                    {
                        "size": "thumbnail",
                        "url": "https://www.kroger.com/product/images/thumbnail/left/0002708448066"
                    }
                ]
            },
            {
                "perspective": "top",
                "sizes": [
                    {
                        "size": "large",
                        "url": "https://www.kroger.com/product/images/large/top/0002708448066"
                    },
                    {
                        "size": "medium",
                        "url": "https://www.kroger.com/product/images/medium/top/0002708448066"
                    },
                    {
                        "size": "small",
                        "url": "https://www.kroger.com/product/images/small/top/0002708448066"
                    },
                    {
                        "size": "thumbnail",
                        "url": "https://www.kroger.com/product/images/thumbnail/top/0002708448066"
                    }
                ]
            }
        ],
        "items": [
            {
                "itemId": "0002708448066",
                "inventory": {
                    "stockLevel": "HIGH"
                },
                "favorite": false,
                "fulfillment": {
                    "curbside": true,
                    "delivery": true,
                    "inStore": true,
                    "shipToHome": false
                },
                "price": {
                    "regular": 1.25,
                    "promo": 0
                },
                "size": "1 ct",
                "soldBy": "UNIT"
            }
        ],
        "itemInformation": {},
        "temperature": {
            "indicator": "Ambient",
            "heatSensitive": false
        }
    },
    {
        "productId": "0071475740099",
        "upc": "0071475740099",
        "productPageURI": "/p/scooride-srs01-gn-small-scooter-green/0071475740099?cid=dis.api.tpi_products-api_20240521_b:all_c:np_t:lookupproduct-243261",
        "aisleLocations": [],
        "categories": [
            "Entertainment"
        ],
        "description": "Scooride SRS01-GN Small Scooter, Green",
        "items": [
            {
                "itemId": "0071475740099",
                "favorite": false,
                "fulfillment": {
                    "curbside": false,
                    "delivery": false,
                    "inStore": false,
                    "shipToHome": false
                },
                "size": "1"
            }
        ],
        "itemInformation": {},
        "temperature": {
            "indicator": "Ambient",
            "heatSensitive": false
        }
    },
    {
        "productId": "0081640901290",
        "upc": "0081640901290",
        "productPageURI": "/p/green-toys-ferry-boat-with-mini-cars-green-white/0081640901290?cid=dis.api.tpi_products-api_20240521_b:all_c:np_t:lookupproduct-243261",
        "aisleLocations": [],
        "brand": "Green Toys",
        "categories": [
            "Entertainment",
            "Entertainment"
        ],
        "countryOrigin": "UNITED STATES",
        "description": "Green Toys Ferry Boat with Mini Cars - Green/White",
        "images": [
            {
                "perspective": "front",
                "featured": true,
                "sizes": [
                    {
                        "size": "xlarge",
                        "url": "https://www.kroger.com/product/images/xlarge/front/0081640901290"
                    },
                    {
                        "size": "large",
                        "url": "https://www.kroger.com/product/images/large/front/0081640901290"
                    },
                    {
                        "size": "medium",
                        "url": "https://www.kroger.com/product/images/medium/front/0081640901290"
                    },
                    {
                        "size": "small",
                        "url": "https://www.kroger.com/product/images/small/front/0081640901290"
                    },
                    {
                        "size": "thumbnail",
                        "url": "https://www.kroger.com/product/images/thumbnail/front/0081640901290"
                    }
                ]
            }
        ],
        "items": [
            {
                "itemId": "0081640901290",
                "favorite": false,
                "fulfillment": {
                    "curbside": true,
                    "delivery": true,
                    "inStore": true,
                    "shipToHome": false
                },
                "size": "1 ct"
            }
        ],
        "itemInformation": {},
        "temperature": {
            "indicator": "Ambient",
            "heatSensitive": false
        }
    },
    {
        "productId": "0088796171653",
        "upc": "0088796171653",
        "productPageURI": "/p/mattel-matchbox-superfast-vehicle-assorted/0088796171653?cid=dis.api.tpi_products-api_20240521_b:all_c:np_t:lookupproduct-243261",
        "aisleLocations": [],
        "brand": "Mattel",
        "categories": [
            "Entertainment"
        ],
        "countryOrigin": "THAILAND",
        "description": "Mattel Matchbox Superfast Vehicle - Assorted",
        "images": [
            {
                "perspective": "front",
                "featured": true,
                "sizes": [
                    {
                        "size": "xlarge",
                        "url": "https://www.kroger.com/product/images/xlarge/front/0088796171653"
                    },
                    {
                        "size": "large",
                        "url": "https://www.kroger.com/product/images/large/front/0088796171653"
                    },
                    {
                        "size": "medium",
                        "url": "https://www.kroger.com/product/images/medium/front/0088796171653"
                    },
                    {
                        "size": "small",
                        "url": "https://www.kroger.com/product/images/small/front/0088796171653"
                    },
                    {
                        "size": "thumbnail",
                        "url": "https://www.kroger.com/product/images/thumbnail/front/0088796171653"
                    }
                ]
            }
        ],
        "items": [
            {
                "itemId": "0088796171653",
                "favorite": false,
                "fulfillment": {
                    "curbside": false,
                    "delivery": false,
                    "inStore": false,
                    "shipToHome": false
                },
                "size": "1 ct"
            }
        ],
        "itemInformation": {},
        "temperature": {
            "indicator": "Ambient",
            "heatSensitive": false
        }
    },
    {
        "productId": "0085232000751",
        "upc": "0085232000751",
        "productPageURI": "/p/say-yeah-sy-e-800-black-800w-electric-scooter-black/0085232000751?cid=dis.api.tpi_products-api_20240521_b:all_c:np_t:lookupproduct-243261",
        "aisleLocations": [],
        "categories": [
            "Entertainment"
        ],
        "description": "Say Yeah SY-E-800-Black 800W Electric Scooter, Black",
        "items": [
            {
                "itemId": "0085232000751",
                "favorite": false,
                "fulfillment": {
                    "curbside": false,
                    "delivery": false,
                    "inStore": false,
                    "shipToHome": false
                },
                "size": "1"
            }
        ],
        "itemInformation": {},
        "temperature": {
            "indicator": "Ambient",
            "heatSensitive": false
        }
    },
    {
        "productId": "0084542301637",
        "upc": "0084542301637",
        "productPageURI": "/p/razor-e125-kid-ride-on-24v-motorized-battery-powered-electric-scooter-toy-black/0084542301637?cid=dis.api.tpi_products-api_20240521_b:all_c:np_t:lookupproduct-243261",
        "aisleLocations": [],
        "categories": [
            "Entertainment"
        ],
        "description": "Razor E125 Kid Ride On 24V Motorized Battery Powered Electric Scooter Toy, Black",
        "items": [
            {
                "itemId": "0084542301637",
                "favorite": false,
                "fulfillment": {
                    "curbside": false,
                    "delivery": false,
                    "inStore": false,
                    "shipToHome": false
                },
                "size": "1"
            }
        ],
        "itemInformation": {},
        "temperature": {
            "indicator": "Ambient",
            "heatSensitive": false
        }
    },
    {
        "productId": "0088796184625",
        "upc": "0088796184625",
        "productPageURI": "/p/mattel-hot-wheels-mario-kart-bundle/0088796184625?cid=dis.api.tpi_products-api_20240521_b:all_c:np_t:lookupproduct-243261",
        "aisleLocations": [],
        "brand": "Mattel",
        "categories": [
            "Entertainment",
            "Entertainment"
        ],
        "countryOrigin": "THAILAND",
        "description": "Mattel Hot Wheels\u00ae Mario Kart Bundle",
        "images": [
            {
                "perspective": "front",
                "featured": true,
                "sizes": [
                    {
                        "size": "xlarge",
                        "url": "https://www.kroger.com/product/images/xlarge/front/0088796184625"
                    },
                    {
                        "size": "large",
                        "url": "https://www.kroger.com/product/images/large/front/0088796184625"
                    },
                    {
                        "size": "medium",
                        "url": "https://www.kroger.com/product/images/medium/front/0088796184625"
                    },
                    {
                        "size": "small",
                        "url": "https://www.kroger.com/product/images/small/front/0088796184625"
                    },
                    {
                        "size": "thumbnail",
                        "url": "https://www.kroger.com/product/images/thumbnail/front/0088796184625"
                    }
                ]
            }
        ],
        "items": [
            {
                "itemId": "0088796184625",
                "favorite": false,
                "fulfillment": {
                    "curbside": false,
                    "delivery": false,
                    "inStore": false,
                    "shipToHome": false
                },
                "size": "1 ct"
            }
        ],
        "itemInformation": {},
        "temperature": {
            "indicator": "Ambient",
            "heatSensitive": false
        }
    },
    {
        "productId": "0079133424087",
        "upc": "0079133424087",
        "productPageURI": "/p/beberoad-roadkid-5-in-1-multifunctional-scooter-balance-bike-for-kids-blue/0079133424087?cid=dis.api.tpi_products-api_20240521_b:all_c:np_t:lookupproduct-243261",
        "aisleLocations": [],
        "categories": [
            "Entertainment"
        ],
        "description": "Beberoad Roadkid 5 in 1 Multifunctional Scooter & Balance Bike for Kids, Blue",
        "items": [
            {
                "itemId": "0079133424087",
                "favorite": false,
                "fulfillment": {
                    "curbside": false,
                    "delivery": false,
                    "inStore": false,
                    "shipToHome": false
                },
                "size": "1"
            }
        ],
        "itemInformation": {},
        "temperature": {
            "indicator": "Ambient",
            "heatSensitive": false
        }
    },
    {
        "productId": "0084542301478",
        "upc": "0084542301478",
        "productPageURI": "/p/razor-e100-kids-ride-on-24v-motorized-powered-electric-scooter-toy-purple/0084542301478?cid=dis.api.tpi_products-api_20240521_b:all_c:np_t:lookupproduct-243261",
        "aisleLocations": [],
        "categories": [
            "Entertainment"
        ],
        "description": "Razor E100 Kids Ride On 24V Motorized Powered Electric Scooter Toy, Purple",
        "images": [
            {
                "perspective": "front",
                "featured": true,
                "sizes": [
                    {
                        "size": "xlarge",
                        "url": "https://www.kroger.com/product/images/xlarge/front/0084542301478"
                    },
                    {
                        "size": "large",
                        "url": "https://www.kroger.com/product/images/large/front/0084542301478"
                    },
                    {
                        "size": "medium",
                        "url": "https://www.kroger.com/product/images/medium/front/0084542301478"
                    },
                    {
                        "size": "small",
                        "url": "https://www.kroger.com/product/images/small/front/0084542301478"
                    },
                    {
                        "size": "thumbnail",
                        "url": "https://www.kroger.com/product/images/thumbnail/front/0084542301478"
                    }
                ]
            }
        ],
        "items": [
            {
                "itemId": "0084542301478",
                "favorite": false,
                "fulfillment": {
                    "curbside": false,
                    "delivery": false,
                    "inStore": false,
                    "shipToHome": false
                },
                "size": "1"
            }
        ],
        "itemInformation": {},
        "temperature": {
            "indicator": "Ambient",
            "heatSensitive": false
        }
    },
    {
        "productId": "0005074364230",
        "upc": "0005074364230",
        "productPageURI": "/p/little-tikes-cozy-coupe-/0005074364230?cid=dis.api.tpi_products-api_20240521_b:all_c:np_t:lookupproduct-243261",
        "aisleLocations": [],
        "brand": "Little Tikes",
        "categories": [
            "Entertainment"
        ],
        "countryOrigin": "CHINA",
        "description": "Little Tikes Cozy Coupe\u00ae",
        "images": [
            {
                "perspective": "front",
                "featured": true,
                "sizes": [
                    {
                        "size": "xlarge",
                        "url": "https://www.kroger.com/product/images/xlarge/front/0005074364230"
                    },
                    {
                        "size": "large",
                        "url": "https://www.kroger.com/product/images/large/front/0005074364230"
                    },
                    {
                        "size": "medium",
                        "url": "https://www.kroger.com/product/images/medium/front/0005074364230"
                    },
                    {
                        "size": "small",
                        "url": "https://www.kroger.com/product/images/small/front/0005074364230"
                    },
                    {
                        "size": "thumbnail",
                        "url": "https://www.kroger.com/product/images/thumbnail/front/0005074364230"
                    }
                ]
            }
        ],
        "items": [
            {
                "itemId": "0005074364230",
                "favorite": false,
                "fulfillment": {
                    "curbside": true,
                    "delivery": true,
                    "inStore": true,
                    "shipToHome": false
                },
                "size": "1 ct"
            }
        ],
        "itemInformation": {},
        "temperature": {
            "indicator": "Ambient",
            "heatSensitive": false
        }
    },
    {
        "productId": "0002708409295",
        "upc": "0002708409295",
        "productPageURI": "/p/mattel-matchbox-open-road-sters-assorted-toy-vehicles/0002708409295?cid=dis.api.tpi_products-api_20240521_b:all_c:np_t:lookupproduct-243261",
        "aisleLocations": [
            {
                "bayNumber": "13",
                "description": "AISLE 12",
                "number": "12",
                "numberOfFacings": "1",
                "side": "L",
                "shelfNumber": "5",
                "shelfPositionInBay": "14"
            }
        ],
        "brand": "Mattel",
        "categories": [
            "Entertainment"
        ],
        "description": "Mattel Matchbox\u00ae Open Road-sters Assorted Toy Vehicles",
        "images": [
            {
                "perspective": "back",
                "sizes": [
                    {
                        "size": "xlarge",
                        "url": "https://www.kroger.com/product/images/xlarge/back/0002708409295"
                    },
                    {
                        "size": "large",
                        "url": "https://www.kroger.com/product/images/large/back/0002708409295"
                    },
                    {
                        "size": "medium",
                        "url": "https://www.kroger.com/product/images/medium/back/0002708409295"
                    },
                    {
                        "size": "small",
                        "url": "https://www.kroger.com/product/images/small/back/0002708409295"
                    },
                    {
                        "size": "thumbnail",
                        "url": "https://www.kroger.com/product/images/thumbnail/back/0002708409295"
                    }
                ]
            },
            {
                "perspective": "front",
                "featured": true,
                "sizes": [
                    {
                        "size": "xlarge",
                        "url": "https://www.kroger.com/product/images/xlarge/front/0002708409295"
                    },
                    {
                        "size": "large",
                        "url": "https://www.kroger.com/product/images/large/front/0002708409295"
                    },
                    {
                        "size": "medium",
                        "url": "https://www.kroger.com/product/images/medium/front/0002708409295"
                    },
                    {
                        "size": "small",
                        "url": "https://www.kroger.com/product/images/small/front/0002708409295"
                    },
                    {
                        "size": "thumbnail",
                        "url": "https://www.kroger.com/product/images/thumbnail/front/0002708409295"
                    }
                ]
            }
        ],
        "items": [
            {
                "itemId": "0002708409295",
                "inventory": {
                    "stockLevel": "HIGH"
                },
                "favorite": false,
                "fulfillment": {
                    "curbside": true,
                    "delivery": true,
                    "inStore": true,
                    "shipToHome": false
                },
                "price": {
                    "regular": 7.99,
                    "promo": 0
                },
                "size": "5 pc",
                "soldBy": "UNIT"
            }
        ],
        "itemInformation": {
            "depth": "1.77",
            "height": "10.63",
            "width": "4.33"
        },
        "temperature": {
            "indicator": "Ambient",
            "heatSensitive": false
        }
    },
    {
        "productId": "0007429901806",
        "upc": "0007429901806",
        "productPageURI": "/p/mattel-hot-wheels-vehicles-5-pack/0007429901806?cid=dis.api.tpi_products-api_20240521_b:all_c:np_t:lookupproduct-243261",
        "aisleLocations": [
            {
                "bayNumber": "13",
                "description": "AISLE 12",
                "number": "12",
                "numberOfFacings": "1",
                "side": "L",
                "shelfNumber": "5",
                "shelfPositionInBay": "2"
            }
        ],
        "brand": "Mattel",
        "categories": [
            "Entertainment"
        ],
        "countryOrigin": "THAILAND",
        "description": "Mattel HOT WHEELS Vehicles 5-Pack",
        "images": [
            {
                "perspective": "front",
                "featured": true,
                "sizes": [
                    {
                        "size": "xlarge",
                        "url": "https://www.kroger.com/product/images/xlarge/front/0007429901806"
                    },
                    {
                        "size": "large",
                        "url": "https://www.kroger.com/product/images/large/front/0007429901806"
                    },
                    {
                        "size": "medium",
                        "url": "https://www.kroger.com/product/images/medium/front/0007429901806"
                    },
                    {
                        "size": "small",
                        "url": "https://www.kroger.com/product/images/small/front/0007429901806"
                    },
                    {
                        "size": "thumbnail",
                        "url": "https://www.kroger.com/product/images/thumbnail/front/0007429901806"
                    }
                ]
            },
            {
                "perspective": "back",
                "sizes": [
                    {
                        "size": "xlarge",
                        "url": "https://www.kroger.com/product/images/xlarge/back/0007429901806"
                    },
                    {
                        "size": "large",
                        "url": "https://www.kroger.com/product/images/large/back/0007429901806"
                    },
                    {
                        "size": "medium",
                        "url": "https://www.kroger.com/product/images/medium/back/0007429901806"
                    },
                    {
                        "size": "small",
                        "url": "https://www.kroger.com/product/images/small/back/0007429901806"
                    },
                    {
                        "size": "thumbnail",
                        "url": "https://www.kroger.com/product/images/thumbnail/back/0007429901806"
                    }
                ]
            },
            {
                "perspective": "bottom",
                "sizes": [
                    {
                        "size": "xlarge",
                        "url": "https://www.kroger.com/product/images/xlarge/bottom/0007429901806"
                    },
                    {
                        "size": "large",
                        "url": "https://www.kroger.com/product/images/large/bottom/0007429901806"
                    },
                    {
                        "size": "medium",
                        "url": "https://www.kroger.com/product/images/medium/bottom/0007429901806"
                    },
                    {
                        "size": "small",
                        "url": "https://www.kroger.com/product/images/small/bottom/0007429901806"
                    },
                    {
                        "size": "thumbnail",
                        "url": "https://www.kroger.com/product/images/thumbnail/bottom/0007429901806"
                    }
                ]
            }
        ],
        "items": [
            {
                "itemId": "0007429901806",
                "inventory": {
                    "stockLevel": "HIGH"
                },
                "favorite": false,
                "fulfillment": {
                    "curbside": true,
                    "delivery": true,
                    "inStore": true,
                    "shipToHome": false
                },
                "price": {
                    "regular": 6.99,
                    "promo": 0
                },
                "size": "1 ct",
                "soldBy": "UNIT"
            }
        ],
        "itemInformation": {
            "depth": "1.5",
            "height": "10.5",
            "width": "4.25"
        },
        "temperature": {
            "indicator": "Ambient",
            "heatSensitive": false
        }
    },
    {
        "productId": "0085206600120",
        "upc": "0085206600120",
        "productPageURI": "/p/current-coasters-ccf-20-ib-20-in-kick-scooter-indian-blue/0085206600120?cid=dis.api.tpi_products-api_20240521_b:all_c:np_t:lookupproduct-243261",
        "aisleLocations": [],
        "categories": [
            "Entertainment"
        ],
        "description": "Current Coasters CCF-20-IB 20 in. Kick Scooter, Indian Blue",
        "items": [
            {
                "itemId": "0085206600120",
                "favorite": false,
                "fulfillment": {
                    "curbside": false,
                    "delivery": false,
                    "inStore": false,
                    "shipToHome": false
                },
                "size": "1"
            }
        ],
        "itemInformation": {},
        "temperature": {
            "indicator": "Ambient",
            "heatSensitive": false
        }
    },
    {
        "productId": "0081199103144",
        "upc": "0081199103144",
        "productPageURI": "/p/jetson-spot3wheel-spot-ride-on-scooter/0081199103144?cid=dis.api.tpi_products-api_20240521_b:all_c:np_t:lookupproduct-243261",
        "aisleLocations": [],
        "categories": [
            "Entertainment"
        ],
        "description": "Jetson SPOT3WHEEL Spot Ride-On Scooter",
        "items": [
            {
                "itemId": "0081199103144",
                "favorite": false,
                "fulfillment": {
                    "curbside": false,
                    "delivery": false,
                    "inStore": false,
                    "shipToHome": false
                },
                "size": "1"
            }
        ],
        "itemInformation": {},
        "temperature": {
            "indicator": "Ambient",
            "heatSensitive": false
        }
    },
    {
        "productId": "0084237214644",
        "upc": "0084237214644",
        "productPageURI": "/p/razor-power-core-e100-kids-rideon-electric-motorized-scooter-with-helmet-purple/0084237214644?cid=dis.api.tpi_products-api_20240521_b:all_c:np_t:lookupproduct-243261",
        "aisleLocations": [],
        "categories": [
            "Entertainment"
        ],
        "description": "Razor Power Core E100 Kids RideOn Electric Motorized Scooter with Helmet, Purple",
        "items": [
            {
                "itemId": "0084237214644",
                "favorite": false,
                "fulfillment": {
                    "curbside": false,
                    "delivery": false,
                    "inStore": false,
                    "shipToHome": false
                },
                "size": "1"
            }
        ],
        "itemInformation": {},
        "temperature": {
            "indicator": "Ambient",
            "heatSensitive": false
        }
    },
    {
        "productId": "0071475740100",
        "upc": "0071475740100",
        "productPageURI": "/p/scooride-srs01-rd-small-scooter-red/0071475740100?cid=dis.api.tpi_products-api_20240521_b:all_c:np_t:lookupproduct-243261",
        "aisleLocations": [],
        "categories": [
            "Entertainment"
        ],
        "description": "Scooride SRS01-RD Small Scooter, Red",
        "items": [
            {
                "itemId": "0071475740100",
                "favorite": false,
                "fulfillment": {
                    "curbside": false,
                    "delivery": false,
                    "inStore": false,
                    "shipToHome": false
                },
                "size": "1"
            }
        ],
        "itemInformation": {},
        "temperature": {
            "indicator": "Ambient",
            "heatSensitive": false
        }
    },
    {
        "productId": "0009015939305",
        "upc": "0009015939305",
        "productPageURI": "/p/maisto-1-24-design-assembly-line-2015-ford-mustang-gt-black-teal/0009015939305?cid=dis.api.tpi_products-api_20240521_b:all_c:np_t:lookupproduct-243261",
        "aisleLocations": [],
        "brand": "Maisto",
        "categories": [
            "Entertainment"
        ],
        "countryOrigin": "CHINA",
        "description": "Maisto 1:24 Design Assembly Line 2015 Ford Mustang GT - Black/Teal",
        "images": [
            {
                "perspective": "front",
                "featured": true,
                "sizes": [
                    {
                        "size": "xlarge",
                        "url": "https://www.kroger.com/product/images/xlarge/front/0009015939305"
                    },
                    {
                        "size": "large",
                        "url": "https://www.kroger.com/product/images/large/front/0009015939305"
                    },
                    {
                        "size": "medium",
                        "url": "https://www.kroger.com/product/images/medium/front/0009015939305"
                    },
                    {
                        "size": "small",
                        "url": "https://www.kroger.com/product/images/small/front/0009015939305"
                    },
                    {
                        "size": "thumbnail",
                        "url": "https://www.kroger.com/product/images/thumbnail/front/0009015939305"
                    }
                ]
            }
        ],
        "items": [
            {
                "itemId": "0009015939305",
                "favorite": false,
                "fulfillment": {
                    "curbside": true,
                    "delivery": true,
                    "inStore": true,
                    "shipToHome": false
                },
                "size": "1 count"
            }
        ],
        "itemInformation": {},
        "temperature": {
            "indicator": "Ambient",
            "heatSensitive": false
        }
    },
    {
        "productId": "0009015939900",
        "upc": "0009015939900",
        "productPageURI": "/p/maisto-1-24-assembly-line-2014-corvette-stingray-coupe-black/0009015939900?cid=dis.api.tpi_products-api_20240521_b:all_c:np_t:lookupproduct-243261",
        "aisleLocations": [],
        "brand": "Maisto",
        "categories": [
            "Entertainment"
        ],
        "description": "Maisto 1:24 Assembly Line 2014 Corvette Stingray\u00ae Coupe - Black",
        "images": [
            {
                "perspective": "front",
                "featured": true,
                "sizes": [
                    {
                        "size": "xlarge",
                        "url": "https://www.kroger.com/product/images/xlarge/front/0009015939900"
                    },
                    {
                        "size": "large",
                        "url": "https://www.kroger.com/product/images/large/front/0009015939900"
                    },
                    {
                        "size": "medium",
                        "url": "https://www.kroger.com/product/images/medium/front/0009015939900"
                    },
                    {
                        "size": "small",
                        "url": "https://www.kroger.com/product/images/small/front/0009015939900"
                    },
                    {
                        "size": "thumbnail",
                        "url": "https://www.kroger.com/product/images/thumbnail/front/0009015939900"
                    }
                ]
            }
        ],
        "items": [
            {
                "itemId": "0009015939900",
                "favorite": false,
                "fulfillment": {
                    "curbside": true,
                    "delivery": true,
                    "inStore": true,
                    "shipToHome": false
                },
                "size": "1 count"
            }
        ],
        "itemInformation": {},
        "temperature": {
            "indicator": "Ambient",
            "heatSensitive": false
        }
    },
    {
        "productId": "0088879801175",
        "upc": "0088879801175",
        "productPageURI": "/p/sophia-s-by-teamson-kids-doll-mini-scooter-and-helmet-play-set-for-18-dolls-multicolor/0088879801175?cid=dis.api.tpi_products-api_20240521_b:all_c:np_t:lookupproduct-243261",
        "aisleLocations": [],
        "categories": [
            "Entertainment"
        ],
        "description": "Sophia's by Teamson Kids Doll Mini Scooter and Helmet Play Set for 18 Dolls, Multicolor",
        "items": [
            {
                "itemId": "0088879801175",
                "favorite": false,
                "fulfillment": {
                    "curbside": false,
                    "delivery": false,
                    "inStore": false,
                    "shipToHome": false
                },
                "size": "1"
            }
        ],
        "itemInformation": {},
        "temperature": {
            "indicator": "Ambient",
            "heatSensitive": false
        }
    },
    {
        "productId": "0074792542663",
        "upc": "0074792542663",
        "productPageURI": "/p/pull-buoy-16-in-turbo-scooter-yellow/0074792542663?cid=dis.api.tpi_products-api_20240521_b:all_c:np_t:lookupproduct-243261",
        "aisleLocations": [],
        "categories": [
            "Entertainment"
        ],
        "description": "Pull Buoy 16 in. Turbo Scooter, Yellow",
        "items": [
            {
                "itemId": "0074792542663",
                "favorite": false,
                "fulfillment": {
                    "curbside": false,
                    "delivery": false,
                    "inStore": false,
                    "shipToHome": false
                },
                "size": "1"
            }
        ],
        "itemInformation": {},
        "temperature": {
            "indicator": "Ambient",
            "heatSensitive": false
        }
    },
    {
        "productId": "0074792542665",
        "upc": "0074792542665",
        "productPageURI": "/p/pull-buoy-16-in-all-surface-scooters-set-6/0074792542665?cid=dis.api.tpi_products-api_20240521_b:all_c:np_t:lookupproduct-243261",
        "aisleLocations": [],
        "categories": [
            "Entertainment"
        ],
        "description": "Pull Buoy 16 in. All-Surface Scooters, Set - 6",
        "items": [
            {
                "itemId": "0074792542665",
                "favorite": false,
                "fulfillment": {
                    "curbside": false,
                    "delivery": false,
                    "inStore": false,
                    "shipToHome": false
                },
                "size": "1"
            }
        ],
        "itemInformation": {},
        "temperature": {
            "indicator": "Ambient",
            "heatSensitive": false
        }
    },
    {
        "productId": "0002708428060",
        "upc": "0002708428060",
        "productPageURI": "/p/mattel-hot-wheels-monster-jam-tour-favorite-trucks/0002708428060?cid=dis.api.tpi_products-api_20240521_b:all_c:np_t:lookupproduct-243261",
        "aisleLocations": [],
        "brand": "Mattel",
        "categories": [
            "Entertainment"
        ],
        "countryOrigin": "THAILAND",
        "description": "Mattel Hot Wheels\u00ae Monster Jam Tour Favorite Trucks",
        "images": [
            {
                "perspective": "front",
                "featured": true,
                "sizes": [
                    {
                        "size": "xlarge",
                        "url": "https://www.kroger.com/product/images/xlarge/front/0002708428060"
                    },
                    {
                        "size": "large",
                        "url": "https://www.kroger.com/product/images/large/front/0002708428060"
                    },
                    {
                        "size": "medium",
                        "url": "https://www.kroger.com/product/images/medium/front/0002708428060"
                    },
                    {
                        "size": "small",
                        "url": "https://www.kroger.com/product/images/small/front/0002708428060"
                    },
                    {
                        "size": "thumbnail",
                        "url": "https://www.kroger.com/product/images/thumbnail/front/0002708428060"
                    }
                ]
            },
            {
                "perspective": "right",
                "sizes": [
                    {
                        "size": "xlarge",
                        "url": "https://www.kroger.com/product/images/xlarge/right/0002708428060"
                    },
                    {
                        "size": "large",
                        "url": "https://www.kroger.com/product/images/large/right/0002708428060"
                    },
                    {
                        "size": "medium",
                        "url": "https://www.kroger.com/product/images/medium/right/0002708428060"
                    },
                    {
                        "size": "small",
                        "url": "https://www.kroger.com/product/images/small/right/0002708428060"
                    },
                    {
                        "size": "thumbnail",
                        "url": "https://www.kroger.com/product/images/thumbnail/right/0002708428060"
                    }
                ]
            }
        ],
        "items": [
            {
                "itemId": "0002708428060",
                "favorite": false,
                "fulfillment": {
                    "curbside": false,
                    "delivery": false,
                    "inStore": false,
                    "shipToHome": false
                },
                "size": "1 ct"
            }
        ],
        "itemInformation": {},
        "temperature": {
            "indicator": "Ambient",
            "heatSensitive": false
        }
    },
    {
        "productId": "0074792542664",
        "upc": "0074792542664",
        "productPageURI": "/p/pull-buoy-12-in-all-surface-scooters-set-6/0074792542664?cid=dis.api.tpi_products-api_20240521_b:all_c:np_t:lookupproduct-243261",
        "aisleLocations": [],
        "categories": [
            "Entertainment"
        ],
        "description": "Pull Buoy 12 in. All-Surface Scooters, Set - 6",
        "items": [
            {
                "itemId": "0074792542664",
                "favorite": false,
                "fulfillment": {
                    "curbside": false,
                    "delivery": false,
                    "inStore": false,
                    "shipToHome": false
                },
                "size": "1"
            }
        ],
        "itemInformation": {},
        "temperature": {
            "indicator": "Ambient",
            "heatSensitive": false
        }
    },
    {
        "productId": "0088796113100",
        "upc": "0088796113100",
        "productPageURI": "/p/fisher-price-power-wheels-disney-frozen-jeep-wrangler/0088796113100?cid=dis.api.tpi_products-api_20240521_b:all_c:np_t:lookupproduct-243261",
        "aisleLocations": [],
        "brand": "Fisher-Price\u00ae",
        "categories": [
            "Entertainment",
            "Entertainment"
        ],
        "countryOrigin": "MEXICO",
        "description": "Fisher-Price\u00ae Power Wheels\u00ae Disney Frozen Jeep Wrangler",
        "images": [
            {
                "perspective": "front",
                "featured": true,
                "sizes": [
                    {
                        "size": "xlarge",
                        "url": "https://www.kroger.com/product/images/xlarge/front/0088796113100"
                    },
                    {
                        "size": "large",
                        "url": "https://www.kroger.com/product/images/large/front/0088796113100"
                    },
                    {
                        "size": "medium",
                        "url": "https://www.kroger.com/product/images/medium/front/0088796113100"
                    },
                    {
                        "size": "small",
                        "url": "https://www.kroger.com/product/images/small/front/0088796113100"
                    },
                    {
                        "size": "thumbnail",
                        "url": "https://www.kroger.com/product/images/thumbnail/front/0088796113100"
                    }
                ]
            }
        ],
        "items": [
            {
                "itemId": "0088796113100",
                "favorite": false,
                "fulfillment": {
                    "curbside": true,
                    "delivery": true,
                    "inStore": true,
                    "shipToHome": false
                },
                "price": {
                    "regular": 299.99,
                    "promo": 0
                },
                "size": "1 ct",
                "soldBy": "UNIT"
            }
        ],
        "itemInformation": {},
        "temperature": {
            "indicator": "Ambient",
            "heatSensitive": false
        }
    },
    {
        "productId": "0074792542667",
        "upc": "0074792542667",
        "productPageURI": "/p/pull-buoy-16-in-turbo-scooters-set-6/0074792542667?cid=dis.api.tpi_products-api_20240521_b:all_c:np_t:lookupproduct-243261",
        "aisleLocations": [],
        "categories": [
            "Entertainment"
        ],
        "description": "Pull Buoy 16 in. Turbo Scooters, Set - 6",
        "items": [
            {
                "itemId": "0074792542667",
                "favorite": false,
                "fulfillment": {
                    "curbside": false,
                    "delivery": false,
                    "inStore": false,
                    "shipToHome": false
                },
                "size": "1"
            }
        ],
        "itemInformation": {},
        "temperature": {
            "indicator": "Ambient",
            "heatSensitive": false
        }
    },
    {
        "productId": "0074792542666",
        "upc": "0074792542666",
        "productPageURI": "/p/pull-buoy-16-in-all-surface-scooter-blue/0074792542666?cid=dis.api.tpi_products-api_20240521_b:all_c:np_t:lookupproduct-243261",
        "aisleLocations": [],
        "categories": [
            "Entertainment"
        ],
        "description": "Pull Buoy 16 in. All-Surface Scooter, Blue",
        "items": [
            {
                "itemId": "0074792542666",
                "favorite": false,
                "fulfillment": {
                    "curbside": false,
                    "delivery": false,
                    "inStore": false,
                    "shipToHome": false
                },
                "size": "1"
            }
        ],
        "itemInformation": {},
        "temperature": {
            "indicator": "Ambient",
            "heatSensitive": false
        }
    },
    {
        "productId": "0088796167203",
        "upc": "0088796167203",
        "productPageURI": "/p/mattel-matchbox-moving-parts-2000-nisaan-xterra-car/0088796167203?cid=dis.api.tpi_products-api_20240521_b:all_c:np_t:lookupproduct-243261",
        "aisleLocations": [],
        "brand": "Mattel",
        "categories": [
            "Entertainment"
        ],
        "countryOrigin": "THAILAND",
        "description": "Mattel Matchbox\u00ae Moving Parts 2000 Nisaan Xterra Car",
        "images": [
            {
                "perspective": "front",
                "featured": true,
                "sizes": [
                    {
                        "size": "xlarge",
                        "url": "https://www.kroger.com/product/images/xlarge/front/0088796167203"
                    },
                    {
                        "size": "large",
                        "url": "https://www.kroger.com/product/images/large/front/0088796167203"
                    },
                    {
                        "size": "medium",
                        "url": "https://www.kroger.com/product/images/medium/front/0088796167203"
                    },
                    {
                        "size": "small",
                        "url": "https://www.kroger.com/product/images/small/front/0088796167203"
                    },
                    {
                        "size": "thumbnail",
                        "url": "https://www.kroger.com/product/images/thumbnail/front/0088796167203"
                    }
                ]
            }
        ],
        "items": [
            {
                "itemId": "0088796167203",
                "favorite": false,
                "fulfillment": {
                    "curbside": false,
                    "delivery": false,
                    "inStore": false,
                    "shipToHome": false
                },
                "price": {
                    "regular": 4.49,
                    "promo": 0
                },
                "size": "1 ct",
                "soldBy": "UNIT"
            }
        ],
        "itemInformation": {},
        "temperature": {
            "indicator": "Ambient",
            "heatSensitive": false
        }
    },
    {
        "productId": "0074792542668",
        "upc": "0074792542668",
        "productPageURI": "/p/pull-buoy-16-in-turbo-scooter-blue/0074792542668?cid=dis.api.tpi_products-api_20240521_b:all_c:np_t:lookupproduct-243261",
        "aisleLocations": [],
        "categories": [
            "Entertainment"
        ],
        "description": "Pull Buoy 16 in. Turbo Scooter, Blue",
        "items": [
            {
                "itemId": "0074792542668",
                "favorite": false,
                "fulfillment": {
                    "curbside": false,
                    "delivery": false,
                    "inStore": false,
                    "shipToHome": false
                },
                "size": "1"
            }
        ],
        "itemInformation": {},
        "temperature": {
            "indicator": "Ambient",
            "heatSensitive": false
        }
    },
    {
        "productId": "0003599530782",
        "upc": "0003599530782",
        "productPageURI": "/p/mattel-matchbox-car-assorted/0003599530782?cid=dis.api.tpi_products-api_20240521_b:all_c:np_t:lookupproduct-243261",
        "aisleLocations": [
            {
                "bayNumber": "13",
                "description": "AISLE 12",
                "number": "12",
                "numberOfFacings": "1",
                "side": "L",
                "shelfNumber": "5",
                "shelfPositionInBay": "17"
            },
            {
                "bayNumber": "13",
                "description": "AISLE 12",
                "number": "12",
                "numberOfFacings": "1",
                "side": "L",
                "shelfNumber": "5",
                "shelfPositionInBay": "24"
            }
        ],
        "brand": "Mattel",
        "categories": [
            "Entertainment",
            "Entertainment"
        ],
        "description": "Mattel Matchbox\u00ae Car - Assorted",
        "images": [
            {
                "perspective": "front",
                "featured": true,
                "sizes": [
                    {
                        "size": "xlarge",
                        "url": "https://www.kroger.com/product/images/xlarge/front/0003599530782"
                    },
                    {
                        "size": "large",
                        "url": "https://www.kroger.com/product/images/large/front/0003599530782"
                    },
                    {
                        "size": "medium",
                        "url": "https://www.kroger.com/product/images/medium/front/0003599530782"
                    },
                    {
                        "size": "small",
                        "url": "https://www.kroger.com/product/images/small/front/0003599530782"
                    },
                    {
                        "size": "thumbnail",
                        "url": "https://www.kroger.com/product/images/thumbnail/front/0003599530782"
                    }
                ]
            }
        ],
        "items": [
            {
                "itemId": "0003599530782",
                "inventory": {
                    "stockLevel": "HIGH"
                },
                "favorite": false,
                "fulfillment": {
                    "curbside": true,
                    "delivery": true,
                    "inStore": true,
                    "shipToHome": false
                },
                "price": {
                    "regular": 1.25,
                    "promo": 0
                },
                "size": "1 ct",
                "soldBy": "UNIT"
            }
        ],
        "itemInformation": {
            "depth": "1.57",
            "height": "6.5",
            "width": "4.33"
        },
        "temperature": {
            "indicator": "Ambient",
            "heatSensitive": false
        }
    },
    {
        "productId": "0002133156387",
        "upc": "0002133156387",
        "productPageURI": "/p/fisher-price-actscot488fp-3-wheeled-scooter-with-lights-sound-xylophone-deck/0002133156387?cid=dis.api.tpi_products-api_20240521_b:all_c:np_t:lookupproduct-243261",
        "aisleLocations": [],
        "categories": [
            "Entertainment"
        ],
        "description": "Fisher-Price ACTSCOT488FP 3-Wheeled Scooter with Lights & Sound Xylophone Deck",
        "items": [
            {
                "itemId": "0002133156387",
                "favorite": false,
                "fulfillment": {
                    "curbside": false,
                    "delivery": false,
                    "inStore": false,
                    "shipToHome": false
                },
                "size": "1"
            }
        ],
        "itemInformation": {},
        "temperature": {
            "indicator": "Ambient",
            "heatSensitive": false
        }
    },
    {
        "productId": "0065951446798",
        "upc": "0065951446798",
        "productPageURI": "/p/sublue-mixprowg01-whiteshark-mixpro-underwater-scooter-whtie-gold/0065951446798?cid=dis.api.tpi_products-api_20240521_b:all_c:np_t:lookupproduct-243261",
        "aisleLocations": [],
        "categories": [
            "Entertainment"
        ],
        "description": "Sublue MIXPROWG01 WhiteShark MixPro Underwater Scooter - Whtie gold",
        "items": [
            {
                "itemId": "0065951446798",
                "favorite": false,
                "fulfillment": {
                    "curbside": false,
                    "delivery": false,
                    "inStore": false,
                    "shipToHome": false
                },
                "size": "1"
            }
        ],
        "itemInformation": {},
        "temperature": {
            "indicator": "Ambient",
            "heatSensitive": false
        }
    },
    {
        "productId": "0084542300329",
        "upc": "0084542300329",
        "productPageURI": "/p/razor-e100-kids-motorized-24-volt-electric-powered-ride-on-scooter-sweet-pea/0084542300329?cid=dis.api.tpi_products-api_20240521_b:all_c:np_t:lookupproduct-243261",
        "aisleLocations": [],
        "brand": "Razor",
        "categories": [
            "Entertainment",
            "Entertainment",
            "Sporting Goods"
        ],
        "description": "Razor E100 Kids Motorized 24 Volt Electric Powered Ride On Scooter, Sweet Pea",
        "images": [
            {
                "perspective": "right",
                "sizes": [
                    {
                        "size": "xlarge",
                        "url": "https://www.kroger.com/product/images/xlarge/right/0084542300329"
                    },
                    {
                        "size": "large",
                        "url": "https://www.kroger.com/product/images/large/right/0084542300329"
                    },
                    {
                        "size": "medium",
                        "url": "https://www.kroger.com/product/images/medium/right/0084542300329"
                    },
                    {
                        "size": "small",
                        "url": "https://www.kroger.com/product/images/small/right/0084542300329"
                    },
                    {
                        "size": "thumbnail",
                        "url": "https://www.kroger.com/product/images/thumbnail/right/0084542300329"
                    }
                ]
            },
            {
                "perspective": "front",
                "featured": true,
                "sizes": [
                    {
                        "size": "xlarge",
                        "url": "https://www.kroger.com/product/images/xlarge/front/0084542300329"
                    },
                    {
                        "size": "large",
                        "url": "https://www.kroger.com/product/images/large/front/0084542300329"
                    },
                    {
                        "size": "medium",
                        "url": "https://www.kroger.com/product/images/medium/front/0084542300329"
                    },
                    {
                        "size": "small",
                        "url": "https://www.kroger.com/product/images/small/front/0084542300329"
                    },
                    {
                        "size": "thumbnail",
                        "url": "https://www.kroger.com/product/images/thumbnail/front/0084542300329"
                    }
                ]
            },
            {
                "perspective": "back",
                "sizes": [
                    {
                        "size": "xlarge",
                        "url": "https://www.kroger.com/product/images/xlarge/back/0084542300329"
                    },
                    {
                        "size": "large",
                        "url": "https://www.kroger.com/product/images/large/back/0084542300329"
                    },
                    {
                        "size": "medium",
                        "url": "https://www.kroger.com/product/images/medium/back/0084542300329"
                    },
                    {
                        "size": "small",
                        "url": "https://www.kroger.com/product/images/small/back/0084542300329"
                    },
                    {
                        "size": "thumbnail",
                        "url": "https://www.kroger.com/product/images/thumbnail/back/0084542300329"
                    }
                ]
            },
            {
                "perspective": "left",
                "sizes": [
                    {
                        "size": "xlarge",
                        "url": "https://www.kroger.com/product/images/xlarge/left/0084542300329"
                    },
                    {
                        "size": "large",
                        "url": "https://www.kroger.com/product/images/large/left/0084542300329"
                    },
                    {
                        "size": "medium",
                        "url": "https://www.kroger.com/product/images/medium/left/0084542300329"
                    },
                    {
                        "size": "small",
                        "url": "https://www.kroger.com/product/images/small/left/0084542300329"
                    },
                    {
                        "size": "thumbnail",
                        "url": "https://www.kroger.com/product/images/thumbnail/left/0084542300329"
                    }
                ]
            }
        ],
        "items": [
            {
                "itemId": "0084542300329",
                "favorite": false,
                "fulfillment": {
                    "curbside": false,
                    "delivery": false,
                    "inStore": false,
                    "shipToHome": false
                },
                "size": "1 unit"
            }
        ],
        "itemInformation": {},
        "temperature": {
            "indicator": "Ambient",
            "heatSensitive": false
        }
    },
    {
        "productId": "0019380210285",
        "upc": "0019380210285",
        "productPageURI": "/p/razor-e325-electric-scooter-navy-razor-e300-electric-motorized-scooter-red/0019380210285?cid=dis.api.tpi_products-api_20240521_b:all_c:np_t:lookupproduct-243261",
        "aisleLocations": [],
        "categories": [
            "Entertainment"
        ],
        "description": "Razor E325 Electric Scooter, Navy + Razor E300 Electric Motorized Scooter, Red",
        "images": [
            {
                "perspective": "front",
                "featured": true,
                "sizes": [
                    {
                        "size": "xlarge",
                        "url": "https://www.kroger.com/product/images/xlarge/front/0019380210285"
                    },
                    {
                        "size": "large",
                        "url": "https://www.kroger.com/product/images/large/front/0019380210285"
                    },
                    {
                        "size": "medium",
                        "url": "https://www.kroger.com/product/images/medium/front/0019380210285"
                    },
                    {
                        "size": "small",
                        "url": "https://www.kroger.com/product/images/small/front/0019380210285"
                    },
                    {
                        "size": "thumbnail",
                        "url": "https://www.kroger.com/product/images/thumbnail/front/0019380210285"
                    }
                ]
            }
        ],
        "items": [
            {
                "itemId": "0019380210285",
                "favorite": false,
                "fulfillment": {
                    "curbside": false,
                    "delivery": false,
                    "inStore": false,
                    "shipToHome": false
                },
                "size": "1"
            }
        ],
        "itemInformation": {},
        "temperature": {
            "indicator": "Ambient",
            "heatSensitive": false
        }
    },
    {
        "productId": "0085349200508",
        "upc": "0085349200508",
        "productPageURI": "/p/uberscoot-evo-1000-electric-scooter-1000w/0085349200508?cid=dis.api.tpi_products-api_20240521_b:all_c:np_t:lookupproduct-243261",
        "aisleLocations": [],
        "categories": [
            "Entertainment"
        ],
        "description": "UberScoot Evo-1000 Electric Scooter - 1000W",
        "items": [
            {
                "itemId": "0085349200508",
                "favorite": false,
                "fulfillment": {
                    "curbside": false,
                    "delivery": false,
                    "inStore": false,
                    "shipToHome": false
                },
                "size": "1"
            }
        ],
        "itemInformation": {},
        "temperature": {
            "indicator": "Ambient",
            "heatSensitive": false
        }
    },
    {
        "productId": "0081199103125",
        "upc": "0081199103125",
        "productPageURI": "/p/jetson-jjuppnk-jupiter-kick-scooter-with-led-lights-pink/0081199103125?cid=dis.api.tpi_products-api_20240521_b:all_c:np_t:lookupproduct-243261",
        "aisleLocations": [],
        "categories": [
            "Entertainment"
        ],
        "description": "Jetson JJUPPNK Jupiter Kick Scooter With LED Lights - Pink",
        "items": [
            {
                "itemId": "0081199103125",
                "favorite": false,
                "fulfillment": {
                    "curbside": false,
                    "delivery": false,
                    "inStore": false,
                    "shipToHome": false
                },
                "size": "1"
            }
        ],
        "itemInformation": {},
        "temperature": {
            "indicator": "Ambient",
            "heatSensitive": false
        }
    },
    {
        "productId": "0081640901237",
        "upc": "0081640901237",
        "productPageURI": "/p/green-toys-car-carrier/0081640901237?cid=dis.api.tpi_products-api_20240521_b:all_c:np_t:lookupproduct-243261",
        "aisleLocations": [],
        "brand": "Green Toys",
        "categories": [
            "Entertainment",
            "Entertainment"
        ],
        "countryOrigin": "UNITED STATES",
        "description": "Green Toys Car Carrier",
        "images": [
            {
                "perspective": "front",
                "featured": true,
                "sizes": [
                    {
                        "size": "xlarge",
                        "url": "https://www.kroger.com/product/images/xlarge/front/0081640901237"
                    },
                    {
                        "size": "large",
                        "url": "https://www.kroger.com/product/images/large/front/0081640901237"
                    },
                    {
                        "size": "medium",
                        "url": "https://www.kroger.com/product/images/medium/front/0081640901237"
                    },
                    {
                        "size": "small",
                        "url": "https://www.kroger.com/product/images/small/front/0081640901237"
                    },
                    {
                        "size": "thumbnail",
                        "url": "https://www.kroger.com/product/images/thumbnail/front/0081640901237"
                    }
                ]
            }
        ],
        "items": [
            {
                "itemId": "0081640901237",
                "favorite": false,
                "fulfillment": {
                    "curbside": true,
                    "delivery": true,
                    "inStore": true,
                    "shipToHome": false
                },
                "size": "5 pc"
            }
        ],
        "itemInformation": {},
        "temperature": {
            "indicator": "Ambient",
            "heatSensitive": false
        }
    },
    {
        "productId": "0085206600104",
        "upc": "0085206600104",
        "productPageURI": "/p/current-coasters-ccf-20-am-20-in-kick-scooter-atlantic-moon/0085206600104?cid=dis.api.tpi_products-api_20240521_b:all_c:np_t:lookupproduct-243261",
        "aisleLocations": [],
        "categories": [
            "Entertainment"
        ],
        "description": "Current Coasters CCF-20-AM 20 in. Kick Scooter, Atlantic Moon",
        "items": [
            {
                "itemId": "0085206600104",
                "favorite": false,
                "fulfillment": {
                    "curbside": false,
                    "delivery": false,
                    "inStore": false,
                    "shipToHome": false
                },
                "size": "1"
            }
        ],
        "itemInformation": {},
        "temperature": {
            "indicator": "Ambient",
            "heatSensitive": false
        }
    },
    {
        "productId": "0085206600103",
        "upc": "0085206600103",
        "productPageURI": "/p/current-coasters-ccf-20-eb-20-in-kick-scooter-equitorial-black/0085206600103?cid=dis.api.tpi_products-api_20240521_b:all_c:np_t:lookupproduct-243261",
        "aisleLocations": [],
        "categories": [
            "Entertainment"
        ],
        "description": "Current Coasters CCF-20-EB 20 in. Kick Scooter, Equitorial Black",
        "items": [
            {
                "itemId": "0085206600103",
                "favorite": false,
                "fulfillment": {
                    "curbside": false,
                    "delivery": false,
                    "inStore": false,
                    "shipToHome": false
                },
                "size": "1"
            }
        ],
        "itemInformation": {},
        "temperature": {
            "indicator": "Ambient",
            "heatSensitive": false
        }
    },
    {
        "productId": "0085206600102",
        "upc": "0085206600102",
        "productPageURI": "/p/current-coasters-ccf-20-ag-20-in-kick-scooter-australia-grey/0085206600102?cid=dis.api.tpi_products-api_20240521_b:all_c:np_t:lookupproduct-243261",
        "aisleLocations": [],
        "categories": [
            "Entertainment"
        ],
        "description": "Current Coasters CCF-20-AG 20 in. Kick Scooter, Australia Grey",
        "items": [
            {
                "itemId": "0085206600102",
                "favorite": false,
                "fulfillment": {
                    "curbside": false,
                    "delivery": false,
                    "inStore": false,
                    "shipToHome": false
                },
                "size": "1"
            }
        ],
        "itemInformation": {},
        "temperature": {
            "indicator": "Ambient",
            "heatSensitive": false
        }
    }
]