[
    {
        "productId": "0001380047562",
        "upc": "0001380047562",
        "productPageURI": "/p/stouffer-s-bowl-fulls-slow-roasted-steak-potatoes-frozen-meal/0001380047562?cid=dis.api.tpi_products-api_20240521_b:all_c:np_t:lookupproduct-243261",
        "aisleLocations": [
            {
                "bayNumber": "16",
                "description": "AISLE 17",
                "number": "17",
                "numberOfFacings": "2",
                "side": "R",
                "shelfNumber": "4",
                "shelfPositionInBay": "2"
            }
        ],
        "brand": "Stouffer's",
        "categories": [
            "Frozen"
        ],
        "description": "Stouffer's Bowl-Fulls Slow-Roasted Steak & Potatoes Frozen Meal",
        "images": [
            {
                "perspective": "right",
                "sizes": [
                    {
                        "size": "xlarge",
                        "url": "https://www.kroger.com/product/images/xlarge/right/0001380047562"
                    },
                    {
                        "size": "large",
                        "url": "https://www.kroger.com/product/images/large/right/0001380047562"
                    },
                    {
                        "size": "medium",
                        "url": "https://www.kroger.com/product/images/medium/right/0001380047562"
                    },
                    {
                        "size": "small",
                        "url": "https://www.kroger.com/product/images/small/right/0001380047562"
                    },
                    {
                        "size": "thumbnail",
                        "url": "https://www.kroger.com/product/images/thumbnail/right/0001380047562"
                    }
                ]
            },
            {
                "perspective": "front",
                "featured": true,
                "sizes": [
                    {
                        "size": "xlarge",
                        "url": "https://www.kroger.com/product/images/xlarge/front/0001380047562"
                    },
                    {
                        "size": "large",
                        "url": "https://www.kroger.com/product/images/large/front/0001380047562"
                    },
                    {
                        "size": "medium",
                        "url": "https://www.kroger.com/product/images/medium/front/0001380047562"
                    },
                    {
                        "size": "small",
                        "url": "https://www.kroger.com/product/images/small/front/0001380047562"
                    },
                    {
                        "size": "thumbnail",
                        "url": "https://www.kroger.com/product/images/thumbnail/front/0001380047562"
                    }
                ]
            }
        ],
        "items": [
            {
                "itemId": "0001380047562",
                "inventory": {
                    "stockLevel": "HIGH"
                },
                "favorite": false,
                "fulfillment": {
                    "curbside": true,
                    "delivery": true,
                    "inStore": true,
                    "shipToHome": false
                },
                "price": {
                    "regular": 5.29,
                    "promo": 0
                },
                "size": "13.5 oz",
                "soldBy": "UNIT"
            }
        ],
        "itemInformation": {},
        "temperature": {
            "indicator": "Frozen",
            "heatSensitive": false
        }
    },
    {
        "productId": "0002113130267",
        "upc": "0002113130267",
        "productPageURI": "/p/marie-callender-s-slow-roasted-beef-pot-roast-bowl-frozen-meal/0002113130267?cid=dis.api.tpi_products-api_20240521_b:all_c:np_t:lookupproduct-243261",
        "aisleLocations": [
            {
                "bayNumber": "22",
                "description": "AISLE 17",
                "number": "17",
                "numberOfFacings": "1",
                "side": "R",
                "shelfNumber": "4",
                "shelfPositionInBay": "1"
            }
        ],
        "brand": "Marie Callender's",
        "categories": [
            "Frozen"
        ],
        "countryOrigin": "UNITED STATES",
        "description": "Marie Callender's Slow Roasted Beef Pot Roast Bowl Frozen Meal",
        "images": [
            {
                "perspective": "right",
                "sizes": [
                    {
                        "size": "xlarge",
                        "url": "https://www.kroger.com/product/images/xlarge/right/0002113130267"
                    },
                    {
                        "size": "large",
                        "url": "https://www.kroger.com/product/images/large/right/0002113130267"
                    },
                    {
                        "size": "medium",
                        "url": "https://www.kroger.com/product/images/medium/right/0002113130267"
                    },
                    {
                        "size": "small",
                        "url": "https://www.kroger.com/product/images/small/right/0002113130267"
                    },
                    {
                        "size": "thumbnail",
                        "url": "https://www.kroger.com/product/images/thumbnail/right/0002113130267"
                    }
                ]
            },
            {
                "perspective": "front",
                "featured": true,
                "sizes": [
                    {
                        "size": "xlarge",
                        "url": "https://www.kroger.com/product/images/xlarge/front/0002113130267"
                    },
                    {
                        "size": "large",
                        "url": "https://www.kroger.com/product/images/large/front/0002113130267"
                    },
                    {
                        "size": "medium",
                        "url": "https://www.kroger.com/product/images/medium/front/0002113130267"
                    },
                    {
                        "size": "small",
                        "url": "https://www.kroger.com/product/images/small/front/0002113130267"
                    },
                    {
                        "size": "thumbnail",
                        "url": "https://www.kroger.com/product/images/thumbnail/front/0002113130267"
                    }
                ]
            },
            {
                "perspective": "back",
                "sizes": [
                    {
                        "size": "xlarge",
                        "url": "https://www.kroger.com/product/images/xlarge/back/0002113130267"
                    },
                    {
                        "size": "large",
                        "url": "https://www.kroger.com/product/images/large/back/0002113130267"
                    },
                    {
                        "size": "medium",
                        "url": "https://www.kroger.com/product/images/medium/back/0002113130267"
                    },
                    {
                        "size": "small",
                        "url": "https://www.kroger.com/product/images/small/back/0002113130267"
                    },
                    {
                        "size": "thumbnail",
                        "url": "https://www.kroger.com/product/images/thumbnail/back/0002113130267"
                    }
                ]
            },
            {
                "perspective": "top",
                "sizes": [
                    {
                        "size": "xlarge",
                        "url": "https://www.kroger.com/product/images/xlarge/top/0002113130267"
                    },
                    {
                        "size": "large",
                        "url": "https://www.kroger.com/product/images/large/top/0002113130267"
                    },
                    {
                        "size": "medium",
                        "url": "https://www.kroger.com/product/images/medium/top/0002113130267"
                    },
                    {
                        "size": "small",
                        "url": "https://www.kroger.com/product/images/small/top/0002113130267"
                    },
                    {
                        "size": "thumbnail",
                        "url": "https://www.kroger.com/product/images/thumbnail/top/0002113130267"
                    }
                ]
            },
            {
                "perspective": "left",
                "sizes": [
                    {
                        "size": "xlarge",
                        "url": "https://www.kroger.com/product/images/xlarge/left/0002113130267"
                    },
                    {
                        "size": "large",
                        "url": "https://www.kroger.com/product/images/large/left/0002113130267"
                    },
                    {
                        "size": "medium",
                        "url": "https://www.kroger.com/product/images/medium/left/0002113130267"
                    },
                    {
                        "size": "small",
                        "url": "https://www.kroger.com/product/images/small/left/0002113130267"
                    },
                    {
                        "size": "thumbnail",
                        "url": "https://www.kroger.com/product/images/thumbnail/left/0002113130267"
                    }
                ]
            }
        ],
        "items": [
            {
                "itemId": "0002113130267",
                "inventory": {
                    "stockLevel": "HIGH"
                },
                "favorite": false,
                "fulfillment": {
                    "curbside": true,
                    "delivery": true,
                    "inStore": true,
                    "shipToHome": false
                },
                "price": {
                    "regular": 3.29,
                    "promo": 0
                },
                "size": "11 oz",
                "soldBy": "UNIT"
            }
        ],
        "itemInformation": {
            "depth": "7.55",
            "height": "1.9",
            "width": "7.55"
        },
        "temperature": {
            "indicator": "Frozen",
            "heatSensitive": false
        }
    },
    {
        "productId": "0002580002320",
        "upc": "0002580002320",
        "productPageURI": "/p/smart-ones-tasty-american-favorites-slow-roasted-turkey-breast/0002580002320?cid=dis.api.tpi_products-api_20240521_b:all_c:np_t:lookupproduct-243261",
        "aisleLocations": [
            {
                "bayNumber": "11",
                "description": "AISLE 17",
                "number": "17",
                "numberOfFacings": "2",
                "side": "R",
                "shelfNumber": "5",
                "shelfPositionInBay": "2"
            }
        ],
        "brand": "Smart Ones",
        "categories": [
            "Frozen"
        ],
        "description": "Smart Ones Tasty American Favorites Slow Roasted Turkey Breast",
        "images": [
            {
                "perspective": "right",
                "sizes": [
                    {
                        "size": "xlarge",
                        "url": "https://www.kroger.com/product/images/xlarge/right/0002580002320"
                    },
                    {
                        "size": "large",
                        "url": "https://www.kroger.com/product/images/large/right/0002580002320"
                    },
                    {
                        "size": "medium",
                        "url": "https://www.kroger.com/product/images/medium/right/0002580002320"
                    },
                    {
                        "size": "small",
                        "url": "https://www.kroger.com/product/images/small/right/0002580002320"
                    },
                    {
                        "size": "thumbnail",
                        "url": "https://www.kroger.com/product/images/thumbnail/right/0002580002320"
                    }
                ]
            },
            {
                "perspective": "front",
                "featured": true,
                "sizes": [
                    {
                        "size": "large",
                        "url": "https://www.kroger.com/product/images/large/front/0002580002320"
                    },
                    {
                        "size": "medium",
                        "url": "https://www.kroger.com/product/images/medium/front/0002580002320"
                    },
                    {
                        "size": "small",
                        "url": "https://www.kroger.com/product/images/small/front/0002580002320"
                    },
                    {
                        "size": "thumbnail",
                        "url": "https://www.kroger.com/product/images/thumbnail/front/0002580002320"
                    }
                ]
            },
            {
                "perspective": "bottom",
                "sizes": [
                    {
                        "size": "xlarge",
                        "url": "https://www.kroger.com/product/images/xlarge/bottom/0002580002320"
                    },
                    {
                        "size": "large",
                        "url": "https://www.kroger.com/product/images/large/bottom/0002580002320"
                    },
                    {
                        "size": "medium",
                        "url": "https://www.kroger.com/product/images/medium/bottom/0002580002320"
                    },
                    {
                        "size": "small",
                        "url": "https://www.kroger.com/product/images/small/bottom/0002580002320"
                    },
                    {
                        "size": "thumbnail",
                        "url": "https://www.kroger.com/product/images/thumbnail/bottom/0002580002320"
                    }
                ]
            },
            {
                "perspective": "left",
                "sizes": [
                    {
                        "size": "large",
                        "url": "https://www.kroger.com/product/images/large/left/0002580002320"
                    },
                    {
                        "size": "medium",
                        "url": "https://www.kroger.com/product/images/medium/left/0002580002320"
                    },
                    {
                        "size": "small",
                        "url": "https://www.kroger.com/product/images/small/left/0002580002320"
                    },
                    {
                        "size": "thumbnail",
                        "url": "https://www.kroger.com/product/images/thumbnail/left/0002580002320"
                    }
                ]
            },
            {
                "perspective": "top",
                "sizes": [
                    {
                        "size": "xlarge",
                        "url": "https://www.kroger.com/product/images/xlarge/top/0002580002320"
                    },
                    {
                        "size": "large",
                        "url": "https://www.kroger.com/product/images/large/top/0002580002320"
                    },
                    {
                        "size": "medium",
                        "url": "https://www.kroger.com/product/images/medium/top/0002580002320"
                    },
                    {
                        "size": "small",
                        "url": "https://www.kroger.com/product/images/small/top/0002580002320"
                    },
                    {
                        "size": "thumbnail",
                        "url": "https://www.kroger.com/product/images/thumbnail/top/0002580002320"
                    }
                ]
            }
        ],
        "items": [
            {
                "itemId": "0002580002320",
                "inventory": {
                    "stockLevel": "HIGH"
                },
                "favorite": false,
                "fulfillment": {
                    "curbside": true,
                    "delivery": true,
                    "inStore": true,
                    "shipToHome": false
                },
                "price": {
                    "regular": 2.49,
                    "promo": 0
                },
                "size": "9 oz",
                "soldBy": "UNIT"
            }
        ],
        "itemInformation": {},
        "temperature": {
            "indicator": "Frozen",
            "heatSensitive": false
        }
    }
]