[
    {
        "productId": "0089906900098",
        "upc": "0089906900098",
        "productPageURI": "/p/miracle-gro-dfdc210-dual-28-gal-tumbling-garden-soil-composter-w-hand-tool-kit/0089906900098?cid=dis.api.tpi_products-api_20240521_b:all_c:np_t:lookupproduct-243261",
        "aisleLocations": [],
        "brand": "Miracle-Gro",
        "categories": [
            "Furniture"
        ],
        "description": "Miracle-Gro DFDC210 Dual 28 Gal Tumbling Garden Soil Composter w/Hand Tool Kit",
        "images": [
            {
                "perspective": "front",
                "featured": true,
                "sizes": [
                    {
                        "size": "xlarge",
                        "url": "https://www.kroger.com/product/images/xlarge/front/0089906900098"
                    },
                    {
                        "size": "large",
                        "url": "https://www.kroger.com/product/images/large/front/0089906900098"
                    },
                    {
                        "size": "medium",
                        "url": "https://www.kroger.com/product/images/medium/front/0089906900098"
                    },
                    {
                        "size": "small",
                        "url": "https://www.kroger.com/product/images/small/front/0089906900098"
                    },
                    {
                        "size": "thumbnail",
                        "url": "https://www.kroger.com/product/images/thumbnail/front/0089906900098"
                    }
                ]
            },
            {
                "perspective": "back",
                "sizes": [
                    {
                        "size": "xlarge",
                        "url": "https://www.kroger.com/product/images/xlarge/back/0089906900098"
                    },
                    {
                        "size": "large",
                        "url": "https://www.kroger.com/product/images/large/back/0089906900098"
                    },
                    {
                        "size": "medium",
                        "url": "https://www.kroger.com/product/images/medium/back/0089906900098"
                    },
                    {
                        "size": "small",
                        "url": "https://www.kroger.com/product/images/small/back/0089906900098"
                    },
                    {
                        "size": "thumbnail",
                        "url": "https://www.kroger.com/product/images/thumbnail/back/0089906900098"
                    }
                ]
            },
            {
                "perspective": "bottom",
                "sizes": [
                    {
                        "size": "xlarge",
                        "url": "https://www.kroger.com/product/images/xlarge/bottom/0089906900098"
                    },
                    {
                        "size": "large",
                        "url": "https://www.kroger.com/product/images/large/bottom/0089906900098"
                    },
                    {
                        "size": "medium",
                        "url": "https://www.kroger.com/product/images/medium/bottom/0089906900098"
                    },
                    {
                        "size": "small",
                        "url": "https://www.kroger.com/product/images/small/bottom/0089906900098"
                    },
                    {
                        "size": "thumbnail",
                        "url": "https://www.kroger.com/product/images/thumbnail/bottom/0089906900098"
                    }
                ]
            },
            {
                "perspective": "left",
                "sizes": [
                    {
                        "size": "xlarge",
                        "url": "https://www.kroger.com/product/images/xlarge/left/0089906900098"
                    },
                    {
                        "size": "large",
                        "url": "https://www.kroger.com/product/images/large/left/0089906900098"
                    },
                    {
                        "size": "medium",
                        "url": "https://www.kroger.com/product/images/medium/left/0089906900098"
                    },
                    {
                        "size": "small",
                        "url": "https://www.kroger.com/product/images/small/left/0089906900098"
                    },
                    {
                        "size": "thumbnail",
                        "url": "https://www.kroger.com/product/images/thumbnail/left/0089906900098"
                    }
                ]
            },
            {
                "perspective": "top",
                "sizes": [
                    {
                        "size": "xlarge",
                        "url": "https://www.kroger.com/product/images/xlarge/top/0089906900098"
                    },
                    {
                        "size": "large",
                        "url": "https://www.kroger.com/product/images/large/top/0089906900098"
                    },
                    {
                        "size": "medium",
                        "url": "https://www.kroger.com/product/images/medium/top/0089906900098"
                    },
                    {
                        "size": "small",
                        "url": "https://www.kroger.com/product/images/small/top/0089906900098"
                    },
                    {
                        "size": "thumbnail",
                        "url": "https://www.kroger.com/product/images/thumbnail/top/0089906900098"
                    }
                ]
            }
        ],
        "items": [
            {
                "itemId": "0089906900098",
                "favorite": false,
                "fulfillment": {
                    "curbside": false,
                    "delivery": false,
                    "inStore": false,
                    "shipToHome": false
                },
                "size": "1"
            }
        ],
        "itemInformation": {},
        "temperature": {
            "indicator": "Ambient",
            "heatSensitive": false
        }
    },
    {
        "productId": "0084002383056",
        "upc": "0084002383056",
        "productPageURI": "/p/fcmp-outdoor-37-gal-dual-chamber-tumbling-composter-bin-for-soil-2-pack-/0084002383056?cid=dis.api.tpi_products-api_20240521_b:all_c:np_t:lookupproduct-243261",
        "aisleLocations": [],
        "brand": "Outdoor",
        "categories": [
            "Furniture"
        ],
        "description": "FCMP Outdoor 37 Gal Dual Chamber Tumbling Composter Bin for Soil (2 Pack)",
        "images": [
            {
                "perspective": "right",
                "sizes": [
                    {
                        "size": "xlarge",
                        "url": "https://www.kroger.com/product/images/xlarge/right/0084002383056"
                    },
                    {
                        "size": "large",
                        "url": "https://www.kroger.com/product/images/large/right/0084002383056"
                    },
                    {
                        "size": "medium",
                        "url": "https://www.kroger.com/product/images/medium/right/0084002383056"
                    },
                    {
                        "size": "small",
                        "url": "https://www.kroger.com/product/images/small/right/0084002383056"
                    },
                    {
                        "size": "thumbnail",
                        "url": "https://www.kroger.com/product/images/thumbnail/right/0084002383056"
                    }
                ]
            },
            {
                "perspective": "back",
                "sizes": [
                    {
                        "size": "xlarge",
                        "url": "https://www.kroger.com/product/images/xlarge/back/0084002383056"
                    },
                    {
                        "size": "large",
                        "url": "https://www.kroger.com/product/images/large/back/0084002383056"
                    },
                    {
                        "size": "medium",
                        "url": "https://www.kroger.com/product/images/medium/back/0084002383056"
                    },
                    {
                        "size": "small",
                        "url": "https://www.kroger.com/product/images/small/back/0084002383056"
                    },
                    {
                        "size": "thumbnail",
                        "url": "https://www.kroger.com/product/images/thumbnail/back/0084002383056"
                    }
                ]
            },
            {
                "perspective": "front",
                "featured": true,
                "sizes": [
                    {
                        "size": "xlarge",
                        "url": "https://www.kroger.com/product/images/xlarge/front/0084002383056"
                    },
                    {
                        "size": "large",
                        "url": "https://www.kroger.com/product/images/large/front/0084002383056"
                    },
                    {
                        "size": "medium",
                        "url": "https://www.kroger.com/product/images/medium/front/0084002383056"
                    },
                    {
                        "size": "small",
                        "url": "https://www.kroger.com/product/images/small/front/0084002383056"
                    },
                    {
                        "size": "thumbnail",
                        "url": "https://www.kroger.com/product/images/thumbnail/front/0084002383056"
                    }
                ]
            },
            {
                "perspective": "bottom",
                "sizes": [
                    {
                        "size": "xlarge",
                        "url": "https://www.kroger.com/product/images/xlarge/bottom/0084002383056"
                    },
                    {
                        "size": "large",
                        "url": "https://www.kroger.com/product/images/large/bottom/0084002383056"
                    },
                    {
                        "size": "medium",
                        "url": "https://www.kroger.com/product/images/medium/bottom/0084002383056"
                    },
                    {
                        "size": "small",
                        "url": "https://www.kroger.com/product/images/small/bottom/0084002383056"
                    },
                    {
                        "size": "thumbnail",
                        "url": "https://www.kroger.com/product/images/thumbnail/bottom/0084002383056"
                    }
                ]
            },
            {
                "perspective": "left",
                "sizes": [
                    {
                        "size": "xlarge",
                        "url": "https://www.kroger.com/product/images/xlarge/left/0084002383056"
                    },
                    {
                        "size": "large",
                        "url": "https://www.kroger.com/product/images/large/left/0084002383056"
                    },
                    {
                        "size": "medium",
                        "url": "https://www.kroger.com/product/images/medium/left/0084002383056"
                    },
                    {
                        "size": "small",
                        "url": "https://www.kroger.com/product/images/small/left/0084002383056"
                    },
                    {
                        "size": "thumbnail",
                        "url": "https://www.kroger.com/product/images/thumbnail/left/0084002383056"
                    }
                ]
            },
            {
                "perspective": "top",
                "sizes": [
                    {
                        "size": "xlarge",
                        "url": "https://www.kroger.com/product/images/xlarge/top/0084002383056"
                    },
                    {
                        "size": "large",
                        "url": "https://www.kroger.com/product/images/large/top/0084002383056"
                    },
                    {
                        "size": "medium",
                        "url": "https://www.kroger.com/product/images/medium/top/0084002383056"
                    },
                    {
                        "size": "small",
                        "url": "https://www.kroger.com/product/images/small/top/0084002383056"
                    },
                    {
                        "size": "thumbnail",
                        "url": "https://www.kroger.com/product/images/thumbnail/top/0084002383056"
                    }
                ]
            }
        ],
        "items": [
            {
                "itemId": "0084002383056",
                "favorite": false,
                "fulfillment": {
                    "curbside": false,
                    "delivery": false,
                    "inStore": false,
                    "shipToHome": false
                },
                "size": "1"
            }
        ],
        "itemInformation": {},
        "temperature": {
            "indicator": "Ambient",
            "heatSensitive": false
        }
    },
    {
        "productId": "0089906900097",
        "upc": "0089906900097",
        "productPageURI": "/p/miracle-gro-dfsc105-28-gal-tumbling-garden-waste-soil-composter-w-hand-tool-kit/0089906900097?cid=dis.api.tpi_products-api_20240521_b:all_c:np_t:lookupproduct-243261",
        "aisleLocations": [],
        "brand": "Miracle-Gro",
        "categories": [
            "Furniture"
        ],
        "description": "Miracle-Gro DFSC105 28 Gal Tumbling Garden Waste Soil Composter w/Hand Tool Kit",
        "images": [
            {
                "perspective": "front",
                "featured": true,
                "sizes": [
                    {
                        "size": "xlarge",
                        "url": "https://www.kroger.com/product/images/xlarge/front/0089906900097"
                    },
                    {
                        "size": "large",
                        "url": "https://www.kroger.com/product/images/large/front/0089906900097"
                    },
                    {
                        "size": "medium",
                        "url": "https://www.kroger.com/product/images/medium/front/0089906900097"
                    },
                    {
                        "size": "small",
                        "url": "https://www.kroger.com/product/images/small/front/0089906900097"
                    },
                    {
                        "size": "thumbnail",
                        "url": "https://www.kroger.com/product/images/thumbnail/front/0089906900097"
                    }
                ]
            },
            {
                "perspective": "back",
                "sizes": [
                    {
                        "size": "xlarge",
                        "url": "https://www.kroger.com/product/images/xlarge/back/0089906900097"
                    },
                    {
                        "size": "large",
                        "url": "https://www.kroger.com/product/images/large/back/0089906900097"
                    },
                    {
                        "size": "medium",
                        "url": "https://www.kroger.com/product/images/medium/back/0089906900097"
                    },
                    {
                        "size": "small",
                        "url": "https://www.kroger.com/product/images/small/back/0089906900097"
                    },
                    {
                        "size": "thumbnail",
                        "url": "https://www.kroger.com/product/images/thumbnail/back/0089906900097"
                    }
                ]
            },
            {
                "perspective": "right",
                "sizes": [
                    {
                        "size": "xlarge",
                        "url": "https://www.kroger.com/product/images/xlarge/right/0089906900097"
                    },
                    {
                        "size": "large",
                        "url": "https://www.kroger.com/product/images/large/right/0089906900097"
                    },
                    {
                        "size": "medium",
                        "url": "https://www.kroger.com/product/images/medium/right/0089906900097"
                    },
                    {
                        "size": "small",
                        "url": "https://www.kroger.com/product/images/small/right/0089906900097"
                    },
                    {
                        "size": "thumbnail",
                        "url": "https://www.kroger.com/product/images/thumbnail/right/0089906900097"
                    }
                ]
            },
            {
                "perspective": "bottom",
                "sizes": [
                    {
                        "size": "xlarge",
                        "url": "https://www.kroger.com/product/images/xlarge/bottom/0089906900097"
                    },
                    {
                        "size": "large",
                        "url": "https://www.kroger.com/product/images/large/bottom/0089906900097"
                    },
                    {
                        "size": "medium",
                        "url": "https://www.kroger.com/product/images/medium/bottom/0089906900097"
                    },
                    {
                        "size": "small",
                        "url": "https://www.kroger.com/product/images/small/bottom/0089906900097"
                    },
                    {
                        "size": "thumbnail",
                        "url": "https://www.kroger.com/product/images/thumbnail/bottom/0089906900097"
                    }
                ]
            },
            {
                "perspective": "top",
                "sizes": [
                    {
                        "size": "xlarge",
                        "url": "https://www.kroger.com/product/images/xlarge/top/0089906900097"
                    },
                    {
                        "size": "large",
                        "url": "https://www.kroger.com/product/images/large/top/0089906900097"
                    },
                    {
                        "size": "medium",
                        "url": "https://www.kroger.com/product/images/medium/top/0089906900097"
                    },
                    {
                        "size": "small",
                        "url": "https://www.kroger.com/product/images/small/top/0089906900097"
                    },
                    {
                        "size": "thumbnail",
                        "url": "https://www.kroger.com/product/images/thumbnail/top/0089906900097"
                    }
                ]
            }
        ],
        "items": [
            {
                "itemId": "0089906900097",
                "favorite": false,
                "fulfillment": {
                    "curbside": false,
                    "delivery": false,
                    "inStore": false,
                    "shipToHome": false
                },
                "size": "1"
            }
        ],
        "itemInformation": {},
        "temperature": {
            "indicator": "Ambient",
            "heatSensitive": false
        }
    },
    {
        "productId": "0004122610227",
        "upc": "0004122610227",
        "productPageURI": "/p/turf-king-all-purpose-potting-soil/0004122610227?cid=dis.api.tpi_products-api_20240521_b:all_c:np_t:lookupproduct-243261",
        "aisleLocations": [],
        "brand": "Turf King",
        "categories": [
            "Garden & Patio"
        ],
        "countryOrigin": "UNITED STATES",
        "description": "Turf King\u00ae All-Purpose Potting Soil",
        "images": [
            {
                "perspective": "front",
                "featured": true,
                "sizes": [
                    {
                        "size": "xlarge",
                        "url": "https://www.kroger.com/product/images/xlarge/front/0004122610227"
                    },
                    {
                        "size": "large",
                        "url": "https://www.kroger.com/product/images/large/front/0004122610227"
                    },
                    {
                        "size": "medium",
                        "url": "https://www.kroger.com/product/images/medium/front/0004122610227"
                    },
                    {
                        "size": "small",
                        "url": "https://www.kroger.com/product/images/small/front/0004122610227"
                    },
                    {
                        "size": "thumbnail",
                        "url": "https://www.kroger.com/product/images/thumbnail/front/0004122610227"
                    }
                ]
            }
        ],
        "items": [
            {
                "itemId": "0004122610227",
                "favorite": false,
                "fulfillment": {
                    "curbside": true,
                    "delivery": true,
                    "inStore": true,
                    "shipToHome": false
                },
                "size": "22 l"
            }
        ],
        "itemInformation": {},
        "temperature": {
            "indicator": "Ambient",
            "heatSensitive": false
        }
    },
    {
        "productId": "0062834413884",
        "upc": "0062834413884",
        "productPageURI": "/p/fcmp-outdoor-im4000-37-gal-dual-chamber-quick-curing-tumbling-composter-soil-bin/0062834413884?cid=dis.api.tpi_products-api_20240521_b:all_c:np_t:lookupproduct-243261",
        "aisleLocations": [],
        "brand": "Outdoor",
        "categories": [
            "Furniture"
        ],
        "description": "FCMP Outdoor IM4000 37-Gal Dual-Chamber Quick Curing Tumbling Composter Soil Bin",
        "images": [
            {
                "perspective": "right",
                "sizes": [
                    {
                        "size": "xlarge",
                        "url": "https://www.kroger.com/product/images/xlarge/right/0062834413884"
                    },
                    {
                        "size": "large",
                        "url": "https://www.kroger.com/product/images/large/right/0062834413884"
                    },
                    {
                        "size": "medium",
                        "url": "https://www.kroger.com/product/images/medium/right/0062834413884"
                    },
                    {
                        "size": "small",
                        "url": "https://www.kroger.com/product/images/small/right/0062834413884"
                    },
                    {
                        "size": "thumbnail",
                        "url": "https://www.kroger.com/product/images/thumbnail/right/0062834413884"
                    }
                ]
            },
            {
                "perspective": "back",
                "sizes": [
                    {
                        "size": "xlarge",
                        "url": "https://www.kroger.com/product/images/xlarge/back/0062834413884"
                    },
                    {
                        "size": "large",
                        "url": "https://www.kroger.com/product/images/large/back/0062834413884"
                    },
                    {
                        "size": "medium",
                        "url": "https://www.kroger.com/product/images/medium/back/0062834413884"
                    },
                    {
                        "size": "small",
                        "url": "https://www.kroger.com/product/images/small/back/0062834413884"
                    },
                    {
                        "size": "thumbnail",
                        "url": "https://www.kroger.com/product/images/thumbnail/back/0062834413884"
                    }
                ]
            },
            {
                "perspective": "front",
                "featured": true,
                "sizes": [
                    {
                        "size": "xlarge",
                        "url": "https://www.kroger.com/product/images/xlarge/front/0062834413884"
                    },
                    {
                        "size": "large",
                        "url": "https://www.kroger.com/product/images/large/front/0062834413884"
                    },
                    {
                        "size": "medium",
                        "url": "https://www.kroger.com/product/images/medium/front/0062834413884"
                    },
                    {
                        "size": "small",
                        "url": "https://www.kroger.com/product/images/small/front/0062834413884"
                    },
                    {
                        "size": "thumbnail",
                        "url": "https://www.kroger.com/product/images/thumbnail/front/0062834413884"
                    }
                ]
            },
            {
                "perspective": "bottom",
                "sizes": [
                    {
                        "size": "xlarge",
                        "url": "https://www.kroger.com/product/images/xlarge/bottom/0062834413884"
                    },
                    {
                        "size": "large",
                        "url": "https://www.kroger.com/product/images/large/bottom/0062834413884"
                    },
                    {
                        "size": "medium",
                        "url": "https://www.kroger.com/product/images/medium/bottom/0062834413884"
                    },
                    {
                        "size": "small",
                        "url": "https://www.kroger.com/product/images/small/bottom/0062834413884"
                    },
                    {
                        "size": "thumbnail",
                        "url": "https://www.kroger.com/product/images/thumbnail/bottom/0062834413884"
                    }
                ]
            },
            {
                "perspective": "top",
                "sizes": [
                    {
                        "size": "xlarge",
                        "url": "https://www.kroger.com/product/images/xlarge/top/0062834413884"
                    },
                    {
                        "size": "large",
                        "url": "https://www.kroger.com/product/images/large/top/0062834413884"
                    },
                    {
                        "size": "medium",
                        "url": "https://www.kroger.com/product/images/medium/top/0062834413884"
                    },
                    {
                        "size": "small",
                        "url": "https://www.kroger.com/product/images/small/top/0062834413884"
                    },
                    {
                        "size": "thumbnail",
                        "url": "https://www.kroger.com/product/images/thumbnail/top/0062834413884"
                    }
                ]
            },
            {
                "perspective": "left",
                "sizes": [
                    {
                        "size": "xlarge",
                        "url": "https://www.kroger.com/product/images/xlarge/left/0062834413884"
                    },
                    {
                        "size": "large",
                        "url": "https://www.kroger.com/product/images/large/left/0062834413884"
                    },
                    {
                        "size": "medium",
                        "url": "https://www.kroger.com/product/images/medium/left/0062834413884"
                    },
                    {
                        "size": "small",
                        "url": "https://www.kroger.com/product/images/small/left/0062834413884"
                    },
                    {
                        "size": "thumbnail",
                        "url": "https://www.kroger.com/product/images/thumbnail/left/0062834413884"
                    }
                ]
            }
        ],
        "items": [
            {
                "itemId": "0062834413884",
                "favorite": false,
                "fulfillment": {
                    "curbside": false,
                    "delivery": false,
                    "inStore": false,
                    "shipToHome": false
                },
                "size": "1"
            }
        ],
        "itemInformation": {},
        "temperature": {
            "indicator": "Ambient",
            "heatSensitive": false
        }
    }
]