[
    {
        "productId": "0078467297094",
        "upc": "0078467297094",
        "productPageURI": "/p/set-of-6-mini-baby-dolls-w-cradle-high-chair-walker-bathtub-swing-baby-seat-girls/0078467297094?cid=dis.api.tpi_products-api_20240521_b:all_c:np_t:lookupproduct-243261",
        "aisleLocations": [],
        "categories": [
            "Entertainment"
        ],
        "description": "Set Of 6 Mini Baby Dolls W/ Cradle High Chair Walker Bathtub Swing & Baby Seat Girls",
        "items": [
            {
                "itemId": "0078467297094",
                "favorite": false,
                "fulfillment": {
                    "curbside": false,
                    "delivery": false,
                    "inStore": false,
                    "shipToHome": false
                },
                "size": "1"
            }
        ],
        "itemInformation": {},
        "temperature": {
            "indicator": "Ambient",
            "heatSensitive": false
        }
    },
    {
        "productId": "0072933100193",
        "upc": "0072933100193",
        "productPageURI": "/p/lakeland-mills-cfu19-tete-a-tete-yard-swing/0072933100193?cid=dis.api.tpi_products-api_20240521_b:all_c:np_t:lookupproduct-243261",
        "aisleLocations": [],
        "categories": [
            "Garden & Patio"
        ],
        "description": "Lakeland Mills CFU19 Tete-A-Tete Yard Swing",
        "images": [
            {
                "perspective": "front",
                "featured": true,
                "sizes": [
                    {
                        "size": "xlarge",
                        "url": "https://www.kroger.com/product/images/xlarge/front/0072933100193"
                    },
                    {
                        "size": "large",
                        "url": "https://www.kroger.com/product/images/large/front/0072933100193"
                    },
                    {
                        "size": "medium",
                        "url": "https://www.kroger.com/product/images/medium/front/0072933100193"
                    },
                    {
                        "size": "small",
                        "url": "https://www.kroger.com/product/images/small/front/0072933100193"
                    },
                    {
                        "size": "thumbnail",
                        "url": "https://www.kroger.com/product/images/thumbnail/front/0072933100193"
                    }
                ]
            }
        ],
        "items": [
            {
                "itemId": "0072933100193",
                "favorite": false,
                "fulfillment": {
                    "curbside": false,
                    "delivery": false,
                    "inStore": false,
                    "shipToHome": false
                },
                "size": "1"
            }
        ],
        "itemInformation": {},
        "temperature": {
            "indicator": "Ambient",
            "heatSensitive": false
        }
    },
    {
        "productId": "0086230800030",
        "upc": "0086230800030",
        "productPageURI": "/p/xdp-recreation-swing-set-trampoline-patio-furniture-metal-ground-anchor-kit/0086230800030?cid=dis.api.tpi_products-api_20240521_b:all_c:np_t:lookupproduct-243261",
        "aisleLocations": [],
        "categories": [
            "Entertainment"
        ],
        "description": "XDP Recreation Swing Set Trampoline & Patio Furniture Metal Ground Anchor Kit",
        "images": [
            {
                "perspective": "front",
                "featured": true,
                "sizes": [
                    {
                        "size": "xlarge",
                        "url": "https://www.kroger.com/product/images/xlarge/front/0086230800030"
                    },
                    {
                        "size": "large",
                        "url": "https://www.kroger.com/product/images/large/front/0086230800030"
                    },
                    {
                        "size": "medium",
                        "url": "https://www.kroger.com/product/images/medium/front/0086230800030"
                    },
                    {
                        "size": "small",
                        "url": "https://www.kroger.com/product/images/small/front/0086230800030"
                    },
                    {
                        "size": "thumbnail",
                        "url": "https://www.kroger.com/product/images/thumbnail/front/0086230800030"
                    }
                ]
            }
        ],
        "items": [
            {
                "itemId": "0086230800030",
                "favorite": false,
                "fulfillment": {
                    "curbside": false,
                    "delivery": false,
                    "inStore": false,
                    "shipToHome": false
                },
                "size": "1"
            }
        ],
        "itemInformation": {},
        "temperature": {
            "indicator": "Ambient",
            "heatSensitive": false
        }
    },
    {
        "productId": "0085320300732",
        "upc": "0085320300732",
        "productPageURI": "/p/xdp-recreation-outdoor-kids-firefly-led-tree-swing-24-lights-motion-activated/0085320300732?cid=dis.api.tpi_products-api_20240521_b:all_c:np_t:lookupproduct-243261",
        "aisleLocations": [],
        "categories": [
            "Entertainment",
            "Sporting Goods"
        ],
        "description": "XDP Recreation Outdoor Kids Firefly LED Tree Swing, 24 Lights, Motion Activated",
        "images": [
            {
                "perspective": "front",
                "featured": true,
                "sizes": [
                    {
                        "size": "xlarge",
                        "url": "https://www.kroger.com/product/images/xlarge/front/0085320300732"
                    },
                    {
                        "size": "large",
                        "url": "https://www.kroger.com/product/images/large/front/0085320300732"
                    },
                    {
                        "size": "medium",
                        "url": "https://www.kroger.com/product/images/medium/front/0085320300732"
                    },
                    {
                        "size": "small",
                        "url": "https://www.kroger.com/product/images/small/front/0085320300732"
                    },
                    {
                        "size": "thumbnail",
                        "url": "https://www.kroger.com/product/images/thumbnail/front/0085320300732"
                    }
                ]
            }
        ],
        "items": [
            {
                "itemId": "0085320300732",
                "favorite": false,
                "fulfillment": {
                    "curbside": false,
                    "delivery": false,
                    "inStore": false,
                    "shipToHome": false
                },
                "size": "1"
            }
        ],
        "itemInformation": {},
        "temperature": {
            "indicator": "Ambient",
            "heatSensitive": false
        }
    },
    {
        "productId": "0005400624210",
        "upc": "0005400624210",
        "productPageURI": "/p/achim-importing-inobrnnk04-20-x-36-in-innovative-swing-arm-curtain-brent-rod-nickel/0005400624210?cid=dis.api.tpi_products-api_20240521_b:all_c:np_t:lookupproduct-243261",
        "aisleLocations": [],
        "categories": [
            "Home Decor"
        ],
        "description": "Achim Importing INOBRNNK04 20 x 36 in. Innovative Swing Arm Curtain Brent Rod, Nickel",
        "images": [
            {
                "perspective": "front",
                "featured": true,
                "sizes": [
                    {
                        "size": "xlarge",
                        "url": "https://www.kroger.com/product/images/xlarge/front/0005400624210"
                    },
                    {
                        "size": "large",
                        "url": "https://www.kroger.com/product/images/large/front/0005400624210"
                    },
                    {
                        "size": "medium",
                        "url": "https://www.kroger.com/product/images/medium/front/0005400624210"
                    },
                    {
                        "size": "small",
                        "url": "https://www.kroger.com/product/images/small/front/0005400624210"
                    },
                    {
                        "size": "thumbnail",
                        "url": "https://www.kroger.com/product/images/thumbnail/front/0005400624210"
                    }
                ]
            }
        ],
        "items": [
            {
                "itemId": "0005400624210",
                "favorite": false,
                "fulfillment": {
                    "curbside": false,
                    "delivery": false,
                    "inStore": false,
                    "shipToHome": false
                },
                "size": "1"
            }
        ],
        "itemInformation": {},
        "temperature": {
            "indicator": "Ambient",
            "heatSensitive": false
        }
    },
    {
        "productId": "0009635510137",
        "upc": "0009635510137",
        "productPageURI": "/p/swing-imp-rope-cotn-sngl-c/0009635510137?cid=dis.api.tpi_products-api_20240521_b:all_c:np_t:lookupproduct-243261",
        "aisleLocations": [],
        "brand": "Castaway Living",
        "categories": [
            "Garden & Patio"
        ],
        "description": "SWING IMP ROPE COTN SNGL C",
        "images": [
            {
                "perspective": "front",
                "featured": true,
                "sizes": [
                    {
                        "size": "xlarge",
                        "url": "https://www.kroger.com/product/images/xlarge/front/0009635510137"
                    },
                    {
                        "size": "large",
                        "url": "https://www.kroger.com/product/images/large/front/0009635510137"
                    },
                    {
                        "size": "medium",
                        "url": "https://www.kroger.com/product/images/medium/front/0009635510137"
                    },
                    {
                        "size": "small",
                        "url": "https://www.kroger.com/product/images/small/front/0009635510137"
                    },
                    {
                        "size": "thumbnail",
                        "url": "https://www.kroger.com/product/images/thumbnail/front/0009635510137"
                    }
                ]
            }
        ],
        "items": [
            {
                "itemId": "0009635510137",
                "favorite": false,
                "fulfillment": {
                    "curbside": false,
                    "delivery": false,
                    "inStore": false,
                    "shipToHome": false
                },
                "size": "1 unit"
            }
        ],
        "itemInformation": {},
        "temperature": {
            "indicator": "Ambient",
            "heatSensitive": false
        }
    },
    {
        "productId": "0084289314428",
        "upc": "0084289314428",
        "productPageURI": "/p/nutrichef-grill-swing-campfire/0084289314428?cid=dis.api.tpi_products-api_20240521_b:all_c:np_t:lookupproduct-243261",
        "aisleLocations": [],
        "brand": "NUTRICHEF",
        "categories": [
            "Garden & Patio"
        ],
        "description": "Nutrichef Grill Swing Campfire",
        "images": [
            {
                "perspective": "back",
                "sizes": [
                    {
                        "size": "xlarge",
                        "url": "https://www.kroger.com/product/images/xlarge/back/0084289314428"
                    },
                    {
                        "size": "large",
                        "url": "https://www.kroger.com/product/images/large/back/0084289314428"
                    },
                    {
                        "size": "medium",
                        "url": "https://www.kroger.com/product/images/medium/back/0084289314428"
                    },
                    {
                        "size": "small",
                        "url": "https://www.kroger.com/product/images/small/back/0084289314428"
                    },
                    {
                        "size": "thumbnail",
                        "url": "https://www.kroger.com/product/images/thumbnail/back/0084289314428"
                    }
                ]
            },
            {
                "perspective": "front",
                "featured": true,
                "sizes": [
                    {
                        "size": "xlarge",
                        "url": "https://www.kroger.com/product/images/xlarge/front/0084289314428"
                    },
                    {
                        "size": "large",
                        "url": "https://www.kroger.com/product/images/large/front/0084289314428"
                    },
                    {
                        "size": "medium",
                        "url": "https://www.kroger.com/product/images/medium/front/0084289314428"
                    },
                    {
                        "size": "small",
                        "url": "https://www.kroger.com/product/images/small/front/0084289314428"
                    },
                    {
                        "size": "thumbnail",
                        "url": "https://www.kroger.com/product/images/thumbnail/front/0084289314428"
                    }
                ]
            },
            {
                "perspective": "bottom",
                "sizes": [
                    {
                        "size": "xlarge",
                        "url": "https://www.kroger.com/product/images/xlarge/bottom/0084289314428"
                    },
                    {
                        "size": "large",
                        "url": "https://www.kroger.com/product/images/large/bottom/0084289314428"
                    },
                    {
                        "size": "medium",
                        "url": "https://www.kroger.com/product/images/medium/bottom/0084289314428"
                    },
                    {
                        "size": "small",
                        "url": "https://www.kroger.com/product/images/small/bottom/0084289314428"
                    },
                    {
                        "size": "thumbnail",
                        "url": "https://www.kroger.com/product/images/thumbnail/bottom/0084289314428"
                    }
                ]
            },
            {
                "perspective": "top",
                "sizes": [
                    {
                        "size": "xlarge",
                        "url": "https://www.kroger.com/product/images/xlarge/top/0084289314428"
                    },
                    {
                        "size": "large",
                        "url": "https://www.kroger.com/product/images/large/top/0084289314428"
                    },
                    {
                        "size": "medium",
                        "url": "https://www.kroger.com/product/images/medium/top/0084289314428"
                    },
                    {
                        "size": "small",
                        "url": "https://www.kroger.com/product/images/small/top/0084289314428"
                    },
                    {
                        "size": "thumbnail",
                        "url": "https://www.kroger.com/product/images/thumbnail/top/0084289314428"
                    }
                ]
            }
        ],
        "items": [
            {
                "itemId": "0084289314428",
                "favorite": false,
                "fulfillment": {
                    "curbside": false,
                    "delivery": false,
                    "inStore": false,
                    "shipToHome": false
                },
                "size": "1"
            }
        ],
        "itemInformation": {},
        "temperature": {
            "indicator": "Ambient",
            "heatSensitive": false
        }
    }
]