[
    {
        "productId": "0002124153000",
        "upc": "0002124153000",
        "productPageURI": "/p/aroma-housewares-1-2l-5-cup-stainless-steel-electric-water-and-tea-kettle-black/0002124153000?cid=dis.api.tpi_products-api_20240521_b:all_c:np_t:lookupproduct-243261",
        "aisleLocations": [],
        "categories": [
            "Kitchen",
            "Kitchen",
            "Kitchen"
        ],
        "description": "Aroma Housewares 1.2L 5 Cup Stainless Steel Electric Water and Tea Kettle, Black",
        "images": [
            {
                "perspective": "front",
                "featured": true,
                "sizes": [
                    {
                        "size": "xlarge",
                        "url": "https://www.kroger.com/product/images/xlarge/front/0002124153000"
                    },
                    {
                        "size": "large",
                        "url": "https://www.kroger.com/product/images/large/front/0002124153000"
                    },
                    {
                        "size": "medium",
                        "url": "https://www.kroger.com/product/images/medium/front/0002124153000"
                    },
                    {
                        "size": "small",
                        "url": "https://www.kroger.com/product/images/small/front/0002124153000"
                    },
                    {
                        "size": "thumbnail",
                        "url": "https://www.kroger.com/product/images/thumbnail/front/0002124153000"
                    }
                ]
            }
        ],
        "items": [
            {
                "itemId": "0002124153000",
                "favorite": false,
                "fulfillment": {
                    "curbside": false,
                    "delivery": false,
                    "inStore": false,
                    "shipToHome": false
                },
                "size": "1"
            }
        ],
        "itemInformation": {},
        "temperature": {
            "indicator": "Ambient",
            "heatSensitive": false
        }
    },
    {
        "productId": "0001474664004",
        "upc": "0001474664004",
        "productPageURI": "/p/pool-essentials-pool-and-spa-thermometer/0001474664004?cid=dis.api.tpi_products-api_20240521_b:all_c:np_t:lookupproduct-243261",
        "aisleLocations": [],
        "brand": "Pool Essentials",
        "categories": [
            "Sporting Goods"
        ],
        "description": "Pool Essentials Pool and Spa Thermometer",
        "images": [
            {
                "perspective": "front",
                "featured": true,
                "sizes": [
                    {
                        "size": "large",
                        "url": "https://www.kroger.com/product/images/large/front/0001474664004"
                    },
                    {
                        "size": "xlarge",
                        "url": "https://www.kroger.com/product/images/xlarge/front/0001474664004"
                    },
                    {
                        "size": "medium",
                        "url": "https://www.kroger.com/product/images/medium/front/0001474664004"
                    },
                    {
                        "size": "thumbnail",
                        "url": "https://www.kroger.com/product/images/thumbnail/front/0001474664004"
                    },
                    {
                        "size": "small",
                        "url": "https://www.kroger.com/product/images/small/front/0001474664004"
                    }
                ]
            }
        ],
        "items": [
            {
                "itemId": "0001474664004",
                "favorite": false,
                "fulfillment": {
                    "curbside": false,
                    "delivery": false,
                    "inStore": false,
                    "shipToHome": false
                },
                "size": "1 count"
            }
        ],
        "itemInformation": {},
        "temperature": {
            "indicator": "Ambient",
            "heatSensitive": false
        }
    },
    {
        "productId": "0007675352387",
        "upc": "0007675352387",
        "productPageURI": "/p/profreshionals-by-goodcook-stainless-steel-meat-thermometer-silver/0007675352387?cid=dis.api.tpi_products-api_20240521_b:all_c:np_t:lookupproduct-243261",
        "aisleLocations": [],
        "brand": "Profreshionals by GoodCook\u00ae",
        "categories": [
            "Kitchen"
        ],
        "countryOrigin": "CHINA",
        "description": "Profreshionals by GoodCook\u00ae Stainless Steel Meat Thermometer - Silver",
        "images": [
            {
                "perspective": "front",
                "featured": true,
                "sizes": [
                    {
                        "size": "xlarge",
                        "url": "https://www.kroger.com/product/images/xlarge/front/0007675352387"
                    },
                    {
                        "size": "large",
                        "url": "https://www.kroger.com/product/images/large/front/0007675352387"
                    },
                    {
                        "size": "medium",
                        "url": "https://www.kroger.com/product/images/medium/front/0007675352387"
                    },
                    {
                        "size": "small",
                        "url": "https://www.kroger.com/product/images/small/front/0007675352387"
                    },
                    {
                        "size": "thumbnail",
                        "url": "https://www.kroger.com/product/images/thumbnail/front/0007675352387"
                    }
                ]
            }
        ],
        "items": [
            {
                "itemId": "0007675352387",
                "favorite": false,
                "fulfillment": {
                    "curbside": false,
                    "delivery": false,
                    "inStore": false,
                    "shipToHome": false
                },
                "price": {
                    "regular": 4.49,
                    "promo": 0
                },
                "size": "2 inch",
                "soldBy": "UNIT"
            }
        ],
        "itemInformation": {},
        "temperature": {
            "indicator": "Ambient",
            "heatSensitive": false
        }
    },
    {
        "productId": "0003588653387",
        "upc": "0003588653387",
        "productPageURI": "/p/zwilling-sorrento-double-wall-french-press-and-latte-glass/0003588653387?cid=dis.api.tpi_products-api_20240521_b:all_c:np_t:lookupproduct-243261",
        "aisleLocations": [],
        "categories": [
            "Kitchen",
            "Kitchen",
            "Kitchen"
        ],
        "description": "ZWILLING Sorrento Double Wall French Press and Latte Glass",
        "images": [
            {
                "perspective": "front",
                "featured": true,
                "sizes": [
                    {
                        "size": "xlarge",
                        "url": "https://www.kroger.com/product/images/xlarge/front/0003588653387"
                    },
                    {
                        "size": "large",
                        "url": "https://www.kroger.com/product/images/large/front/0003588653387"
                    },
                    {
                        "size": "medium",
                        "url": "https://www.kroger.com/product/images/medium/front/0003588653387"
                    },
                    {
                        "size": "small",
                        "url": "https://www.kroger.com/product/images/small/front/0003588653387"
                    },
                    {
                        "size": "thumbnail",
                        "url": "https://www.kroger.com/product/images/thumbnail/front/0003588653387"
                    }
                ]
            }
        ],
        "items": [
            {
                "itemId": "0003588653387",
                "favorite": false,
                "fulfillment": {
                    "curbside": false,
                    "delivery": false,
                    "inStore": false,
                    "shipToHome": false
                },
                "size": "1"
            }
        ],
        "itemInformation": {},
        "temperature": {
            "indicator": "Ambient",
            "heatSensitive": false
        }
    },
    {
        "productId": "0004126038091",
        "upc": "0004126038091",
        "productPageURI": "/p/kroger-comfort-flex-tip-digital-thermometer/0004126038091?cid=dis.api.tpi_products-api_20240521_b:all_c:np_t:lookupproduct-243261",
        "aisleLocations": [
            {
                "bayNumber": "5",
                "description": "AISLE 24",
                "number": "24",
                "numberOfFacings": "1",
                "side": "L",
                "shelfNumber": "6",
                "shelfPositionInBay": "3"
            },
            {
                "bayNumber": "1",
                "description": "AISLE 25",
                "number": "25",
                "numberOfFacings": "1",
                "side": "R",
                "shelfNumber": "6",
                "shelfPositionInBay": "1"
            }
        ],
        "brand": "Kroger",
        "categories": [
            "Health",
            "Health"
        ],
        "description": "Kroger\u00ae Comfort Flex Tip Digital Thermometer",
        "images": [
            {
                "perspective": "left",
                "sizes": [
                    {
                        "size": "xlarge",
                        "url": "https://www.kroger.com/product/images/xlarge/left/0004126038091"
                    },
                    {
                        "size": "large",
                        "url": "https://www.kroger.com/product/images/large/left/0004126038091"
                    },
                    {
                        "size": "medium",
                        "url": "https://www.kroger.com/product/images/medium/left/0004126038091"
                    },
                    {
                        "size": "small",
                        "url": "https://www.kroger.com/product/images/small/left/0004126038091"
                    },
                    {
                        "size": "thumbnail",
                        "url": "https://www.kroger.com/product/images/thumbnail/left/0004126038091"
                    }
                ]
            },
            {
                "perspective": "front",
                "featured": true,
                "sizes": [
                    {
                        "size": "xlarge",
                        "url": "https://www.kroger.com/product/images/xlarge/front/0004126038091"
                    },
                    {
                        "size": "large",
                        "url": "https://www.kroger.com/product/images/large/front/0004126038091"
                    },
                    {
                        "size": "medium",
                        "url": "https://www.kroger.com/product/images/medium/front/0004126038091"
                    },
                    {
                        "size": "small",
                        "url": "https://www.kroger.com/product/images/small/front/0004126038091"
                    },
                    {
                        "size": "thumbnail",
                        "url": "https://www.kroger.com/product/images/thumbnail/front/0004126038091"
                    }
                ]
            },
            {
                "perspective": "right",
                "sizes": [
                    {
                        "size": "xlarge",
                        "url": "https://www.kroger.com/product/images/xlarge/right/0004126038091"
                    },
                    {
                        "size": "large",
                        "url": "https://www.kroger.com/product/images/large/right/0004126038091"
                    },
                    {
                        "size": "medium",
                        "url": "https://www.kroger.com/product/images/medium/right/0004126038091"
                    },
                    {
                        "size": "small",
                        "url": "https://www.kroger.com/product/images/small/right/0004126038091"
                    },
                    {
                        "size": "thumbnail",
                        "url": "https://www.kroger.com/product/images/thumbnail/right/0004126038091"
                    }
                ]
            }
        ],
        "items": [
            {
                "itemId": "0004126038091",
                "inventory": {
                    "stockLevel": "HIGH"
                },
                "favorite": false,
                "fulfillment": {
                    "curbside": true,
                    "delivery": true,
                    "inStore": true,
                    "shipToHome": false
                },
                "price": {
                    "regular": 7.99,
                    "promo": 0
                },
                "size": "1 ct",
                "soldBy": "UNIT"
            }
        ],
        "itemInformation": {},
        "temperature": {
            "indicator": "Ambient",
            "heatSensitive": false
        }
    },
    {
        "productId": "0007778405849",
        "upc": "0007778405849",
        "productPageURI": "/p/taylor-digital-plastic-timer-with-whiteboard-total-qty-1/0007778405849?cid=dis.api.tpi_products-api_20240521_b:all_c:np_t:lookupproduct-243261",
        "aisleLocations": [],
        "categories": [
            "Kitchen"
        ],
        "description": "Taylor Digital Plastic Timer with Whiteboard - Total Qty: 1",
        "images": [
            {
                "perspective": "front",
                "featured": true,
                "sizes": [
                    {
                        "size": "xlarge",
                        "url": "https://www.kroger.com/product/images/xlarge/front/0007778405849"
                    },
                    {
                        "size": "large",
                        "url": "https://www.kroger.com/product/images/large/front/0007778405849"
                    },
                    {
                        "size": "medium",
                        "url": "https://www.kroger.com/product/images/medium/front/0007778405849"
                    },
                    {
                        "size": "small",
                        "url": "https://www.kroger.com/product/images/small/front/0007778405849"
                    },
                    {
                        "size": "thumbnail",
                        "url": "https://www.kroger.com/product/images/thumbnail/front/0007778405849"
                    }
                ]
            }
        ],
        "items": [
            {
                "itemId": "0007778405849",
                "favorite": false,
                "fulfillment": {
                    "curbside": false,
                    "delivery": false,
                    "inStore": false,
                    "shipToHome": false
                },
                "size": "1"
            }
        ],
        "itemInformation": {},
        "temperature": {
            "indicator": "Ambient",
            "heatSensitive": false
        }
    },
    {
        "productId": "0002124191800",
        "upc": "0002124191800",
        "productPageURI": "/p/aroma-housewares-awk-1800sd-1-7l-7-cup-digital-stainless-steel-electric-kettle/0002124191800?cid=dis.api.tpi_products-api_20240521_b:all_c:np_t:lookupproduct-243261",
        "aisleLocations": [],
        "categories": [
            "Kitchen",
            "Kitchen",
            "Kitchen"
        ],
        "description": "Aroma Housewares AWK-1800SD 1.7L 7 Cup Digital Stainless Steel Electric Kettle",
        "images": [
            {
                "perspective": "front",
                "featured": true,
                "sizes": [
                    {
                        "size": "xlarge",
                        "url": "https://www.kroger.com/product/images/xlarge/front/0002124191800"
                    },
                    {
                        "size": "large",
                        "url": "https://www.kroger.com/product/images/large/front/0002124191800"
                    },
                    {
                        "size": "medium",
                        "url": "https://www.kroger.com/product/images/medium/front/0002124191800"
                    },
                    {
                        "size": "small",
                        "url": "https://www.kroger.com/product/images/small/front/0002124191800"
                    },
                    {
                        "size": "thumbnail",
                        "url": "https://www.kroger.com/product/images/thumbnail/front/0002124191800"
                    }
                ]
            }
        ],
        "items": [
            {
                "itemId": "0002124191800",
                "favorite": false,
                "fulfillment": {
                    "curbside": false,
                    "delivery": false,
                    "inStore": false,
                    "shipToHome": false
                },
                "size": "1"
            }
        ],
        "itemInformation": {},
        "temperature": {
            "indicator": "Ambient",
            "heatSensitive": false
        }
    },
    {
        "productId": "0007675320680",
        "upc": "0007675320680",
        "productPageURI": "/p/goodcook-pro-meat-thermometer/0007675320680?cid=dis.api.tpi_products-api_20240521_b:all_c:np_t:lookupproduct-243261",
        "aisleLocations": [],
        "brand": "GoodCook\u00ae",
        "categories": [
            "Kitchen"
        ],
        "description": "GoodCook\u00ae Pro Meat Thermometer",
        "images": [
            {
                "perspective": "top",
                "sizes": [
                    {
                        "size": "xlarge",
                        "url": "https://www.kroger.com/product/images/xlarge/top/0007675320680"
                    },
                    {
                        "size": "large",
                        "url": "https://www.kroger.com/product/images/large/top/0007675320680"
                    },
                    {
                        "size": "medium",
                        "url": "https://www.kroger.com/product/images/medium/top/0007675320680"
                    },
                    {
                        "size": "small",
                        "url": "https://www.kroger.com/product/images/small/top/0007675320680"
                    },
                    {
                        "size": "thumbnail",
                        "url": "https://www.kroger.com/product/images/thumbnail/top/0007675320680"
                    }
                ]
            },
            {
                "perspective": "front",
                "featured": true,
                "sizes": [
                    {
                        "size": "xlarge",
                        "url": "https://www.kroger.com/product/images/xlarge/front/0007675320680"
                    },
                    {
                        "size": "large",
                        "url": "https://www.kroger.com/product/images/large/front/0007675320680"
                    },
                    {
                        "size": "medium",
                        "url": "https://www.kroger.com/product/images/medium/front/0007675320680"
                    },
                    {
                        "size": "small",
                        "url": "https://www.kroger.com/product/images/small/front/0007675320680"
                    },
                    {
                        "size": "thumbnail",
                        "url": "https://www.kroger.com/product/images/thumbnail/front/0007675320680"
                    }
                ]
            }
        ],
        "items": [
            {
                "itemId": "0007675320680",
                "favorite": false,
                "fulfillment": {
                    "curbside": false,
                    "delivery": false,
                    "inStore": false,
                    "shipToHome": false
                },
                "size": "1 count"
            }
        ],
        "itemInformation": {},
        "temperature": {
            "indicator": "Ambient",
            "heatSensitive": false
        }
    },
    {
        "productId": "0004126038102",
        "upc": "0004126038102",
        "productPageURI": "/p/comforts-flexible-tip-digital-thermometer/0004126038102?cid=dis.api.tpi_products-api_20240521_b:all_c:np_t:lookupproduct-243261",
        "aisleLocations": [
            {
                "bayNumber": "11",
                "description": "AISLE 12",
                "number": "12",
                "numberOfFacings": "1",
                "side": "L",
                "shelfNumber": "4",
                "shelfPositionInBay": "6"
            }
        ],
        "brand": "Comforts",
        "categories": [
            "Health"
        ],
        "description": "Comforts? Flexible Tip Digital Thermometer",
        "images": [
            {
                "perspective": "left",
                "sizes": [
                    {
                        "size": "large",
                        "url": "https://www.kroger.com/product/images/large/left/0004126038102"
                    },
                    {
                        "size": "medium",
                        "url": "https://www.kroger.com/product/images/medium/left/0004126038102"
                    },
                    {
                        "size": "small",
                        "url": "https://www.kroger.com/product/images/small/left/0004126038102"
                    },
                    {
                        "size": "thumbnail",
                        "url": "https://www.kroger.com/product/images/thumbnail/left/0004126038102"
                    }
                ]
            },
            {
                "perspective": "front",
                "featured": true,
                "sizes": [
                    {
                        "size": "xlarge",
                        "url": "https://www.kroger.com/product/images/xlarge/front/0004126038102"
                    },
                    {
                        "size": "large",
                        "url": "https://www.kroger.com/product/images/large/front/0004126038102"
                    },
                    {
                        "size": "medium",
                        "url": "https://www.kroger.com/product/images/medium/front/0004126038102"
                    },
                    {
                        "size": "small",
                        "url": "https://www.kroger.com/product/images/small/front/0004126038102"
                    },
                    {
                        "size": "thumbnail",
                        "url": "https://www.kroger.com/product/images/thumbnail/front/0004126038102"
                    }
                ]
            },
            {
                "perspective": "right",
                "sizes": [
                    {
                        "size": "large",
                        "url": "https://www.kroger.com/product/images/large/right/0004126038102"
                    },
                    {
                        "size": "medium",
                        "url": "https://www.kroger.com/product/images/medium/right/0004126038102"
                    },
                    {
                        "size": "small",
                        "url": "https://www.kroger.com/product/images/small/right/0004126038102"
                    },
                    {
                        "size": "thumbnail",
                        "url": "https://www.kroger.com/product/images/thumbnail/right/0004126038102"
                    }
                ]
            }
        ],
        "items": [
            {
                "itemId": "0004126038102",
                "inventory": {
                    "stockLevel": "HIGH"
                },
                "favorite": false,
                "fulfillment": {
                    "curbside": true,
                    "delivery": true,
                    "inStore": true,
                    "shipToHome": false
                },
                "price": {
                    "regular": 7.99,
                    "promo": 0
                },
                "size": "1",
                "soldBy": "UNIT"
            }
        ],
        "itemInformation": {},
        "temperature": {
            "indicator": "Ambient",
            "heatSensitive": false
        }
    },
    {
        "productId": "0007675320454",
        "upc": "0007675320454",
        "productPageURI": "/p/goodcook-touch-instant-read-meat-thermometer-with-case-black-white/0007675320454?cid=dis.api.tpi_products-api_20240521_b:all_c:np_t:lookupproduct-243261",
        "aisleLocations": [
            {
                "bayNumber": "18",
                "description": "AISLE 15",
                "number": "15",
                "numberOfFacings": "1",
                "side": "R",
                "shelfNumber": "4",
                "shelfPositionInBay": "35"
            }
        ],
        "brand": "GoodCook\u00ae",
        "categories": [
            "Kitchen"
        ],
        "description": "GoodCook\u00ae Touch Instant Read Meat Thermometer with Case - Black/White",
        "images": [
            {
                "perspective": "front",
                "featured": true,
                "sizes": [
                    {
                        "size": "xlarge",
                        "url": "https://www.kroger.com/product/images/xlarge/front/0007675320454"
                    },
                    {
                        "size": "large",
                        "url": "https://www.kroger.com/product/images/large/front/0007675320454"
                    },
                    {
                        "size": "medium",
                        "url": "https://www.kroger.com/product/images/medium/front/0007675320454"
                    },
                    {
                        "size": "small",
                        "url": "https://www.kroger.com/product/images/small/front/0007675320454"
                    },
                    {
                        "size": "thumbnail",
                        "url": "https://www.kroger.com/product/images/thumbnail/front/0007675320454"
                    }
                ]
            }
        ],
        "items": [
            {
                "itemId": "0007675320454",
                "favorite": false,
                "fulfillment": {
                    "curbside": true,
                    "delivery": true,
                    "inStore": true,
                    "shipToHome": false
                },
                "price": {
                    "regular": 11.99,
                    "promo": 0
                },
                "size": "1 ct",
                "soldBy": "UNIT"
            }
        ],
        "itemInformation": {
            "depth": "9.0",
            "height": "1.5",
            "width": "3.75"
        },
        "temperature": {
            "indicator": "Ambient",
            "heatSensitive": false
        }
    },
    {
        "productId": "0004023224804",
        "upc": "0004023224804",
        "productPageURI": "/p/time-timer-ttmttp7mtw-plus-make-time-edition-120-minute-visual-timer/0004023224804?cid=dis.api.tpi_products-api_20240521_b:all_c:np_t:lookupproduct-243261",
        "aisleLocations": [],
        "categories": [
            "Kitchen"
        ],
        "description": "Time Timer TTMTTP7MTW Plus Make Time Edition 120-Minute Visual Timer",
        "images": [
            {
                "perspective": "front",
                "featured": true,
                "sizes": [
                    {
                        "size": "xlarge",
                        "url": "https://www.kroger.com/product/images/xlarge/front/0004023224804"
                    },
                    {
                        "size": "large",
                        "url": "https://www.kroger.com/product/images/large/front/0004023224804"
                    },
                    {
                        "size": "medium",
                        "url": "https://www.kroger.com/product/images/medium/front/0004023224804"
                    },
                    {
                        "size": "small",
                        "url": "https://www.kroger.com/product/images/small/front/0004023224804"
                    },
                    {
                        "size": "thumbnail",
                        "url": "https://www.kroger.com/product/images/thumbnail/front/0004023224804"
                    }
                ]
            }
        ],
        "items": [
            {
                "itemId": "0004023224804",
                "favorite": false,
                "fulfillment": {
                    "curbside": false,
                    "delivery": false,
                    "inStore": false,
                    "shipToHome": false
                },
                "size": "1"
            }
        ],
        "itemInformation": {},
        "temperature": {
            "indicator": "Ambient",
            "heatSensitive": false
        }
    },
    {
        "productId": "0004122668480",
        "upc": "0004122668480",
        "productPageURI": "/p/everyday-living-digital-timer-white/0004122668480?cid=dis.api.tpi_products-api_20240521_b:all_c:np_t:lookupproduct-243261",
        "aisleLocations": [],
        "brand": "Everyday Living",
        "categories": [
            "Kitchen"
        ],
        "countryOrigin": "CHINA",
        "description": "Everyday Living\u00ae Digital Timer - White",
        "images": [
            {
                "perspective": "front",
                "featured": true,
                "sizes": [
                    {
                        "size": "xlarge",
                        "url": "https://www.kroger.com/product/images/xlarge/front/0004122668480"
                    },
                    {
                        "size": "large",
                        "url": "https://www.kroger.com/product/images/large/front/0004122668480"
                    },
                    {
                        "size": "medium",
                        "url": "https://www.kroger.com/product/images/medium/front/0004122668480"
                    },
                    {
                        "size": "small",
                        "url": "https://www.kroger.com/product/images/small/front/0004122668480"
                    },
                    {
                        "size": "thumbnail",
                        "url": "https://www.kroger.com/product/images/thumbnail/front/0004122668480"
                    }
                ]
            }
        ],
        "items": [
            {
                "itemId": "0004122668480",
                "favorite": false,
                "fulfillment": {
                    "curbside": true,
                    "delivery": true,
                    "inStore": true,
                    "shipToHome": false
                },
                "price": {
                    "regular": 9.99,
                    "promo": 0
                },
                "size": "1 ct",
                "soldBy": "UNIT"
            }
        ],
        "itemInformation": {},
        "temperature": {
            "indicator": "Ambient",
            "heatSensitive": false
        }
    },
    {
        "productId": "0007675320679",
        "upc": "0007675320679",
        "productPageURI": "/p/goodcook-pro-instant-read-meat-thermometer/0007675320679?cid=dis.api.tpi_products-api_20240521_b:all_c:np_t:lookupproduct-243261",
        "aisleLocations": [],
        "brand": "GoodCook\u00ae",
        "categories": [
            "Kitchen"
        ],
        "countryOrigin": "CHINA",
        "description": "GoodCook\u00ae Pro Instant Read Meat Thermometer",
        "images": [
            {
                "perspective": "front",
                "featured": true,
                "sizes": [
                    {
                        "size": "xlarge",
                        "url": "https://www.kroger.com/product/images/xlarge/front/0007675320679"
                    },
                    {
                        "size": "large",
                        "url": "https://www.kroger.com/product/images/large/front/0007675320679"
                    },
                    {
                        "size": "medium",
                        "url": "https://www.kroger.com/product/images/medium/front/0007675320679"
                    },
                    {
                        "size": "small",
                        "url": "https://www.kroger.com/product/images/small/front/0007675320679"
                    },
                    {
                        "size": "thumbnail",
                        "url": "https://www.kroger.com/product/images/thumbnail/front/0007675320679"
                    }
                ]
            }
        ],
        "items": [
            {
                "itemId": "0007675320679",
                "favorite": false,
                "fulfillment": {
                    "curbside": true,
                    "delivery": true,
                    "inStore": true,
                    "shipToHome": false
                },
                "size": "1 count"
            }
        ],
        "itemInformation": {},
        "temperature": {
            "indicator": "Ambient",
            "heatSensitive": false
        }
    },
    {
        "productId": "0087938800101",
        "upc": "0087938800101",
        "productPageURI": "/p/rumble-tuff-infrared-thermometer-no-touch-/0087938800101?cid=dis.api.tpi_products-api_20240521_b:all_c:np_t:lookupproduct-243261",
        "aisleLocations": [],
        "categories": [
            "Health",
            "Health",
            "Health"
        ],
        "description": "Rumble Tuff Infrared Thermometer (No-Touch)",
        "images": [
            {
                "perspective": "top",
                "sizes": [
                    {
                        "size": "xlarge",
                        "url": "https://www.kroger.com/product/images/xlarge/top/0087938800101"
                    },
                    {
                        "size": "large",
                        "url": "https://www.kroger.com/product/images/large/top/0087938800101"
                    },
                    {
                        "size": "medium",
                        "url": "https://www.kroger.com/product/images/medium/top/0087938800101"
                    },
                    {
                        "size": "small",
                        "url": "https://www.kroger.com/product/images/small/top/0087938800101"
                    },
                    {
                        "size": "thumbnail",
                        "url": "https://www.kroger.com/product/images/thumbnail/top/0087938800101"
                    }
                ]
            },
            {
                "perspective": "back",
                "sizes": [
                    {
                        "size": "xlarge",
                        "url": "https://www.kroger.com/product/images/xlarge/back/0087938800101"
                    },
                    {
                        "size": "large",
                        "url": "https://www.kroger.com/product/images/large/back/0087938800101"
                    },
                    {
                        "size": "medium",
                        "url": "https://www.kroger.com/product/images/medium/back/0087938800101"
                    },
                    {
                        "size": "small",
                        "url": "https://www.kroger.com/product/images/small/back/0087938800101"
                    },
                    {
                        "size": "thumbnail",
                        "url": "https://www.kroger.com/product/images/thumbnail/back/0087938800101"
                    }
                ]
            },
            {
                "perspective": "front",
                "featured": true,
                "sizes": [
                    {
                        "size": "xlarge",
                        "url": "https://www.kroger.com/product/images/xlarge/front/0087938800101"
                    },
                    {
                        "size": "large",
                        "url": "https://www.kroger.com/product/images/large/front/0087938800101"
                    },
                    {
                        "size": "medium",
                        "url": "https://www.kroger.com/product/images/medium/front/0087938800101"
                    },
                    {
                        "size": "small",
                        "url": "https://www.kroger.com/product/images/small/front/0087938800101"
                    },
                    {
                        "size": "thumbnail",
                        "url": "https://www.kroger.com/product/images/thumbnail/front/0087938800101"
                    }
                ]
            }
        ],
        "items": [
            {
                "itemId": "0087938800101",
                "favorite": false,
                "fulfillment": {
                    "curbside": false,
                    "delivery": false,
                    "inStore": false,
                    "shipToHome": false
                },
                "size": "1 count"
            }
        ],
        "itemInformation": {},
        "temperature": {
            "indicator": "Ambient",
            "heatSensitive": false
        }
    },
    {
        "productId": "0004122668476",
        "upc": "0004122668476",
        "productPageURI": "/p/everyday-living-candy-fry-thermometer-clear/0004122668476?cid=dis.api.tpi_products-api_20240521_b:all_c:np_t:lookupproduct-243261",
        "aisleLocations": [
            {
                "bayNumber": "16",
                "description": "AISLE 15",
                "number": "15",
                "numberOfFacings": "1",
                "side": "R",
                "shelfNumber": "4",
                "shelfPositionInBay": "1"
            }
        ],
        "brand": "Everyday Living",
        "categories": [
            "Kitchen"
        ],
        "description": "Everyday Living\u00ae Candy/Fry Thermometer - Clear",
        "images": [
            {
                "perspective": "front",
                "featured": true,
                "sizes": [
                    {
                        "size": "medium",
                        "url": "https://www.kroger.com/product/images/medium/front/0004122668476"
                    },
                    {
                        "size": "small",
                        "url": "https://www.kroger.com/product/images/small/front/0004122668476"
                    },
                    {
                        "size": "thumbnail",
                        "url": "https://www.kroger.com/product/images/thumbnail/front/0004122668476"
                    }
                ]
            }
        ],
        "items": [
            {
                "itemId": "0004122668476",
                "favorite": false,
                "fulfillment": {
                    "curbside": false,
                    "delivery": false,
                    "inStore": false,
                    "shipToHome": false
                },
                "price": {
                    "regular": 6.99,
                    "promo": 0
                },
                "size": "1 ct",
                "soldBy": "UNIT"
            }
        ],
        "itemInformation": {},
        "temperature": {
            "indicator": "Ambient",
            "heatSensitive": false
        }
    },
    {
        "productId": "0004122668479",
        "upc": "0004122668479",
        "productPageURI": "/p/everyday-living-refrigerator-thermometer-silver/0004122668479?cid=dis.api.tpi_products-api_20240521_b:all_c:np_t:lookupproduct-243261",
        "aisleLocations": [
            {
                "bayNumber": "16",
                "description": "AISLE 15",
                "number": "15",
                "numberOfFacings": "1",
                "side": "R",
                "shelfNumber": "4",
                "shelfPositionInBay": "30"
            }
        ],
        "brand": "Everyday Living",
        "categories": [
            "Kitchen"
        ],
        "countryOrigin": "CHINA",
        "description": "Everyday Living\u00ae Refrigerator Thermometer - Silver",
        "images": [
            {
                "perspective": "front",
                "featured": true,
                "sizes": [
                    {
                        "size": "xlarge",
                        "url": "https://www.kroger.com/product/images/xlarge/front/0004122668479"
                    },
                    {
                        "size": "large",
                        "url": "https://www.kroger.com/product/images/large/front/0004122668479"
                    },
                    {
                        "size": "medium",
                        "url": "https://www.kroger.com/product/images/medium/front/0004122668479"
                    },
                    {
                        "size": "small",
                        "url": "https://www.kroger.com/product/images/small/front/0004122668479"
                    },
                    {
                        "size": "thumbnail",
                        "url": "https://www.kroger.com/product/images/thumbnail/front/0004122668479"
                    }
                ]
            }
        ],
        "items": [
            {
                "itemId": "0004122668479",
                "favorite": false,
                "fulfillment": {
                    "curbside": true,
                    "delivery": true,
                    "inStore": true,
                    "shipToHome": false
                },
                "size": "1 ct"
            }
        ],
        "itemInformation": {
            "depth": "1.25",
            "height": "5.75",
            "width": "4.75"
        },
        "temperature": {
            "indicator": "Ambient",
            "heatSensitive": false
        }
    },
    {
        "productId": "0004122668478",
        "upc": "0004122668478",
        "productPageURI": "/p/everyday-living-stainless-steel-oven-thermometer/0004122668478?cid=dis.api.tpi_products-api_20240521_b:all_c:np_t:lookupproduct-243261",
        "aisleLocations": [
            {
                "bayNumber": "16",
                "description": "AISLE 15",
                "number": "15",
                "numberOfFacings": "1",
                "side": "R",
                "shelfNumber": "4",
                "shelfPositionInBay": "29"
            }
        ],
        "brand": "Everyday Living",
        "categories": [
            "Kitchen"
        ],
        "countryOrigin": "CHINA",
        "description": "Everyday Living\u00ae Stainless Steel Oven Thermometer",
        "images": [
            {
                "perspective": "front",
                "featured": true,
                "sizes": [
                    {
                        "size": "xlarge",
                        "url": "https://www.kroger.com/product/images/xlarge/front/0004122668478"
                    },
                    {
                        "size": "large",
                        "url": "https://www.kroger.com/product/images/large/front/0004122668478"
                    },
                    {
                        "size": "medium",
                        "url": "https://www.kroger.com/product/images/medium/front/0004122668478"
                    },
                    {
                        "size": "small",
                        "url": "https://www.kroger.com/product/images/small/front/0004122668478"
                    },
                    {
                        "size": "thumbnail",
                        "url": "https://www.kroger.com/product/images/thumbnail/front/0004122668478"
                    }
                ]
            }
        ],
        "items": [
            {
                "itemId": "0004122668478",
                "favorite": false,
                "fulfillment": {
                    "curbside": true,
                    "delivery": true,
                    "inStore": true,
                    "shipToHome": false
                },
                "price": {
                    "regular": 6.99,
                    "promo": 0
                },
                "size": "1 ct",
                "soldBy": "UNIT"
            }
        ],
        "itemInformation": {
            "depth": "1.13",
            "height": "5.88",
            "width": "4.88"
        },
        "temperature": {
            "indicator": "Ambient",
            "heatSensitive": false
        }
    },
    {
        "productId": "0007778402432",
        "upc": "0007778402432",
        "productPageURI": "/p/taylor-digital-plastic-timer-total-qty-1/0007778402432?cid=dis.api.tpi_products-api_20240521_b:all_c:np_t:lookupproduct-243261",
        "aisleLocations": [],
        "categories": [
            "Kitchen"
        ],
        "description": "Taylor Digital Plastic Timer - Total Qty: 1",
        "images": [
            {
                "perspective": "front",
                "featured": true,
                "sizes": [
                    {
                        "size": "xlarge",
                        "url": "https://www.kroger.com/product/images/xlarge/front/0007778402432"
                    },
                    {
                        "size": "large",
                        "url": "https://www.kroger.com/product/images/large/front/0007778402432"
                    },
                    {
                        "size": "medium",
                        "url": "https://www.kroger.com/product/images/medium/front/0007778402432"
                    },
                    {
                        "size": "small",
                        "url": "https://www.kroger.com/product/images/small/front/0007778402432"
                    },
                    {
                        "size": "thumbnail",
                        "url": "https://www.kroger.com/product/images/thumbnail/front/0007778402432"
                    }
                ]
            }
        ],
        "items": [
            {
                "itemId": "0007778402432",
                "favorite": false,
                "fulfillment": {
                    "curbside": false,
                    "delivery": false,
                    "inStore": false,
                    "shipToHome": false
                },
                "size": "1"
            }
        ],
        "itemInformation": {},
        "temperature": {
            "indicator": "Ambient",
            "heatSensitive": false
        }
    },
    {
        "productId": "0007675333654",
        "upc": "0007675333654",
        "productPageURI": "/p/good-cook-precision-digital-food-scale-white/0007675333654?cid=dis.api.tpi_products-api_20240521_b:all_c:np_t:lookupproduct-243261",
        "aisleLocations": [
            {
                "bayNumber": "18",
                "description": "AISLE 15",
                "number": "15",
                "numberOfFacings": "1",
                "side": "R",
                "shelfNumber": "2",
                "shelfPositionInBay": "4"
            }
        ],
        "brand": "GoodCook\u00ae",
        "categories": [
            "Kitchen"
        ],
        "description": "Good Cook Precision Digital Food Scale - White",
        "images": [
            {
                "perspective": "front",
                "featured": true,
                "sizes": [
                    {
                        "size": "xlarge",
                        "url": "https://www.kroger.com/product/images/xlarge/front/0007675333654"
                    },
                    {
                        "size": "large",
                        "url": "https://www.kroger.com/product/images/large/front/0007675333654"
                    },
                    {
                        "size": "medium",
                        "url": "https://www.kroger.com/product/images/medium/front/0007675333654"
                    },
                    {
                        "size": "small",
                        "url": "https://www.kroger.com/product/images/small/front/0007675333654"
                    },
                    {
                        "size": "thumbnail",
                        "url": "https://www.kroger.com/product/images/thumbnail/front/0007675333654"
                    }
                ]
            }
        ],
        "items": [
            {
                "itemId": "0007675333654",
                "favorite": false,
                "fulfillment": {
                    "curbside": true,
                    "delivery": true,
                    "inStore": true,
                    "shipToHome": false
                },
                "price": {
                    "regular": 29.99,
                    "promo": 0
                },
                "size": "1 count",
                "soldBy": "UNIT"
            }
        ],
        "itemInformation": {},
        "temperature": {
            "indicator": "Ambient",
            "heatSensitive": false
        }
    },
    {
        "productId": "0007792404839",
        "upc": "0007792404839",
        "productPageURI": "/p/weber-instant-read-thermometer/0007792404839?cid=dis.api.tpi_products-api_20240521_b:all_c:np_t:lookupproduct-243261",
        "aisleLocations": [],
        "brand": "Weber",
        "categories": [
            "Garden & Patio"
        ],
        "countryOrigin": "UNITED STATES",
        "description": "Weber Instant Read Thermometer",
        "images": [
            {
                "perspective": "front",
                "featured": true,
                "sizes": [
                    {
                        "size": "xlarge",
                        "url": "https://www.kroger.com/product/images/xlarge/front/0007792404839"
                    },
                    {
                        "size": "large",
                        "url": "https://www.kroger.com/product/images/large/front/0007792404839"
                    },
                    {
                        "size": "medium",
                        "url": "https://www.kroger.com/product/images/medium/front/0007792404839"
                    },
                    {
                        "size": "small",
                        "url": "https://www.kroger.com/product/images/small/front/0007792404839"
                    },
                    {
                        "size": "thumbnail",
                        "url": "https://www.kroger.com/product/images/thumbnail/front/0007792404839"
                    }
                ]
            }
        ],
        "items": [
            {
                "itemId": "0007792404839",
                "inventory": {
                    "stockLevel": "HIGH"
                },
                "favorite": false,
                "fulfillment": {
                    "curbside": false,
                    "delivery": false,
                    "inStore": false,
                    "shipToHome": false
                },
                "price": {
                    "regular": 19.99,
                    "promo": 0
                },
                "size": "1 ct",
                "soldBy": "UNIT"
            }
        ],
        "itemInformation": {},
        "temperature": {
            "indicator": "Ambient",
            "heatSensitive": false
        }
    }
]