[
    {
        "productId": "0044480044446",
        "upc": "0044480044446",
        "productPageURI": "/p/squared-away-utensil-expandable-bamboo-flatware-organizer/0044480044446?cid=dis.api.tpi_products-api_20240521_b:all_c:np_t:lookupproduct-243261",
        "aisleLocations": [],
        "categories": [
            "Cleaning Products",
            "Kitchen"
        ],
        "description": "Squared Away\u2122 Utensil Expandable Bamboo Flatware Organizer",
        "images": [
            {
                "perspective": "front",
                "featured": true,
                "sizes": [
                    {
                        "size": "xlarge",
                        "url": "https://www.kroger.com/product/images/xlarge/front/0044480044446"
                    },
                    {
                        "size": "large",
                        "url": "https://www.kroger.com/product/images/large/front/0044480044446"
                    },
                    {
                        "size": "medium",
                        "url": "https://www.kroger.com/product/images/medium/front/0044480044446"
                    },
                    {
                        "size": "small",
                        "url": "https://www.kroger.com/product/images/small/front/0044480044446"
                    },
                    {
                        "size": "thumbnail",
                        "url": "https://www.kroger.com/product/images/thumbnail/front/0044480044446"
                    }
                ]
            }
        ],
        "items": [
            {
                "itemId": "0044480044446",
                "favorite": false,
                "fulfillment": {
                    "curbside": false,
                    "delivery": false,
                    "inStore": false,
                    "shipToHome": false
                },
                "size": "no size"
            }
        ],
        "itemInformation": {},
        "temperature": {
            "indicator": "Ambient",
            "heatSensitive": false
        }
    },
    {
        "productId": "0071981276781",
        "upc": "0071981276781",
        "productPageURI": "/p/oxo-good-grips-everyday-6-piece-cooking-utensils-tool-kitchen-essentials-set/0071981276781?cid=dis.api.tpi_products-api_20240521_b:all_c:np_t:lookupproduct-243261",
        "aisleLocations": [],
        "brand": "OXO",
        "categories": [
            "Kitchen"
        ],
        "description": "OXO Good Grips Everyday 6 Piece Cooking Utensils Tool Kitchen Essentials Set",
        "images": [
            {
                "perspective": "front",
                "featured": true,
                "sizes": [
                    {
                        "size": "xlarge",
                        "url": "https://www.kroger.com/product/images/xlarge/front/0071981276781"
                    },
                    {
                        "size": "large",
                        "url": "https://www.kroger.com/product/images/large/front/0071981276781"
                    },
                    {
                        "size": "medium",
                        "url": "https://www.kroger.com/product/images/medium/front/0071981276781"
                    },
                    {
                        "size": "small",
                        "url": "https://www.kroger.com/product/images/small/front/0071981276781"
                    },
                    {
                        "size": "thumbnail",
                        "url": "https://www.kroger.com/product/images/thumbnail/front/0071981276781"
                    }
                ]
            },
            {
                "perspective": "right",
                "sizes": [
                    {
                        "size": "xlarge",
                        "url": "https://www.kroger.com/product/images/xlarge/right/0071981276781"
                    },
                    {
                        "size": "large",
                        "url": "https://www.kroger.com/product/images/large/right/0071981276781"
                    },
                    {
                        "size": "medium",
                        "url": "https://www.kroger.com/product/images/medium/right/0071981276781"
                    },
                    {
                        "size": "small",
                        "url": "https://www.kroger.com/product/images/small/right/0071981276781"
                    },
                    {
                        "size": "thumbnail",
                        "url": "https://www.kroger.com/product/images/thumbnail/right/0071981276781"
                    }
                ]
            },
            {
                "perspective": "back",
                "sizes": [
                    {
                        "size": "xlarge",
                        "url": "https://www.kroger.com/product/images/xlarge/back/0071981276781"
                    },
                    {
                        "size": "large",
                        "url": "https://www.kroger.com/product/images/large/back/0071981276781"
                    },
                    {
                        "size": "medium",
                        "url": "https://www.kroger.com/product/images/medium/back/0071981276781"
                    },
                    {
                        "size": "small",
                        "url": "https://www.kroger.com/product/images/small/back/0071981276781"
                    },
                    {
                        "size": "thumbnail",
                        "url": "https://www.kroger.com/product/images/thumbnail/back/0071981276781"
                    }
                ]
            },
            {
                "perspective": "bottom",
                "sizes": [
                    {
                        "size": "xlarge",
                        "url": "https://www.kroger.com/product/images/xlarge/bottom/0071981276781"
                    },
                    {
                        "size": "large",
                        "url": "https://www.kroger.com/product/images/large/bottom/0071981276781"
                    },
                    {
                        "size": "medium",
                        "url": "https://www.kroger.com/product/images/medium/bottom/0071981276781"
                    },
                    {
                        "size": "small",
                        "url": "https://www.kroger.com/product/images/small/bottom/0071981276781"
                    },
                    {
                        "size": "thumbnail",
                        "url": "https://www.kroger.com/product/images/thumbnail/bottom/0071981276781"
                    }
                ]
            },
            {
                "perspective": "top",
                "sizes": [
                    {
                        "size": "xlarge",
                        "url": "https://www.kroger.com/product/images/xlarge/top/0071981276781"
                    },
                    {
                        "size": "large",
                        "url": "https://www.kroger.com/product/images/large/top/0071981276781"
                    },
                    {
                        "size": "medium",
                        "url": "https://www.kroger.com/product/images/medium/top/0071981276781"
                    },
                    {
                        "size": "small",
                        "url": "https://www.kroger.com/product/images/small/top/0071981276781"
                    },
                    {
                        "size": "thumbnail",
                        "url": "https://www.kroger.com/product/images/thumbnail/top/0071981276781"
                    }
                ]
            },
            {
                "perspective": "left",
                "sizes": [
                    {
                        "size": "xlarge",
                        "url": "https://www.kroger.com/product/images/xlarge/left/0071981276781"
                    },
                    {
                        "size": "large",
                        "url": "https://www.kroger.com/product/images/large/left/0071981276781"
                    },
                    {
                        "size": "medium",
                        "url": "https://www.kroger.com/product/images/medium/left/0071981276781"
                    },
                    {
                        "size": "small",
                        "url": "https://www.kroger.com/product/images/small/left/0071981276781"
                    },
                    {
                        "size": "thumbnail",
                        "url": "https://www.kroger.com/product/images/thumbnail/left/0071981276781"
                    }
                ]
            }
        ],
        "items": [
            {
                "itemId": "0071981276781",
                "favorite": false,
                "fulfillment": {
                    "curbside": false,
                    "delivery": false,
                    "inStore": false,
                    "shipToHome": false
                },
                "size": "1 unit"
            }
        ],
        "itemInformation": {},
        "temperature": {
            "indicator": "Ambient",
            "heatSensitive": false
        }
    },
    {
        "productId": "0007089605111",
        "upc": "0007089605111",
        "productPageURI": "/p/wilton-silicone-6-piece-utensil-set-in-gray-marble/0007089605111?cid=dis.api.tpi_products-api_20240521_b:all_c:np_t:lookupproduct-243261",
        "aisleLocations": [],
        "categories": [
            "Kitchen"
        ],
        "description": "Wilton? Silicone 6-Piece Utensil Set in Gray Marble",
        "images": [
            {
                "perspective": "front",
                "featured": true,
                "sizes": [
                    {
                        "size": "xlarge",
                        "url": "https://www.kroger.com/product/images/xlarge/front/0007089605111"
                    },
                    {
                        "size": "large",
                        "url": "https://www.kroger.com/product/images/large/front/0007089605111"
                    },
                    {
                        "size": "medium",
                        "url": "https://www.kroger.com/product/images/medium/front/0007089605111"
                    },
                    {
                        "size": "small",
                        "url": "https://www.kroger.com/product/images/small/front/0007089605111"
                    },
                    {
                        "size": "thumbnail",
                        "url": "https://www.kroger.com/product/images/thumbnail/front/0007089605111"
                    }
                ]
            }
        ],
        "items": [
            {
                "itemId": "0007089605111",
                "favorite": false,
                "fulfillment": {
                    "curbside": false,
                    "delivery": false,
                    "inStore": false,
                    "shipToHome": false
                },
                "size": "1"
            }
        ],
        "itemInformation": {},
        "temperature": {
            "indicator": "Ambient",
            "heatSensitive": false
        }
    },
    {
        "productId": "0004122686134",
        "upc": "0004122686134",
        "productPageURI": "/p/everyday-living-bamboo-kitchen-utensils/0004122686134?cid=dis.api.tpi_products-api_20240521_b:all_c:np_t:lookupproduct-243261",
        "aisleLocations": [
            {
                "bayNumber": "17",
                "description": "AISLE 15",
                "number": "15",
                "numberOfFacings": "1",
                "side": "R",
                "shelfNumber": "4",
                "shelfPositionInBay": "12"
            }
        ],
        "brand": "Everyday Living",
        "categories": [
            "Kitchen"
        ],
        "countryOrigin": "CHINA",
        "description": "Everyday Living\u00ae Bamboo Kitchen Utensils",
        "images": [
            {
                "perspective": "front",
                "featured": true,
                "sizes": [
                    {
                        "size": "xlarge",
                        "url": "https://www.kroger.com/product/images/xlarge/front/0004122686134"
                    },
                    {
                        "size": "large",
                        "url": "https://www.kroger.com/product/images/large/front/0004122686134"
                    },
                    {
                        "size": "medium",
                        "url": "https://www.kroger.com/product/images/medium/front/0004122686134"
                    },
                    {
                        "size": "small",
                        "url": "https://www.kroger.com/product/images/small/front/0004122686134"
                    },
                    {
                        "size": "thumbnail",
                        "url": "https://www.kroger.com/product/images/thumbnail/front/0004122686134"
                    }
                ]
            }
        ],
        "items": [
            {
                "itemId": "0004122686134",
                "favorite": false,
                "fulfillment": {
                    "curbside": true,
                    "delivery": true,
                    "inStore": true,
                    "shipToHome": false
                },
                "price": {
                    "regular": 12.99,
                    "promo": 0
                },
                "size": "5 pc",
                "soldBy": "UNIT"
            }
        ],
        "itemInformation": {
            "depth": "2.5",
            "height": "14.5",
            "width": "5.0"
        },
        "temperature": {
            "indicator": "Ambient",
            "heatSensitive": false
        }
    },
    {
        "productId": "0006418025785",
        "upc": "0006418025785",
        "productPageURI": "/p/now-designs-kitchen-caddy-organizer-tin-canister-utensil-crock-holder-horizon/0006418025785?cid=dis.api.tpi_products-api_20240521_b:all_c:np_t:lookupproduct-243261",
        "aisleLocations": [],
        "categories": [
            "Kitchen",
            "Cleaning Products"
        ],
        "description": "Now Designs Kitchen Caddy Organizer Tin Canister Utensil Crock Holder, Horizon",
        "images": [
            {
                "perspective": "front",
                "featured": true,
                "sizes": [
                    {
                        "size": "xlarge",
                        "url": "https://www.kroger.com/product/images/xlarge/front/0006418025785"
                    },
                    {
                        "size": "large",
                        "url": "https://www.kroger.com/product/images/large/front/0006418025785"
                    },
                    {
                        "size": "medium",
                        "url": "https://www.kroger.com/product/images/medium/front/0006418025785"
                    },
                    {
                        "size": "small",
                        "url": "https://www.kroger.com/product/images/small/front/0006418025785"
                    },
                    {
                        "size": "thumbnail",
                        "url": "https://www.kroger.com/product/images/thumbnail/front/0006418025785"
                    }
                ]
            }
        ],
        "items": [
            {
                "itemId": "0006418025785",
                "favorite": false,
                "fulfillment": {
                    "curbside": false,
                    "delivery": false,
                    "inStore": false,
                    "shipToHome": false
                },
                "size": "1"
            }
        ],
        "itemInformation": {},
        "temperature": {
            "indicator": "Ambient",
            "heatSensitive": false
        }
    },
    {
        "productId": "0007650192223",
        "upc": "0007650192223",
        "productPageURI": "/p/coleman-disposable-gas-lighters-red/0007650192223?cid=dis.api.tpi_products-api_20240521_b:all_c:np_t:lookupproduct-243261",
        "aisleLocations": [],
        "brand": "Coleman",
        "categories": [
            "Sporting Goods",
            "Garden & Patio",
            "Sporting Goods"
        ],
        "description": "Coleman Disposable Gas Lighters - Red",
        "images": [
            {
                "perspective": "front",
                "featured": true,
                "sizes": [
                    {
                        "size": "xlarge",
                        "url": "https://www.kroger.com/product/images/xlarge/front/0007650192223"
                    },
                    {
                        "size": "large",
                        "url": "https://www.kroger.com/product/images/large/front/0007650192223"
                    },
                    {
                        "size": "medium",
                        "url": "https://www.kroger.com/product/images/medium/front/0007650192223"
                    },
                    {
                        "size": "small",
                        "url": "https://www.kroger.com/product/images/small/front/0007650192223"
                    },
                    {
                        "size": "thumbnail",
                        "url": "https://www.kroger.com/product/images/thumbnail/front/0007650192223"
                    }
                ]
            }
        ],
        "items": [
            {
                "itemId": "0007650192223",
                "inventory": {
                    "stockLevel": "HIGH"
                },
                "favorite": false,
                "fulfillment": {
                    "curbside": true,
                    "delivery": true,
                    "inStore": true,
                    "shipToHome": false
                },
                "size": "2 pk"
            }
        ],
        "itemInformation": {},
        "temperature": {
            "indicator": "Ambient",
            "heatSensitive": false
        }
    },
    {
        "productId": "0044480038843",
        "upc": "0044480038843",
        "productPageURI": "/p/our-table-7-inch-marble-utensil-crock/0044480038843?cid=dis.api.tpi_products-api_20240521_b:all_c:np_t:lookupproduct-243261",
        "aisleLocations": [],
        "categories": [
            "Kitchen",
            "Cleaning Products"
        ],
        "description": "Our Table\u2122 7-Inch Marble Utensil Crock",
        "images": [
            {
                "perspective": "front",
                "featured": true,
                "sizes": [
                    {
                        "size": "xlarge",
                        "url": "https://www.kroger.com/product/images/xlarge/front/0044480038843"
                    },
                    {
                        "size": "large",
                        "url": "https://www.kroger.com/product/images/large/front/0044480038843"
                    },
                    {
                        "size": "medium",
                        "url": "https://www.kroger.com/product/images/medium/front/0044480038843"
                    },
                    {
                        "size": "small",
                        "url": "https://www.kroger.com/product/images/small/front/0044480038843"
                    },
                    {
                        "size": "thumbnail",
                        "url": "https://www.kroger.com/product/images/thumbnail/front/0044480038843"
                    }
                ]
            }
        ],
        "items": [
            {
                "itemId": "0044480038843",
                "favorite": false,
                "fulfillment": {
                    "curbside": false,
                    "delivery": false,
                    "inStore": false,
                    "shipToHome": false
                },
                "size": "no size"
            }
        ],
        "itemInformation": {},
        "temperature": {
            "indicator": "Ambient",
            "heatSensitive": false
        }
    },
    {
        "productId": "0044480038991",
        "upc": "0044480038991",
        "productPageURI": "/p/our-table-5-piece-wood-mixed-utensil-set-in-natural/0044480038991?cid=dis.api.tpi_products-api_20240521_b:all_c:np_t:lookupproduct-243261",
        "aisleLocations": [],
        "categories": [
            "Kitchen"
        ],
        "description": "Our Table\u2122 5-Piece Wood Mixed Utensil Set in Natural",
        "images": [
            {
                "perspective": "front",
                "featured": true,
                "sizes": [
                    {
                        "size": "xlarge",
                        "url": "https://www.kroger.com/product/images/xlarge/front/0044480038991"
                    },
                    {
                        "size": "large",
                        "url": "https://www.kroger.com/product/images/large/front/0044480038991"
                    },
                    {
                        "size": "medium",
                        "url": "https://www.kroger.com/product/images/medium/front/0044480038991"
                    },
                    {
                        "size": "small",
                        "url": "https://www.kroger.com/product/images/small/front/0044480038991"
                    },
                    {
                        "size": "thumbnail",
                        "url": "https://www.kroger.com/product/images/thumbnail/front/0044480038991"
                    }
                ]
            }
        ],
        "items": [
            {
                "itemId": "0044480038991",
                "favorite": false,
                "fulfillment": {
                    "curbside": false,
                    "delivery": false,
                    "inStore": false,
                    "shipToHome": false
                },
                "size": "5 piece"
            }
        ],
        "itemInformation": {},
        "temperature": {
            "indicator": "Ambient",
            "heatSensitive": false
        }
    },
    {
        "productId": "0044480038531",
        "upc": "0044480038531",
        "productPageURI": "/p/our-table-acacia-utensil-holder/0044480038531?cid=dis.api.tpi_products-api_20240521_b:all_c:np_t:lookupproduct-243261",
        "aisleLocations": [],
        "categories": [
            "Cleaning Products",
            "Kitchen"
        ],
        "description": "Our Table\u2122 Acacia Utensil Holder",
        "images": [
            {
                "perspective": "front",
                "featured": true,
                "sizes": [
                    {
                        "size": "xlarge",
                        "url": "https://www.kroger.com/product/images/xlarge/front/0044480038531"
                    },
                    {
                        "size": "large",
                        "url": "https://www.kroger.com/product/images/large/front/0044480038531"
                    },
                    {
                        "size": "medium",
                        "url": "https://www.kroger.com/product/images/medium/front/0044480038531"
                    },
                    {
                        "size": "small",
                        "url": "https://www.kroger.com/product/images/small/front/0044480038531"
                    },
                    {
                        "size": "thumbnail",
                        "url": "https://www.kroger.com/product/images/thumbnail/front/0044480038531"
                    }
                ]
            }
        ],
        "items": [
            {
                "itemId": "0044480038531",
                "favorite": false,
                "fulfillment": {
                    "curbside": false,
                    "delivery": false,
                    "inStore": false,
                    "shipToHome": false
                },
                "size": "no size"
            }
        ],
        "itemInformation": {},
        "temperature": {
            "indicator": "Ambient",
            "heatSensitive": false
        }
    },
    {
        "productId": "0006418030398",
        "upc": "0006418030398",
        "productPageURI": "/p/now-designs-flour-sack-printed-cotton-kitchen-towel-utensils-sandstone-set-of-4/0006418030398?cid=dis.api.tpi_products-api_20240521_b:all_c:np_t:lookupproduct-243261",
        "aisleLocations": [],
        "categories": [
            "Kitchen"
        ],
        "description": "Now Designs Flour Sack Printed Cotton Kitchen Towel Utensils Sandstone Set of 4",
        "images": [
            {
                "perspective": "front",
                "featured": true,
                "sizes": [
                    {
                        "size": "xlarge",
                        "url": "https://www.kroger.com/product/images/xlarge/front/0006418030398"
                    },
                    {
                        "size": "large",
                        "url": "https://www.kroger.com/product/images/large/front/0006418030398"
                    },
                    {
                        "size": "medium",
                        "url": "https://www.kroger.com/product/images/medium/front/0006418030398"
                    },
                    {
                        "size": "small",
                        "url": "https://www.kroger.com/product/images/small/front/0006418030398"
                    },
                    {
                        "size": "thumbnail",
                        "url": "https://www.kroger.com/product/images/thumbnail/front/0006418030398"
                    }
                ]
            }
        ],
        "items": [
            {
                "itemId": "0006418030398",
                "favorite": false,
                "fulfillment": {
                    "curbside": false,
                    "delivery": false,
                    "inStore": false,
                    "shipToHome": false
                },
                "size": "1"
            }
        ],
        "itemInformation": {},
        "temperature": {
            "indicator": "Ambient",
            "heatSensitive": false
        }
    },
    {
        "productId": "0366183414273",
        "upc": "0366183414273",
        "productPageURI": "/p/set-of-6-wooden-cooking-utensil/0366183414273?cid=dis.api.tpi_products-api_20240521_b:all_c:np_t:lookupproduct-243261",
        "aisleLocations": [],
        "categories": [
            "Kitchen"
        ],
        "description": "Set of 6 Wooden Cooking Utensil",
        "images": [
            {
                "perspective": "front",
                "featured": true,
                "sizes": [
                    {
                        "size": "xlarge",
                        "url": "https://www.kroger.com/product/images/xlarge/front/0366183414273"
                    },
                    {
                        "size": "large",
                        "url": "https://www.kroger.com/product/images/large/front/0366183414273"
                    },
                    {
                        "size": "medium",
                        "url": "https://www.kroger.com/product/images/medium/front/0366183414273"
                    },
                    {
                        "size": "small",
                        "url": "https://www.kroger.com/product/images/small/front/0366183414273"
                    },
                    {
                        "size": "thumbnail",
                        "url": "https://www.kroger.com/product/images/thumbnail/front/0366183414273"
                    }
                ]
            },
            {
                "perspective": "right",
                "sizes": [
                    {
                        "size": "xlarge",
                        "url": "https://www.kroger.com/product/images/xlarge/right/0366183414273"
                    },
                    {
                        "size": "large",
                        "url": "https://www.kroger.com/product/images/large/right/0366183414273"
                    },
                    {
                        "size": "medium",
                        "url": "https://www.kroger.com/product/images/medium/right/0366183414273"
                    },
                    {
                        "size": "small",
                        "url": "https://www.kroger.com/product/images/small/right/0366183414273"
                    },
                    {
                        "size": "thumbnail",
                        "url": "https://www.kroger.com/product/images/thumbnail/right/0366183414273"
                    }
                ]
            },
            {
                "perspective": "back",
                "sizes": [
                    {
                        "size": "xlarge",
                        "url": "https://www.kroger.com/product/images/xlarge/back/0366183414273"
                    },
                    {
                        "size": "large",
                        "url": "https://www.kroger.com/product/images/large/back/0366183414273"
                    },
                    {
                        "size": "medium",
                        "url": "https://www.kroger.com/product/images/medium/back/0366183414273"
                    },
                    {
                        "size": "small",
                        "url": "https://www.kroger.com/product/images/small/back/0366183414273"
                    },
                    {
                        "size": "thumbnail",
                        "url": "https://www.kroger.com/product/images/thumbnail/back/0366183414273"
                    }
                ]
            },
            {
                "perspective": "bottom",
                "sizes": [
                    {
                        "size": "xlarge",
                        "url": "https://www.kroger.com/product/images/xlarge/bottom/0366183414273"
                    },
                    {
                        "size": "large",
                        "url": "https://www.kroger.com/product/images/large/bottom/0366183414273"
                    },
                    {
                        "size": "medium",
                        "url": "https://www.kroger.com/product/images/medium/bottom/0366183414273"
                    },
                    {
                        "size": "small",
                        "url": "https://www.kroger.com/product/images/small/bottom/0366183414273"
                    },
                    {
                        "size": "thumbnail",
                        "url": "https://www.kroger.com/product/images/thumbnail/bottom/0366183414273"
                    }
                ]
            },
            {
                "perspective": "left",
                "sizes": [
                    {
                        "size": "xlarge",
                        "url": "https://www.kroger.com/product/images/xlarge/left/0366183414273"
                    },
                    {
                        "size": "large",
                        "url": "https://www.kroger.com/product/images/large/left/0366183414273"
                    },
                    {
                        "size": "medium",
                        "url": "https://www.kroger.com/product/images/medium/left/0366183414273"
                    },
                    {
                        "size": "small",
                        "url": "https://www.kroger.com/product/images/small/left/0366183414273"
                    },
                    {
                        "size": "thumbnail",
                        "url": "https://www.kroger.com/product/images/thumbnail/left/0366183414273"
                    }
                ]
            },
            {
                "perspective": "top",
                "sizes": [
                    {
                        "size": "xlarge",
                        "url": "https://www.kroger.com/product/images/xlarge/top/0366183414273"
                    },
                    {
                        "size": "large",
                        "url": "https://www.kroger.com/product/images/large/top/0366183414273"
                    },
                    {
                        "size": "medium",
                        "url": "https://www.kroger.com/product/images/medium/top/0366183414273"
                    },
                    {
                        "size": "small",
                        "url": "https://www.kroger.com/product/images/small/top/0366183414273"
                    },
                    {
                        "size": "thumbnail",
                        "url": "https://www.kroger.com/product/images/thumbnail/top/0366183414273"
                    }
                ]
            }
        ],
        "items": [
            {
                "itemId": "0366183414273",
                "favorite": false,
                "fulfillment": {
                    "curbside": false,
                    "delivery": false,
                    "inStore": false,
                    "shipToHome": false
                },
                "size": "6 count"
            }
        ],
        "itemInformation": {},
        "temperature": {
            "indicator": "Ambient",
            "heatSensitive": false
        }
    },
    {
        "productId": "0007664220502",
        "upc": "0007664220502",
        "productPageURI": "/p/sterno-outdoor-essentials-cooking-fuel-2-pack/0007664220502?cid=dis.api.tpi_products-api_20240521_b:all_c:np_t:lookupproduct-243261",
        "aisleLocations": [],
        "brand": "Sterno",
        "categories": [
            "Sporting Goods"
        ],
        "description": "Sterno Outdoor Essentials Cooking Fuel - 2 Pack",
        "images": [
            {
                "perspective": "front",
                "featured": true,
                "sizes": [
                    {
                        "size": "xlarge",
                        "url": "https://www.kroger.com/product/images/xlarge/front/0007664220502"
                    },
                    {
                        "size": "large",
                        "url": "https://www.kroger.com/product/images/large/front/0007664220502"
                    },
                    {
                        "size": "medium",
                        "url": "https://www.kroger.com/product/images/medium/front/0007664220502"
                    },
                    {
                        "size": "small",
                        "url": "https://www.kroger.com/product/images/small/front/0007664220502"
                    },
                    {
                        "size": "thumbnail",
                        "url": "https://www.kroger.com/product/images/thumbnail/front/0007664220502"
                    }
                ]
            }
        ],
        "items": [
            {
                "itemId": "0007664220502",
                "favorite": false,
                "fulfillment": {
                    "curbside": false,
                    "delivery": false,
                    "inStore": true,
                    "shipToHome": false
                },
                "size": "1 count"
            }
        ],
        "itemInformation": {},
        "temperature": {
            "indicator": "Ambient",
            "heatSensitive": false
        }
    },
    {
        "productId": "0009860112803",
        "upc": "0009860112803",
        "productPageURI": "/p/re-play-bpa-free-toddler-utensils/0009860112803?cid=dis.api.tpi_products-api_20240521_b:all_c:np_t:lookupproduct-243261",
        "aisleLocations": [
            {
                "bayNumber": "11",
                "description": "AISLE 12",
                "number": "12",
                "numberOfFacings": "1",
                "side": "L",
                "shelfNumber": "4",
                "shelfPositionInBay": "18"
            }
        ],
        "brand": "Re-Play",
        "categories": [
            "Baby"
        ],
        "countryOrigin": "UNITED STATES",
        "description": "Re-Play BPA Free Toddler Utensils",
        "images": [
            {
                "perspective": "front",
                "featured": true,
                "sizes": [
                    {
                        "size": "xlarge",
                        "url": "https://www.kroger.com/product/images/xlarge/front/0009860112803"
                    },
                    {
                        "size": "large",
                        "url": "https://www.kroger.com/product/images/large/front/0009860112803"
                    },
                    {
                        "size": "medium",
                        "url": "https://www.kroger.com/product/images/medium/front/0009860112803"
                    },
                    {
                        "size": "small",
                        "url": "https://www.kroger.com/product/images/small/front/0009860112803"
                    },
                    {
                        "size": "thumbnail",
                        "url": "https://www.kroger.com/product/images/thumbnail/front/0009860112803"
                    }
                ]
            }
        ],
        "items": [
            {
                "itemId": "0009860112803",
                "inventory": {
                    "stockLevel": "HIGH"
                },
                "favorite": false,
                "fulfillment": {
                    "curbside": true,
                    "delivery": true,
                    "inStore": true,
                    "shipToHome": false
                },
                "price": {
                    "regular": 3.99,
                    "promo": 0
                },
                "size": "8 ct",
                "soldBy": "UNIT"
            }
        ],
        "itemInformation": {
            "depth": "1.2",
            "height": "7.55",
            "width": "3.5"
        },
        "temperature": {
            "indicator": "Ambient",
            "heatSensitive": false
        }
    },
    {
        "productId": "0007664220333",
        "upc": "0007664220333",
        "productPageURI": "/p/sterno-products-20334-16-oz-all-weather-instant-flame-gel-fire-starter-pack-of-6/0007664220333?cid=dis.api.tpi_products-api_20240521_b:all_c:np_t:lookupproduct-243261",
        "aisleLocations": [],
        "brand": "Sterno",
        "categories": [
            "Sporting Goods",
            "Sporting Goods",
            "Garden & Patio"
        ],
        "description": "Sterno Products 20334 16 oz All- Weather Instant Flame Gel Fire Starter- Pack of 6",
        "images": [
            {
                "perspective": "front",
                "featured": true,
                "sizes": [
                    {
                        "size": "xlarge",
                        "url": "https://www.kroger.com/product/images/xlarge/front/0007664220333"
                    },
                    {
                        "size": "large",
                        "url": "https://www.kroger.com/product/images/large/front/0007664220333"
                    },
                    {
                        "size": "medium",
                        "url": "https://www.kroger.com/product/images/medium/front/0007664220333"
                    },
                    {
                        "size": "small",
                        "url": "https://www.kroger.com/product/images/small/front/0007664220333"
                    },
                    {
                        "size": "thumbnail",
                        "url": "https://www.kroger.com/product/images/thumbnail/front/0007664220333"
                    }
                ]
            }
        ],
        "items": [
            {
                "itemId": "0007664220333",
                "favorite": false,
                "fulfillment": {
                    "curbside": false,
                    "delivery": false,
                    "inStore": false,
                    "shipToHome": false
                },
                "size": "1"
            }
        ],
        "itemInformation": {},
        "temperature": {
            "indicator": "Ambient",
            "heatSensitive": false
        }
    },
    {
        "productId": "0068809902099",
        "upc": "0068809902099",
        "productPageURI": "/p/blue-rose-polish-pottery-cobalt-utensil-jar/0068809902099?cid=dis.api.tpi_products-api_20240521_b:all_c:np_t:lookupproduct-243261",
        "aisleLocations": [],
        "categories": [
            "Garden & Patio"
        ],
        "description": "Blue Rose Polish Pottery Cobalt Utensil Jar",
        "images": [
            {
                "perspective": "front",
                "featured": true,
                "sizes": [
                    {
                        "size": "xlarge",
                        "url": "https://www.kroger.com/product/images/xlarge/front/0068809902099"
                    },
                    {
                        "size": "large",
                        "url": "https://www.kroger.com/product/images/large/front/0068809902099"
                    },
                    {
                        "size": "medium",
                        "url": "https://www.kroger.com/product/images/medium/front/0068809902099"
                    },
                    {
                        "size": "small",
                        "url": "https://www.kroger.com/product/images/small/front/0068809902099"
                    },
                    {
                        "size": "thumbnail",
                        "url": "https://www.kroger.com/product/images/thumbnail/front/0068809902099"
                    }
                ]
            }
        ],
        "items": [
            {
                "itemId": "0068809902099",
                "favorite": false,
                "fulfillment": {
                    "curbside": false,
                    "delivery": false,
                    "inStore": false,
                    "shipToHome": false
                },
                "size": "1"
            }
        ],
        "itemInformation": {},
        "temperature": {
            "indicator": "Ambient",
            "heatSensitive": false
        }
    },
    {
        "productId": "0044480041768",
        "upc": "0044480041768",
        "productPageURI": "/p/bee-willow-bristol-utensil-crock-in-coconut-milk/0044480041768?cid=dis.api.tpi_products-api_20240521_b:all_c:np_t:lookupproduct-243261",
        "aisleLocations": [],
        "categories": [
            "Kitchen"
        ],
        "description": "Bee & Willow\u2122 Bristol Utensil Crock in Coconut Milk",
        "images": [
            {
                "perspective": "front",
                "featured": true,
                "sizes": [
                    {
                        "size": "xlarge",
                        "url": "https://www.kroger.com/product/images/xlarge/front/0044480041768"
                    },
                    {
                        "size": "large",
                        "url": "https://www.kroger.com/product/images/large/front/0044480041768"
                    },
                    {
                        "size": "medium",
                        "url": "https://www.kroger.com/product/images/medium/front/0044480041768"
                    },
                    {
                        "size": "small",
                        "url": "https://www.kroger.com/product/images/small/front/0044480041768"
                    },
                    {
                        "size": "thumbnail",
                        "url": "https://www.kroger.com/product/images/thumbnail/front/0044480041768"
                    }
                ]
            }
        ],
        "items": [
            {
                "itemId": "0044480041768",
                "favorite": false,
                "fulfillment": {
                    "curbside": false,
                    "delivery": false,
                    "inStore": false,
                    "shipToHome": false
                },
                "size": "7 in"
            }
        ],
        "itemInformation": {},
        "temperature": {
            "indicator": "Ambient",
            "heatSensitive": false
        }
    },
    {
        "productId": "0081009145784",
        "upc": "0081009145784",
        "productPageURI": "/p/4-steak-knife-set-serrated-edge-steel-utility-knives-steakhouse-cutlery-utensil/0081009145784?cid=dis.api.tpi_products-api_20240521_b:all_c:np_t:lookupproduct-243261",
        "aisleLocations": [],
        "categories": [
            "Garden & Patio"
        ],
        "description": "4 Steak Knife Set Serrated Edge Steel Utility Knives Steakhouse Cutlery Utensil",
        "images": [
            {
                "perspective": "front",
                "featured": true,
                "sizes": [
                    {
                        "size": "xlarge",
                        "url": "https://www.kroger.com/product/images/xlarge/front/0081009145784"
                    },
                    {
                        "size": "large",
                        "url": "https://www.kroger.com/product/images/large/front/0081009145784"
                    },
                    {
                        "size": "medium",
                        "url": "https://www.kroger.com/product/images/medium/front/0081009145784"
                    },
                    {
                        "size": "small",
                        "url": "https://www.kroger.com/product/images/small/front/0081009145784"
                    },
                    {
                        "size": "thumbnail",
                        "url": "https://www.kroger.com/product/images/thumbnail/front/0081009145784"
                    }
                ]
            }
        ],
        "items": [
            {
                "itemId": "0081009145784",
                "favorite": false,
                "fulfillment": {
                    "curbside": false,
                    "delivery": false,
                    "inStore": false,
                    "shipToHome": false
                },
                "size": "1"
            }
        ],
        "itemInformation": {},
        "temperature": {
            "indicator": "Ambient",
            "heatSensitive": false
        }
    },
    {
        "productId": "0081009145398",
        "upc": "0081009145398",
        "productPageURI": "/p/2-stainless-steel-serving-fork-meat-cooking-utensil-kitchen-tools-flatware/0081009145398?cid=dis.api.tpi_products-api_20240521_b:all_c:np_t:lookupproduct-243261",
        "aisleLocations": [],
        "categories": [
            "Garden & Patio"
        ],
        "description": "2 Stainless Steel Serving Fork Meat Cooking Utensil Kitchen Tools Flatware",
        "images": [
            {
                "perspective": "front",
                "featured": true,
                "sizes": [
                    {
                        "size": "xlarge",
                        "url": "https://www.kroger.com/product/images/xlarge/front/0081009145398"
                    },
                    {
                        "size": "large",
                        "url": "https://www.kroger.com/product/images/large/front/0081009145398"
                    },
                    {
                        "size": "medium",
                        "url": "https://www.kroger.com/product/images/medium/front/0081009145398"
                    },
                    {
                        "size": "small",
                        "url": "https://www.kroger.com/product/images/small/front/0081009145398"
                    },
                    {
                        "size": "thumbnail",
                        "url": "https://www.kroger.com/product/images/thumbnail/front/0081009145398"
                    }
                ]
            }
        ],
        "items": [
            {
                "itemId": "0081009145398",
                "favorite": false,
                "fulfillment": {
                    "curbside": false,
                    "delivery": false,
                    "inStore": false,
                    "shipToHome": false
                },
                "size": "1"
            }
        ],
        "itemInformation": {},
        "temperature": {
            "indicator": "Ambient",
            "heatSensitive": false
        }
    },
    {
        "productId": "0007664220605",
        "upc": "0007664220605",
        "productPageURI": "/p/sterno-canned-heat-cooking-fuel/0007664220605?cid=dis.api.tpi_products-api_20240521_b:all_c:np_t:lookupproduct-243261",
        "aisleLocations": [],
        "brand": "Sterno",
        "categories": [
            "Garden & Patio",
            "Sporting Goods",
            "Sporting Goods",
            "Garden & Patio"
        ],
        "description": "Sterno Canned Heat Cooking Fuel",
        "images": [
            {
                "perspective": "front",
                "featured": true,
                "sizes": [
                    {
                        "size": "xlarge",
                        "url": "https://www.kroger.com/product/images/xlarge/front/0007664220605"
                    },
                    {
                        "size": "large",
                        "url": "https://www.kroger.com/product/images/large/front/0007664220605"
                    },
                    {
                        "size": "medium",
                        "url": "https://www.kroger.com/product/images/medium/front/0007664220605"
                    },
                    {
                        "size": "small",
                        "url": "https://www.kroger.com/product/images/small/front/0007664220605"
                    },
                    {
                        "size": "thumbnail",
                        "url": "https://www.kroger.com/product/images/thumbnail/front/0007664220605"
                    }
                ]
            }
        ],
        "items": [
            {
                "itemId": "0007664220605",
                "favorite": false,
                "fulfillment": {
                    "curbside": true,
                    "delivery": true,
                    "inStore": true,
                    "shipToHome": false
                },
                "size": "2 ct / 14 oz"
            }
        ],
        "itemInformation": {},
        "temperature": {
            "indicator": "Ambient",
            "heatSensitive": false
        }
    },
    {
        "productId": "0044460066447",
        "upc": "0044460066447",
        "productPageURI": "/p/bee-willow-home-milbrook-utensil-holder-in-blue/0044460066447?cid=dis.api.tpi_products-api_20240521_b:all_c:np_t:lookupproduct-243261",
        "aisleLocations": [],
        "categories": [
            "Cleaning Products",
            "Kitchen"
        ],
        "description": "Bee &  Willow\u2122 Home Milbrook Utensil Holder in Blue",
        "images": [
            {
                "perspective": "front",
                "featured": true,
                "sizes": [
                    {
                        "size": "xlarge",
                        "url": "https://www.kroger.com/product/images/xlarge/front/0044460066447"
                    },
                    {
                        "size": "large",
                        "url": "https://www.kroger.com/product/images/large/front/0044460066447"
                    },
                    {
                        "size": "medium",
                        "url": "https://www.kroger.com/product/images/medium/front/0044460066447"
                    },
                    {
                        "size": "small",
                        "url": "https://www.kroger.com/product/images/small/front/0044460066447"
                    },
                    {
                        "size": "thumbnail",
                        "url": "https://www.kroger.com/product/images/thumbnail/front/0044460066447"
                    }
                ]
            }
        ],
        "items": [
            {
                "itemId": "0044460066447",
                "favorite": false,
                "fulfillment": {
                    "curbside": false,
                    "delivery": false,
                    "inStore": false,
                    "shipToHome": false
                },
                "size": "5 in"
            }
        ],
        "itemInformation": {},
        "temperature": {
            "indicator": "Ambient",
            "heatSensitive": false
        }
    }
]