[
    {
        "productId": "0007850900601",
        "upc": "0007850900601",
        "productPageURI": "/p/dome-bookkeeping-record-brown-vinyl-cover-128-pages-8-1-2-x-11-pages-600/0007850900601?cid=dis.api.tpi_products-api_20240521_b:all_c:np_t:lookupproduct-243261",
        "aisleLocations": [],
        "categories": [
            "Office, School, & Crafts"
        ],
        "description": "Dome Bookkeeping Record Brown Vinyl Cover 128 Pages 8 1/2 x 11 Pages 600",
        "images": [
            {
                "perspective": "back",
                "sizes": [
                    {
                        "size": "xlarge",
                        "url": "https://www.kroger.com/product/images/xlarge/back/0007850900601"
                    },
                    {
                        "size": "large",
                        "url": "https://www.kroger.com/product/images/large/back/0007850900601"
                    },
                    {
                        "size": "medium",
                        "url": "https://www.kroger.com/product/images/medium/back/0007850900601"
                    },
                    {
                        "size": "small",
                        "url": "https://www.kroger.com/product/images/small/back/0007850900601"
                    },
                    {
                        "size": "thumbnail",
                        "url": "https://www.kroger.com/product/images/thumbnail/back/0007850900601"
                    }
                ]
            },
            {
                "perspective": "front",
                "featured": true,
                "sizes": [
                    {
                        "size": "xlarge",
                        "url": "https://www.kroger.com/product/images/xlarge/front/0007850900601"
                    },
                    {
                        "size": "large",
                        "url": "https://www.kroger.com/product/images/large/front/0007850900601"
                    },
                    {
                        "size": "medium",
                        "url": "https://www.kroger.com/product/images/medium/front/0007850900601"
                    },
                    {
                        "size": "small",
                        "url": "https://www.kroger.com/product/images/small/front/0007850900601"
                    },
                    {
                        "size": "thumbnail",
                        "url": "https://www.kroger.com/product/images/thumbnail/front/0007850900601"
                    }
                ]
            },
            {
                "perspective": "bottom",
                "sizes": [
                    {
                        "size": "xlarge",
                        "url": "https://www.kroger.com/product/images/xlarge/bottom/0007850900601"
                    },
                    {
                        "size": "large",
                        "url": "https://www.kroger.com/product/images/large/bottom/0007850900601"
                    },
                    {
                        "size": "medium",
                        "url": "https://www.kroger.com/product/images/medium/bottom/0007850900601"
                    },
                    {
                        "size": "small",
                        "url": "https://www.kroger.com/product/images/small/bottom/0007850900601"
                    },
                    {
                        "size": "thumbnail",
                        "url": "https://www.kroger.com/product/images/thumbnail/bottom/0007850900601"
                    }
                ]
            },
            {
                "perspective": "top",
                "sizes": [
                    {
                        "size": "xlarge",
                        "url": "https://www.kroger.com/product/images/xlarge/top/0007850900601"
                    },
                    {
                        "size": "large",
                        "url": "https://www.kroger.com/product/images/large/top/0007850900601"
                    },
                    {
                        "size": "medium",
                        "url": "https://www.kroger.com/product/images/medium/top/0007850900601"
                    },
                    {
                        "size": "small",
                        "url": "https://www.kroger.com/product/images/small/top/0007850900601"
                    },
                    {
                        "size": "thumbnail",
                        "url": "https://www.kroger.com/product/images/thumbnail/top/0007850900601"
                    }
                ]
            }
        ],
        "items": [
            {
                "itemId": "0007850900601",
                "favorite": false,
                "fulfillment": {
                    "curbside": false,
                    "delivery": false,
                    "inStore": false,
                    "shipToHome": false
                },
                "size": "1"
            }
        ],
        "itemInformation": {},
        "temperature": {
            "indicator": "Ambient",
            "heatSensitive": false
        }
    }
]