[
    {
        "productId": "0003700088761",
        "upc": "0003700088761",
        "productPageURI": "/p/always-discreet-xl-maximum-incontinence-underwear-15-count/0003700088761?cid=dis.api.tpi_products-api_20240521_b:all_c:np_t:lookupproduct-243261",
        "aisleLocations": [
            {
                "bayNumber": "2",
                "description": "AISLE 25",
                "number": "25",
                "numberOfFacings": "1",
                "side": "L",
                "shelfNumber": "2",
                "shelfPositionInBay": "5"
            }
        ],
        "brand": "Always",
        "categories": [
            "Personal Care"
        ],
        "countryOrigin": "CANADA",
        "description": "Always Discreet XL Maximum Incontinence Underwear 15 Count",
        "images": [
            {
                "perspective": "front",
                "featured": true,
                "sizes": [
                    {
                        "size": "xlarge",
                        "url": "https://www.kroger.com/product/images/xlarge/front/0003700088761"
                    },
                    {
                        "size": "large",
                        "url": "https://www.kroger.com/product/images/large/front/0003700088761"
                    },
                    {
                        "size": "medium",
                        "url": "https://www.kroger.com/product/images/medium/front/0003700088761"
                    },
                    {
                        "size": "small",
                        "url": "https://www.kroger.com/product/images/small/front/0003700088761"
                    },
                    {
                        "size": "thumbnail",
                        "url": "https://www.kroger.com/product/images/thumbnail/front/0003700088761"
                    }
                ]
            }
        ],
        "items": [
            {
                "itemId": "0003700088761",
                "inventory": {
                    "stockLevel": "HIGH"
                },
                "favorite": false,
                "fulfillment": {
                    "curbside": true,
                    "delivery": true,
                    "inStore": true,
                    "shipToHome": false
                },
                "price": {
                    "regular": 15.99,
                    "promo": 0
                },
                "size": "15 ct",
                "soldBy": "UNIT"
            }
        ],
        "itemInformation": {},
        "temperature": {
            "indicator": "Ambient",
            "heatSensitive": false
        }
    },
    {
        "productId": "0003600047915",
        "upc": "0003600047915",
        "productPageURI": "/p/depend-small-maximum-absorbency-fit-flex-incontinence-underwear-for-women/0003600047915?cid=dis.api.tpi_products-api_20240521_b:all_c:np_t:lookupproduct-243261",
        "aisleLocations": [
            {
                "bayNumber": "3",
                "description": "AISLE 25",
                "number": "25",
                "numberOfFacings": "1",
                "side": "L",
                "shelfNumber": "3",
                "shelfPositionInBay": "5"
            }
        ],
        "brand": "Depend",
        "categories": [
            "Personal Care"
        ],
        "countryOrigin": "UNITED STATES",
        "description": "Depend Small Maximum Absorbency Fit-Flex Incontinence Underwear for Women",
        "images": [
            {
                "perspective": "left",
                "sizes": [
                    {
                        "size": "xlarge",
                        "url": "https://www.kroger.com/product/images/xlarge/left/0003600047915"
                    },
                    {
                        "size": "large",
                        "url": "https://www.kroger.com/product/images/large/left/0003600047915"
                    },
                    {
                        "size": "medium",
                        "url": "https://www.kroger.com/product/images/medium/left/0003600047915"
                    },
                    {
                        "size": "small",
                        "url": "https://www.kroger.com/product/images/small/left/0003600047915"
                    },
                    {
                        "size": "thumbnail",
                        "url": "https://www.kroger.com/product/images/thumbnail/left/0003600047915"
                    }
                ]
            },
            {
                "perspective": "right",
                "sizes": [
                    {
                        "size": "xlarge",
                        "url": "https://www.kroger.com/product/images/xlarge/right/0003600047915"
                    },
                    {
                        "size": "large",
                        "url": "https://www.kroger.com/product/images/large/right/0003600047915"
                    },
                    {
                        "size": "medium",
                        "url": "https://www.kroger.com/product/images/medium/right/0003600047915"
                    },
                    {
                        "size": "small",
                        "url": "https://www.kroger.com/product/images/small/right/0003600047915"
                    },
                    {
                        "size": "thumbnail",
                        "url": "https://www.kroger.com/product/images/thumbnail/right/0003600047915"
                    }
                ]
            },
            {
                "perspective": "front",
                "featured": true,
                "sizes": [
                    {
                        "size": "xlarge",
                        "url": "https://www.kroger.com/product/images/xlarge/front/0003600047915"
                    },
                    {
                        "size": "large",
                        "url": "https://www.kroger.com/product/images/large/front/0003600047915"
                    },
                    {
                        "size": "medium",
                        "url": "https://www.kroger.com/product/images/medium/front/0003600047915"
                    },
                    {
                        "size": "small",
                        "url": "https://www.kroger.com/product/images/small/front/0003600047915"
                    },
                    {
                        "size": "thumbnail",
                        "url": "https://www.kroger.com/product/images/thumbnail/front/0003600047915"
                    }
                ]
            }
        ],
        "items": [
            {
                "itemId": "0003600047915",
                "inventory": {
                    "stockLevel": "HIGH"
                },
                "favorite": false,
                "fulfillment": {
                    "curbside": true,
                    "delivery": true,
                    "inStore": true,
                    "shipToHome": false
                },
                "price": {
                    "regular": 15.99,
                    "promo": 0
                },
                "size": "19 ct",
                "soldBy": "UNIT"
            }
        ],
        "itemInformation": {
            "depth": "5.59",
            "height": "10.52",
            "width": "7.88"
        },
        "temperature": {
            "indicator": "Ambient",
            "heatSensitive": false
        }
    },
    {
        "productId": "0004126038241",
        "upc": "0004126038241",
        "productPageURI": "/p/kroger-overnight-underwear-for-women-and-men-lg/0004126038241?cid=dis.api.tpi_products-api_20240521_b:all_c:np_t:lookupproduct-243261",
        "aisleLocations": [
            {
                "bayNumber": "3",
                "description": "AISLE 25",
                "number": "25",
                "numberOfFacings": "1",
                "side": "L",
                "shelfNumber": "1",
                "shelfPositionInBay": "1"
            }
        ],
        "brand": "Kroger",
        "categories": [
            "Personal Care"
        ],
        "description": "Kroger\u00ae Overnight Underwear for Women and Men LG",
        "images": [
            {
                "perspective": "right",
                "sizes": [
                    {
                        "size": "xlarge",
                        "url": "https://www.kroger.com/product/images/xlarge/right/0004126038241"
                    },
                    {
                        "size": "large",
                        "url": "https://www.kroger.com/product/images/large/right/0004126038241"
                    },
                    {
                        "size": "medium",
                        "url": "https://www.kroger.com/product/images/medium/right/0004126038241"
                    },
                    {
                        "size": "small",
                        "url": "https://www.kroger.com/product/images/small/right/0004126038241"
                    },
                    {
                        "size": "thumbnail",
                        "url": "https://www.kroger.com/product/images/thumbnail/right/0004126038241"
                    }
                ]
            },
            {
                "perspective": "front",
                "featured": true,
                "sizes": [
                    {
                        "size": "xlarge",
                        "url": "https://www.kroger.com/product/images/xlarge/front/0004126038241"
                    },
                    {
                        "size": "large",
                        "url": "https://www.kroger.com/product/images/large/front/0004126038241"
                    },
                    {
                        "size": "medium",
                        "url": "https://www.kroger.com/product/images/medium/front/0004126038241"
                    },
                    {
                        "size": "small",
                        "url": "https://www.kroger.com/product/images/small/front/0004126038241"
                    },
                    {
                        "size": "thumbnail",
                        "url": "https://www.kroger.com/product/images/thumbnail/front/0004126038241"
                    }
                ]
            },
            {
                "perspective": "bottom",
                "sizes": [
                    {
                        "size": "xlarge",
                        "url": "https://www.kroger.com/product/images/xlarge/bottom/0004126038241"
                    },
                    {
                        "size": "large",
                        "url": "https://www.kroger.com/product/images/large/bottom/0004126038241"
                    },
                    {
                        "size": "medium",
                        "url": "https://www.kroger.com/product/images/medium/bottom/0004126038241"
                    },
                    {
                        "size": "small",
                        "url": "https://www.kroger.com/product/images/small/bottom/0004126038241"
                    },
                    {
                        "size": "thumbnail",
                        "url": "https://www.kroger.com/product/images/thumbnail/bottom/0004126038241"
                    }
                ]
            },
            {
                "perspective": "left",
                "sizes": [
                    {
                        "size": "xlarge",
                        "url": "https://www.kroger.com/product/images/xlarge/left/0004126038241"
                    },
                    {
                        "size": "large",
                        "url": "https://www.kroger.com/product/images/large/left/0004126038241"
                    },
                    {
                        "size": "medium",
                        "url": "https://www.kroger.com/product/images/medium/left/0004126038241"
                    },
                    {
                        "size": "small",
                        "url": "https://www.kroger.com/product/images/small/left/0004126038241"
                    },
                    {
                        "size": "thumbnail",
                        "url": "https://www.kroger.com/product/images/thumbnail/left/0004126038241"
                    }
                ]
            }
        ],
        "items": [
            {
                "itemId": "0004126038241",
                "inventory": {
                    "stockLevel": "HIGH"
                },
                "favorite": false,
                "fulfillment": {
                    "curbside": true,
                    "delivery": true,
                    "inStore": true,
                    "shipToHome": false
                },
                "price": {
                    "regular": 9.49,
                    "promo": 0
                },
                "size": "14 ct",
                "soldBy": "UNIT"
            }
        ],
        "itemInformation": {},
        "temperature": {
            "indicator": "Ambient",
            "heatSensitive": false
        }
    },
    {
        "productId": "0003600047932",
        "upc": "0003600047932",
        "productPageURI": "/p/depend-fit-flex-adult-incontinence-underwear-for-women/0003600047932?cid=dis.api.tpi_products-api_20240521_b:all_c:np_t:lookupproduct-243261",
        "aisleLocations": [
            {
                "bayNumber": "3",
                "description": "AISLE 25",
                "number": "25",
                "numberOfFacings": "1",
                "side": "L",
                "shelfNumber": "3",
                "shelfPositionInBay": "3"
            }
        ],
        "brand": "Depend",
        "categories": [
            "Personal Care"
        ],
        "countryOrigin": "UNITED STATES",
        "description": "Depend FIT-FLEX Adult Incontinence Underwear for Women",
        "images": [
            {
                "perspective": "left",
                "sizes": [
                    {
                        "size": "xlarge",
                        "url": "https://www.kroger.com/product/images/xlarge/left/0003600047932"
                    },
                    {
                        "size": "large",
                        "url": "https://www.kroger.com/product/images/large/left/0003600047932"
                    },
                    {
                        "size": "medium",
                        "url": "https://www.kroger.com/product/images/medium/left/0003600047932"
                    },
                    {
                        "size": "small",
                        "url": "https://www.kroger.com/product/images/small/left/0003600047932"
                    },
                    {
                        "size": "thumbnail",
                        "url": "https://www.kroger.com/product/images/thumbnail/left/0003600047932"
                    }
                ]
            },
            {
                "perspective": "front",
                "featured": true,
                "sizes": [
                    {
                        "size": "xlarge",
                        "url": "https://www.kroger.com/product/images/xlarge/front/0003600047932"
                    },
                    {
                        "size": "large",
                        "url": "https://www.kroger.com/product/images/large/front/0003600047932"
                    },
                    {
                        "size": "medium",
                        "url": "https://www.kroger.com/product/images/medium/front/0003600047932"
                    },
                    {
                        "size": "small",
                        "url": "https://www.kroger.com/product/images/small/front/0003600047932"
                    },
                    {
                        "size": "thumbnail",
                        "url": "https://www.kroger.com/product/images/thumbnail/front/0003600047932"
                    }
                ]
            },
            {
                "perspective": "right",
                "sizes": [
                    {
                        "size": "xlarge",
                        "url": "https://www.kroger.com/product/images/xlarge/right/0003600047932"
                    },
                    {
                        "size": "large",
                        "url": "https://www.kroger.com/product/images/large/right/0003600047932"
                    },
                    {
                        "size": "medium",
                        "url": "https://www.kroger.com/product/images/medium/right/0003600047932"
                    },
                    {
                        "size": "small",
                        "url": "https://www.kroger.com/product/images/small/right/0003600047932"
                    },
                    {
                        "size": "thumbnail",
                        "url": "https://www.kroger.com/product/images/thumbnail/right/0003600047932"
                    }
                ]
            }
        ],
        "items": [
            {
                "itemId": "0003600047932",
                "inventory": {
                    "stockLevel": "HIGH"
                },
                "favorite": false,
                "fulfillment": {
                    "curbside": true,
                    "delivery": true,
                    "inStore": true,
                    "shipToHome": false
                },
                "price": {
                    "regular": 15.99,
                    "promo": 0
                },
                "size": "18 ct",
                "soldBy": "UNIT"
            }
        ],
        "itemInformation": {
            "depth": "5.59",
            "height": "9.84",
            "width": "8.66"
        },
        "temperature": {
            "indicator": "Ambient",
            "heatSensitive": false
        }
    },
    {
        "productId": "0004126038242",
        "upc": "0004126038242",
        "productPageURI": "/p/kroger-overnight-underwear-for-women-and-men-xl/0004126038242?cid=dis.api.tpi_products-api_20240521_b:all_c:np_t:lookupproduct-243261",
        "aisleLocations": [
            {
                "bayNumber": "3",
                "description": "AISLE 25",
                "number": "25",
                "numberOfFacings": "1",
                "side": "L",
                "shelfNumber": "1",
                "shelfPositionInBay": "2"
            }
        ],
        "brand": "Kroger",
        "categories": [
            "Personal Care"
        ],
        "description": "Kroger\u00ae Overnight Underwear for Women and Men XL",
        "images": [
            {
                "perspective": "front",
                "featured": true,
                "sizes": [
                    {
                        "size": "xlarge",
                        "url": "https://www.kroger.com/product/images/xlarge/front/0004126038242"
                    },
                    {
                        "size": "large",
                        "url": "https://www.kroger.com/product/images/large/front/0004126038242"
                    },
                    {
                        "size": "medium",
                        "url": "https://www.kroger.com/product/images/medium/front/0004126038242"
                    },
                    {
                        "size": "small",
                        "url": "https://www.kroger.com/product/images/small/front/0004126038242"
                    },
                    {
                        "size": "thumbnail",
                        "url": "https://www.kroger.com/product/images/thumbnail/front/0004126038242"
                    }
                ]
            },
            {
                "perspective": "right",
                "sizes": [
                    {
                        "size": "xlarge",
                        "url": "https://www.kroger.com/product/images/xlarge/right/0004126038242"
                    },
                    {
                        "size": "large",
                        "url": "https://www.kroger.com/product/images/large/right/0004126038242"
                    },
                    {
                        "size": "medium",
                        "url": "https://www.kroger.com/product/images/medium/right/0004126038242"
                    },
                    {
                        "size": "small",
                        "url": "https://www.kroger.com/product/images/small/right/0004126038242"
                    },
                    {
                        "size": "thumbnail",
                        "url": "https://www.kroger.com/product/images/thumbnail/right/0004126038242"
                    }
                ]
            },
            {
                "perspective": "bottom",
                "sizes": [
                    {
                        "size": "xlarge",
                        "url": "https://www.kroger.com/product/images/xlarge/bottom/0004126038242"
                    },
                    {
                        "size": "large",
                        "url": "https://www.kroger.com/product/images/large/bottom/0004126038242"
                    },
                    {
                        "size": "medium",
                        "url": "https://www.kroger.com/product/images/medium/bottom/0004126038242"
                    },
                    {
                        "size": "small",
                        "url": "https://www.kroger.com/product/images/small/bottom/0004126038242"
                    },
                    {
                        "size": "thumbnail",
                        "url": "https://www.kroger.com/product/images/thumbnail/bottom/0004126038242"
                    }
                ]
            },
            {
                "perspective": "left",
                "sizes": [
                    {
                        "size": "xlarge",
                        "url": "https://www.kroger.com/product/images/xlarge/left/0004126038242"
                    },
                    {
                        "size": "large",
                        "url": "https://www.kroger.com/product/images/large/left/0004126038242"
                    },
                    {
                        "size": "medium",
                        "url": "https://www.kroger.com/product/images/medium/left/0004126038242"
                    },
                    {
                        "size": "small",
                        "url": "https://www.kroger.com/product/images/small/left/0004126038242"
                    },
                    {
                        "size": "thumbnail",
                        "url": "https://www.kroger.com/product/images/thumbnail/left/0004126038242"
                    }
                ]
            }
        ],
        "items": [
            {
                "itemId": "0004126038242",
                "inventory": {
                    "stockLevel": "HIGH"
                },
                "favorite": false,
                "fulfillment": {
                    "curbside": true,
                    "delivery": true,
                    "inStore": true,
                    "shipToHome": false
                },
                "price": {
                    "regular": 9.49,
                    "promo": 0
                },
                "size": "12 ct",
                "soldBy": "UNIT"
            }
        ],
        "itemInformation": {},
        "temperature": {
            "indicator": "Ambient",
            "heatSensitive": false
        }
    },
    {
        "productId": "0003600013406",
        "upc": "0003600013406",
        "productPageURI": "/p/depend-fit-flex-incontinence-underwear-for-women-maximum-absorbency-size-extra-large/0003600013406?cid=dis.api.tpi_products-api_20240521_b:all_c:np_t:lookupproduct-243261",
        "aisleLocations": [
            {
                "bayNumber": "3",
                "description": "AISLE 25",
                "number": "25",
                "numberOfFacings": "1",
                "side": "L",
                "shelfNumber": "1",
                "shelfPositionInBay": "3"
            }
        ],
        "brand": "Depend",
        "categories": [
            "Personal Care"
        ],
        "countryOrigin": "UNITED STATES",
        "description": "Depend FIT-FLEX Incontinence Underwear for Women Maximum Absorbency Size Extra Large",
        "images": [
            {
                "perspective": "left",
                "sizes": [
                    {
                        "size": "xlarge",
                        "url": "https://www.kroger.com/product/images/xlarge/left/0003600013406"
                    },
                    {
                        "size": "large",
                        "url": "https://www.kroger.com/product/images/large/left/0003600013406"
                    },
                    {
                        "size": "medium",
                        "url": "https://www.kroger.com/product/images/medium/left/0003600013406"
                    },
                    {
                        "size": "small",
                        "url": "https://www.kroger.com/product/images/small/left/0003600013406"
                    },
                    {
                        "size": "thumbnail",
                        "url": "https://www.kroger.com/product/images/thumbnail/left/0003600013406"
                    }
                ]
            },
            {
                "perspective": "front",
                "featured": true,
                "sizes": [
                    {
                        "size": "xlarge",
                        "url": "https://www.kroger.com/product/images/xlarge/front/0003600013406"
                    },
                    {
                        "size": "large",
                        "url": "https://www.kroger.com/product/images/large/front/0003600013406"
                    },
                    {
                        "size": "medium",
                        "url": "https://www.kroger.com/product/images/medium/front/0003600013406"
                    },
                    {
                        "size": "small",
                        "url": "https://www.kroger.com/product/images/small/front/0003600013406"
                    },
                    {
                        "size": "thumbnail",
                        "url": "https://www.kroger.com/product/images/thumbnail/front/0003600013406"
                    }
                ]
            },
            {
                "perspective": "right",
                "sizes": [
                    {
                        "size": "xlarge",
                        "url": "https://www.kroger.com/product/images/xlarge/right/0003600013406"
                    },
                    {
                        "size": "large",
                        "url": "https://www.kroger.com/product/images/large/right/0003600013406"
                    },
                    {
                        "size": "medium",
                        "url": "https://www.kroger.com/product/images/medium/right/0003600013406"
                    },
                    {
                        "size": "small",
                        "url": "https://www.kroger.com/product/images/small/right/0003600013406"
                    },
                    {
                        "size": "thumbnail",
                        "url": "https://www.kroger.com/product/images/thumbnail/right/0003600013406"
                    }
                ]
            }
        ],
        "items": [
            {
                "itemId": "0003600013406",
                "inventory": {
                    "stockLevel": "LOW"
                },
                "favorite": false,
                "fulfillment": {
                    "curbside": true,
                    "delivery": true,
                    "inStore": true,
                    "shipToHome": false
                },
                "price": {
                    "regular": 22.99,
                    "promo": 0
                },
                "size": "26 ct",
                "soldBy": "UNIT"
            }
        ],
        "itemInformation": {
            "depth": "5.7",
            "height": "17.0",
            "width": "8.07"
        },
        "temperature": {
            "indicator": "Ambient",
            "heatSensitive": false
        }
    },
    {
        "productId": "0003600012537",
        "upc": "0003600012537",
        "productPageURI": "/p/depend-fit-flex-adult-incontinence-underwear-for-women/0003600012537?cid=dis.api.tpi_products-api_20240521_b:all_c:np_t:lookupproduct-243261",
        "aisleLocations": [
            {
                "bayNumber": "3",
                "description": "AISLE 25",
                "number": "25",
                "numberOfFacings": "1",
                "side": "L",
                "shelfNumber": "2",
                "shelfPositionInBay": "4"
            }
        ],
        "brand": "Depend",
        "categories": [
            "Personal Care"
        ],
        "description": "Depend FIT FLEX Adult Incontinence Underwear for Women",
        "images": [
            {
                "perspective": "left",
                "sizes": [
                    {
                        "size": "xlarge",
                        "url": "https://www.kroger.com/product/images/xlarge/left/0003600012537"
                    },
                    {
                        "size": "large",
                        "url": "https://www.kroger.com/product/images/large/left/0003600012537"
                    },
                    {
                        "size": "medium",
                        "url": "https://www.kroger.com/product/images/medium/left/0003600012537"
                    },
                    {
                        "size": "small",
                        "url": "https://www.kroger.com/product/images/small/left/0003600012537"
                    },
                    {
                        "size": "thumbnail",
                        "url": "https://www.kroger.com/product/images/thumbnail/left/0003600012537"
                    }
                ]
            },
            {
                "perspective": "front",
                "featured": true,
                "sizes": [
                    {
                        "size": "xlarge",
                        "url": "https://www.kroger.com/product/images/xlarge/front/0003600012537"
                    },
                    {
                        "size": "large",
                        "url": "https://www.kroger.com/product/images/large/front/0003600012537"
                    },
                    {
                        "size": "medium",
                        "url": "https://www.kroger.com/product/images/medium/front/0003600012537"
                    },
                    {
                        "size": "small",
                        "url": "https://www.kroger.com/product/images/small/front/0003600012537"
                    },
                    {
                        "size": "thumbnail",
                        "url": "https://www.kroger.com/product/images/thumbnail/front/0003600012537"
                    }
                ]
            },
            {
                "perspective": "right",
                "sizes": [
                    {
                        "size": "xlarge",
                        "url": "https://www.kroger.com/product/images/xlarge/right/0003600012537"
                    },
                    {
                        "size": "large",
                        "url": "https://www.kroger.com/product/images/large/right/0003600012537"
                    },
                    {
                        "size": "medium",
                        "url": "https://www.kroger.com/product/images/medium/right/0003600012537"
                    },
                    {
                        "size": "small",
                        "url": "https://www.kroger.com/product/images/small/right/0003600012537"
                    },
                    {
                        "size": "thumbnail",
                        "url": "https://www.kroger.com/product/images/thumbnail/right/0003600012537"
                    }
                ]
            }
        ],
        "items": [
            {
                "itemId": "0003600012537",
                "inventory": {
                    "stockLevel": "LOW"
                },
                "favorite": false,
                "fulfillment": {
                    "curbside": true,
                    "delivery": true,
                    "inStore": true,
                    "shipToHome": false
                },
                "price": {
                    "regular": 22.99,
                    "promo": 0
                },
                "size": "28 ct",
                "soldBy": "UNIT"
            }
        ],
        "itemInformation": {
            "depth": "5.7",
            "height": "17.0",
            "width": "8.07"
        },
        "temperature": {
            "indicator": "Ambient",
            "heatSensitive": false
        }
    },
    {
        "productId": "0003600047920",
        "upc": "0003600047920",
        "productPageURI": "/p/depend-fit-flex-adult-incontinence-underwear-for-women/0003600047920?cid=dis.api.tpi_products-api_20240521_b:all_c:np_t:lookupproduct-243261",
        "aisleLocations": [
            {
                "bayNumber": "3",
                "description": "AISLE 25",
                "number": "25",
                "numberOfFacings": "1",
                "side": "L",
                "shelfNumber": "3",
                "shelfPositionInBay": "4"
            }
        ],
        "brand": "Depend",
        "categories": [
            "Personal Care"
        ],
        "countryOrigin": "UNITED STATES",
        "description": "Depend FIT FLEX Adult Incontinence Underwear for Women",
        "images": [
            {
                "perspective": "left",
                "sizes": [
                    {
                        "size": "xlarge",
                        "url": "https://www.kroger.com/product/images/xlarge/left/0003600047920"
                    },
                    {
                        "size": "large",
                        "url": "https://www.kroger.com/product/images/large/left/0003600047920"
                    },
                    {
                        "size": "medium",
                        "url": "https://www.kroger.com/product/images/medium/left/0003600047920"
                    },
                    {
                        "size": "small",
                        "url": "https://www.kroger.com/product/images/small/left/0003600047920"
                    },
                    {
                        "size": "thumbnail",
                        "url": "https://www.kroger.com/product/images/thumbnail/left/0003600047920"
                    }
                ]
            },
            {
                "perspective": "right",
                "sizes": [
                    {
                        "size": "xlarge",
                        "url": "https://www.kroger.com/product/images/xlarge/right/0003600047920"
                    },
                    {
                        "size": "large",
                        "url": "https://www.kroger.com/product/images/large/right/0003600047920"
                    },
                    {
                        "size": "medium",
                        "url": "https://www.kroger.com/product/images/medium/right/0003600047920"
                    },
                    {
                        "size": "small",
                        "url": "https://www.kroger.com/product/images/small/right/0003600047920"
                    },
                    {
                        "size": "thumbnail",
                        "url": "https://www.kroger.com/product/images/thumbnail/right/0003600047920"
                    }
                ]
            },
            {
                "perspective": "front",
                "featured": true,
                "sizes": [
                    {
                        "size": "xlarge",
                        "url": "https://www.kroger.com/product/images/xlarge/front/0003600047920"
                    },
                    {
                        "size": "large",
                        "url": "https://www.kroger.com/product/images/large/front/0003600047920"
                    },
                    {
                        "size": "medium",
                        "url": "https://www.kroger.com/product/images/medium/front/0003600047920"
                    },
                    {
                        "size": "small",
                        "url": "https://www.kroger.com/product/images/small/front/0003600047920"
                    },
                    {
                        "size": "thumbnail",
                        "url": "https://www.kroger.com/product/images/thumbnail/front/0003600047920"
                    }
                ]
            }
        ],
        "items": [
            {
                "itemId": "0003600047920",
                "inventory": {
                    "stockLevel": "TEMPORARILY_OUT_OF_STOCK"
                },
                "favorite": false,
                "fulfillment": {
                    "curbside": true,
                    "delivery": true,
                    "inStore": true,
                    "shipToHome": false
                },
                "price": {
                    "regular": 22.99,
                    "promo": 0
                },
                "size": "32 ct",
                "soldBy": "UNIT"
            }
        ],
        "itemInformation": {
            "depth": "5.59",
            "height": "15.35",
            "width": "8.15"
        },
        "temperature": {
            "indicator": "Ambient",
            "heatSensitive": false
        }
    },
    {
        "productId": "0004126001022",
        "upc": "0004126001022",
        "productPageURI": "/p/kroger-maximum-absorbency-xl-women-s-underwear/0004126001022?cid=dis.api.tpi_products-api_20240521_b:all_c:np_t:lookupproduct-243261",
        "aisleLocations": [
            {
                "bayNumber": "3",
                "description": "AISLE 25",
                "number": "25",
                "numberOfFacings": "1",
                "side": "L",
                "shelfNumber": "2",
                "shelfPositionInBay": "2"
            }
        ],
        "brand": "Kroger",
        "categories": [
            "Personal Care"
        ],
        "description": "Kroger\u00ae Maximum Absorbency XL Women's Underwear",
        "images": [
            {
                "perspective": "right",
                "sizes": [
                    {
                        "size": "xlarge",
                        "url": "https://www.kroger.com/product/images/xlarge/right/0004126001022"
                    },
                    {
                        "size": "large",
                        "url": "https://www.kroger.com/product/images/large/right/0004126001022"
                    },
                    {
                        "size": "medium",
                        "url": "https://www.kroger.com/product/images/medium/right/0004126001022"
                    },
                    {
                        "size": "small",
                        "url": "https://www.kroger.com/product/images/small/right/0004126001022"
                    },
                    {
                        "size": "thumbnail",
                        "url": "https://www.kroger.com/product/images/thumbnail/right/0004126001022"
                    }
                ]
            },
            {
                "perspective": "front",
                "featured": true,
                "sizes": [
                    {
                        "size": "xlarge",
                        "url": "https://www.kroger.com/product/images/xlarge/front/0004126001022"
                    },
                    {
                        "size": "large",
                        "url": "https://www.kroger.com/product/images/large/front/0004126001022"
                    },
                    {
                        "size": "medium",
                        "url": "https://www.kroger.com/product/images/medium/front/0004126001022"
                    },
                    {
                        "size": "small",
                        "url": "https://www.kroger.com/product/images/small/front/0004126001022"
                    },
                    {
                        "size": "thumbnail",
                        "url": "https://www.kroger.com/product/images/thumbnail/front/0004126001022"
                    }
                ]
            },
            {
                "perspective": "back",
                "sizes": [
                    {
                        "size": "xlarge",
                        "url": "https://www.kroger.com/product/images/xlarge/back/0004126001022"
                    },
                    {
                        "size": "large",
                        "url": "https://www.kroger.com/product/images/large/back/0004126001022"
                    },
                    {
                        "size": "medium",
                        "url": "https://www.kroger.com/product/images/medium/back/0004126001022"
                    },
                    {
                        "size": "small",
                        "url": "https://www.kroger.com/product/images/small/back/0004126001022"
                    },
                    {
                        "size": "thumbnail",
                        "url": "https://www.kroger.com/product/images/thumbnail/back/0004126001022"
                    }
                ]
            },
            {
                "perspective": "bottom",
                "sizes": [
                    {
                        "size": "xlarge",
                        "url": "https://www.kroger.com/product/images/xlarge/bottom/0004126001022"
                    },
                    {
                        "size": "large",
                        "url": "https://www.kroger.com/product/images/large/bottom/0004126001022"
                    },
                    {
                        "size": "medium",
                        "url": "https://www.kroger.com/product/images/medium/bottom/0004126001022"
                    },
                    {
                        "size": "small",
                        "url": "https://www.kroger.com/product/images/small/bottom/0004126001022"
                    },
                    {
                        "size": "thumbnail",
                        "url": "https://www.kroger.com/product/images/thumbnail/bottom/0004126001022"
                    }
                ]
            },
            {
                "perspective": "top",
                "sizes": [
                    {
                        "size": "xlarge",
                        "url": "https://www.kroger.com/product/images/xlarge/top/0004126001022"
                    },
                    {
                        "size": "large",
                        "url": "https://www.kroger.com/product/images/large/top/0004126001022"
                    },
                    {
                        "size": "medium",
                        "url": "https://www.kroger.com/product/images/medium/top/0004126001022"
                    },
                    {
                        "size": "small",
                        "url": "https://www.kroger.com/product/images/small/top/0004126001022"
                    },
                    {
                        "size": "thumbnail",
                        "url": "https://www.kroger.com/product/images/thumbnail/top/0004126001022"
                    }
                ]
            },
            {
                "perspective": "left",
                "sizes": [
                    {
                        "size": "xlarge",
                        "url": "https://www.kroger.com/product/images/xlarge/left/0004126001022"
                    },
                    {
                        "size": "large",
                        "url": "https://www.kroger.com/product/images/large/left/0004126001022"
                    },
                    {
                        "size": "medium",
                        "url": "https://www.kroger.com/product/images/medium/left/0004126001022"
                    },
                    {
                        "size": "small",
                        "url": "https://www.kroger.com/product/images/small/left/0004126001022"
                    },
                    {
                        "size": "thumbnail",
                        "url": "https://www.kroger.com/product/images/thumbnail/left/0004126001022"
                    }
                ]
            }
        ],
        "items": [
            {
                "itemId": "0004126001022",
                "inventory": {
                    "stockLevel": "HIGH"
                },
                "favorite": false,
                "fulfillment": {
                    "curbside": true,
                    "delivery": true,
                    "inStore": true,
                    "shipToHome": false
                },
                "price": {
                    "regular": 9.49,
                    "promo": 0
                },
                "size": "14 ct",
                "soldBy": "UNIT"
            }
        ],
        "itemInformation": {},
        "temperature": {
            "indicator": "Ambient",
            "heatSensitive": false
        }
    },
    {
        "productId": "0003600047927",
        "upc": "0003600047927",
        "productPageURI": "/p/depend-fit-flex-maximum-absorbency-size-large-incontinence-underwear-for-men/0003600047927?cid=dis.api.tpi_products-api_20240521_b:all_c:np_t:lookupproduct-243261",
        "aisleLocations": [
            {
                "bayNumber": "3",
                "description": "AISLE 25",
                "number": "25",
                "numberOfFacings": "1",
                "side": "L",
                "shelfNumber": "5",
                "shelfPositionInBay": "3"
            }
        ],
        "brand": "Depend",
        "categories": [
            "Personal Care",
            "Personal Care"
        ],
        "countryOrigin": "UNITED STATES",
        "description": "Depend FIT-FLEX Maximum Absorbency Size Large Incontinence Underwear for Men",
        "images": [
            {
                "perspective": "left",
                "sizes": [
                    {
                        "size": "xlarge",
                        "url": "https://www.kroger.com/product/images/xlarge/left/0003600047927"
                    },
                    {
                        "size": "large",
                        "url": "https://www.kroger.com/product/images/large/left/0003600047927"
                    },
                    {
                        "size": "medium",
                        "url": "https://www.kroger.com/product/images/medium/left/0003600047927"
                    },
                    {
                        "size": "small",
                        "url": "https://www.kroger.com/product/images/small/left/0003600047927"
                    },
                    {
                        "size": "thumbnail",
                        "url": "https://www.kroger.com/product/images/thumbnail/left/0003600047927"
                    }
                ]
            },
            {
                "perspective": "front",
                "featured": true,
                "sizes": [
                    {
                        "size": "xlarge",
                        "url": "https://www.kroger.com/product/images/xlarge/front/0003600047927"
                    },
                    {
                        "size": "large",
                        "url": "https://www.kroger.com/product/images/large/front/0003600047927"
                    },
                    {
                        "size": "medium",
                        "url": "https://www.kroger.com/product/images/medium/front/0003600047927"
                    },
                    {
                        "size": "small",
                        "url": "https://www.kroger.com/product/images/small/front/0003600047927"
                    },
                    {
                        "size": "thumbnail",
                        "url": "https://www.kroger.com/product/images/thumbnail/front/0003600047927"
                    }
                ]
            },
            {
                "perspective": "right",
                "sizes": [
                    {
                        "size": "xlarge",
                        "url": "https://www.kroger.com/product/images/xlarge/right/0003600047927"
                    },
                    {
                        "size": "large",
                        "url": "https://www.kroger.com/product/images/large/right/0003600047927"
                    },
                    {
                        "size": "medium",
                        "url": "https://www.kroger.com/product/images/medium/right/0003600047927"
                    },
                    {
                        "size": "small",
                        "url": "https://www.kroger.com/product/images/small/right/0003600047927"
                    },
                    {
                        "size": "thumbnail",
                        "url": "https://www.kroger.com/product/images/thumbnail/right/0003600047927"
                    }
                ]
            }
        ],
        "items": [
            {
                "itemId": "0003600047927",
                "inventory": {
                    "stockLevel": "LOW"
                },
                "favorite": false,
                "fulfillment": {
                    "curbside": true,
                    "delivery": true,
                    "inStore": true,
                    "shipToHome": false
                },
                "price": {
                    "regular": 22.99,
                    "promo": 0
                },
                "size": "28 ct",
                "soldBy": "UNIT"
            }
        ],
        "itemInformation": {
            "depth": "5.7",
            "height": "17.0",
            "width": "8.07"
        },
        "temperature": {
            "indicator": "Ambient",
            "heatSensitive": false
        }
    },
    {
        "productId": "0004126038233",
        "upc": "0004126038233",
        "productPageURI": "/p/kroger-s-m-maximum-absorbency-underwear-for-women/0004126038233?cid=dis.api.tpi_products-api_20240521_b:all_c:np_t:lookupproduct-243261",
        "aisleLocations": [
            {
                "bayNumber": "2",
                "description": "AISLE 25",
                "number": "25",
                "numberOfFacings": "1",
                "side": "L",
                "shelfNumber": "3",
                "shelfPositionInBay": "5"
            }
        ],
        "brand": "Kroger",
        "categories": [
            "Personal Care"
        ],
        "description": "Kroger\u00ae S/M Maximum Absorbency Underwear for Women",
        "images": [
            {
                "perspective": "front",
                "featured": true,
                "sizes": [
                    {
                        "size": "xlarge",
                        "url": "https://www.kroger.com/product/images/xlarge/front/0004126038233"
                    },
                    {
                        "size": "large",
                        "url": "https://www.kroger.com/product/images/large/front/0004126038233"
                    },
                    {
                        "size": "medium",
                        "url": "https://www.kroger.com/product/images/medium/front/0004126038233"
                    },
                    {
                        "size": "small",
                        "url": "https://www.kroger.com/product/images/small/front/0004126038233"
                    },
                    {
                        "size": "thumbnail",
                        "url": "https://www.kroger.com/product/images/thumbnail/front/0004126038233"
                    }
                ]
            },
            {
                "perspective": "back",
                "sizes": [
                    {
                        "size": "xlarge",
                        "url": "https://www.kroger.com/product/images/xlarge/back/0004126038233"
                    },
                    {
                        "size": "large",
                        "url": "https://www.kroger.com/product/images/large/back/0004126038233"
                    },
                    {
                        "size": "medium",
                        "url": "https://www.kroger.com/product/images/medium/back/0004126038233"
                    },
                    {
                        "size": "small",
                        "url": "https://www.kroger.com/product/images/small/back/0004126038233"
                    },
                    {
                        "size": "thumbnail",
                        "url": "https://www.kroger.com/product/images/thumbnail/back/0004126038233"
                    }
                ]
            },
            {
                "perspective": "right",
                "sizes": [
                    {
                        "size": "large",
                        "url": "https://www.kroger.com/product/images/large/right/0004126038233"
                    },
                    {
                        "size": "medium",
                        "url": "https://www.kroger.com/product/images/medium/right/0004126038233"
                    },
                    {
                        "size": "small",
                        "url": "https://www.kroger.com/product/images/small/right/0004126038233"
                    },
                    {
                        "size": "thumbnail",
                        "url": "https://www.kroger.com/product/images/thumbnail/right/0004126038233"
                    }
                ]
            },
            {
                "perspective": "left",
                "sizes": [
                    {
                        "size": "xlarge",
                        "url": "https://www.kroger.com/product/images/xlarge/left/0004126038233"
                    },
                    {
                        "size": "large",
                        "url": "https://www.kroger.com/product/images/large/left/0004126038233"
                    },
                    {
                        "size": "medium",
                        "url": "https://www.kroger.com/product/images/medium/left/0004126038233"
                    },
                    {
                        "size": "small",
                        "url": "https://www.kroger.com/product/images/small/left/0004126038233"
                    },
                    {
                        "size": "thumbnail",
                        "url": "https://www.kroger.com/product/images/thumbnail/left/0004126038233"
                    }
                ]
            }
        ],
        "items": [
            {
                "itemId": "0004126038233",
                "inventory": {
                    "stockLevel": "TEMPORARILY_OUT_OF_STOCK"
                },
                "favorite": false,
                "fulfillment": {
                    "curbside": true,
                    "delivery": true,
                    "inStore": true,
                    "shipToHome": false
                },
                "price": {
                    "regular": 16.99,
                    "promo": 0
                },
                "size": "36 ct",
                "soldBy": "UNIT"
            }
        ],
        "itemInformation": {},
        "temperature": {
            "indicator": "Ambient",
            "heatSensitive": false
        }
    },
    {
        "productId": "0003700088736",
        "upc": "0003700088736",
        "productPageURI": "/p/always-discreet-women-s-maximum-protection-small-medium-incontinence-underwear-19-count/0003700088736?cid=dis.api.tpi_products-api_20240521_b:all_c:np_t:lookupproduct-243261",
        "aisleLocations": [
            {
                "bayNumber": "2",
                "description": "AISLE 25",
                "number": "25",
                "numberOfFacings": "1",
                "side": "L",
                "shelfNumber": "4",
                "shelfPositionInBay": "5"
            }
        ],
        "brand": "Always",
        "categories": [
            "Personal Care"
        ],
        "description": "Always Discreet Women's Maximum Protection Small/Medium Incontinence Underwear 19 Count",
        "images": [
            {
                "perspective": "right",
                "sizes": [
                    {
                        "size": "xlarge",
                        "url": "https://www.kroger.com/product/images/xlarge/right/0003700088736"
                    },
                    {
                        "size": "large",
                        "url": "https://www.kroger.com/product/images/large/right/0003700088736"
                    },
                    {
                        "size": "medium",
                        "url": "https://www.kroger.com/product/images/medium/right/0003700088736"
                    },
                    {
                        "size": "small",
                        "url": "https://www.kroger.com/product/images/small/right/0003700088736"
                    },
                    {
                        "size": "thumbnail",
                        "url": "https://www.kroger.com/product/images/thumbnail/right/0003700088736"
                    }
                ]
            },
            {
                "perspective": "front",
                "featured": true,
                "sizes": [
                    {
                        "size": "xlarge",
                        "url": "https://www.kroger.com/product/images/xlarge/front/0003700088736"
                    },
                    {
                        "size": "large",
                        "url": "https://www.kroger.com/product/images/large/front/0003700088736"
                    },
                    {
                        "size": "medium",
                        "url": "https://www.kroger.com/product/images/medium/front/0003700088736"
                    },
                    {
                        "size": "small",
                        "url": "https://www.kroger.com/product/images/small/front/0003700088736"
                    },
                    {
                        "size": "thumbnail",
                        "url": "https://www.kroger.com/product/images/thumbnail/front/0003700088736"
                    }
                ]
            }
        ],
        "items": [
            {
                "itemId": "0003700088736",
                "inventory": {
                    "stockLevel": "HIGH"
                },
                "favorite": false,
                "fulfillment": {
                    "curbside": true,
                    "delivery": true,
                    "inStore": true,
                    "shipToHome": false
                },
                "price": {
                    "regular": 15.99,
                    "promo": 0
                },
                "size": "19 ct",
                "soldBy": "UNIT"
            }
        ],
        "itemInformation": {
            "depth": "5.63",
            "height": "7.37",
            "width": "11.25"
        },
        "temperature": {
            "indicator": "Ambient",
            "heatSensitive": false
        }
    },
    {
        "productId": "0004126038234",
        "upc": "0004126038234",
        "productPageURI": "/p/kroger-large-maximum-hold-woman-s-underwear/0004126038234?cid=dis.api.tpi_products-api_20240521_b:all_c:np_t:lookupproduct-243261",
        "aisleLocations": [
            {
                "bayNumber": "2",
                "description": "AISLE 25",
                "number": "25",
                "numberOfFacings": "1",
                "side": "L",
                "shelfNumber": "2",
                "shelfPositionInBay": "6"
            }
        ],
        "brand": "Kroger",
        "categories": [
            "Personal Care"
        ],
        "description": "Kroger\u00ae Large Maximum Hold Woman's Underwear",
        "images": [
            {
                "perspective": "back",
                "sizes": [
                    {
                        "size": "xlarge",
                        "url": "https://www.kroger.com/product/images/xlarge/back/0004126038234"
                    },
                    {
                        "size": "large",
                        "url": "https://www.kroger.com/product/images/large/back/0004126038234"
                    },
                    {
                        "size": "medium",
                        "url": "https://www.kroger.com/product/images/medium/back/0004126038234"
                    },
                    {
                        "size": "small",
                        "url": "https://www.kroger.com/product/images/small/back/0004126038234"
                    },
                    {
                        "size": "thumbnail",
                        "url": "https://www.kroger.com/product/images/thumbnail/back/0004126038234"
                    }
                ]
            },
            {
                "perspective": "right",
                "sizes": [
                    {
                        "size": "xlarge",
                        "url": "https://www.kroger.com/product/images/xlarge/right/0004126038234"
                    },
                    {
                        "size": "large",
                        "url": "https://www.kroger.com/product/images/large/right/0004126038234"
                    },
                    {
                        "size": "medium",
                        "url": "https://www.kroger.com/product/images/medium/right/0004126038234"
                    },
                    {
                        "size": "small",
                        "url": "https://www.kroger.com/product/images/small/right/0004126038234"
                    },
                    {
                        "size": "thumbnail",
                        "url": "https://www.kroger.com/product/images/thumbnail/right/0004126038234"
                    }
                ]
            },
            {
                "perspective": "front",
                "featured": true,
                "sizes": [
                    {
                        "size": "xlarge",
                        "url": "https://www.kroger.com/product/images/xlarge/front/0004126038234"
                    },
                    {
                        "size": "large",
                        "url": "https://www.kroger.com/product/images/large/front/0004126038234"
                    },
                    {
                        "size": "medium",
                        "url": "https://www.kroger.com/product/images/medium/front/0004126038234"
                    },
                    {
                        "size": "small",
                        "url": "https://www.kroger.com/product/images/small/front/0004126038234"
                    },
                    {
                        "size": "thumbnail",
                        "url": "https://www.kroger.com/product/images/thumbnail/front/0004126038234"
                    }
                ]
            },
            {
                "perspective": "left",
                "sizes": [
                    {
                        "size": "xlarge",
                        "url": "https://www.kroger.com/product/images/xlarge/left/0004126038234"
                    },
                    {
                        "size": "large",
                        "url": "https://www.kroger.com/product/images/large/left/0004126038234"
                    },
                    {
                        "size": "medium",
                        "url": "https://www.kroger.com/product/images/medium/left/0004126038234"
                    },
                    {
                        "size": "small",
                        "url": "https://www.kroger.com/product/images/small/left/0004126038234"
                    },
                    {
                        "size": "thumbnail",
                        "url": "https://www.kroger.com/product/images/thumbnail/left/0004126038234"
                    }
                ]
            },
            {
                "perspective": "top",
                "sizes": [
                    {
                        "size": "xlarge",
                        "url": "https://www.kroger.com/product/images/xlarge/top/0004126038234"
                    },
                    {
                        "size": "large",
                        "url": "https://www.kroger.com/product/images/large/top/0004126038234"
                    },
                    {
                        "size": "medium",
                        "url": "https://www.kroger.com/product/images/medium/top/0004126038234"
                    },
                    {
                        "size": "small",
                        "url": "https://www.kroger.com/product/images/small/top/0004126038234"
                    },
                    {
                        "size": "thumbnail",
                        "url": "https://www.kroger.com/product/images/thumbnail/top/0004126038234"
                    }
                ]
            }
        ],
        "items": [
            {
                "itemId": "0004126038234",
                "inventory": {
                    "stockLevel": "TEMPORARILY_OUT_OF_STOCK"
                },
                "favorite": false,
                "fulfillment": {
                    "curbside": true,
                    "delivery": true,
                    "inStore": true,
                    "shipToHome": false
                },
                "price": {
                    "regular": 16.99,
                    "promo": 0
                },
                "size": "32 ct",
                "soldBy": "UNIT"
            }
        ],
        "itemInformation": {},
        "temperature": {
            "indicator": "Ambient",
            "heatSensitive": false
        }
    },
    {
        "productId": "0003700088757",
        "upc": "0003700088757",
        "productPageURI": "/p/always-discreet-maximum-absorbency-size-larger-incontinence-underwear/0003700088757?cid=dis.api.tpi_products-api_20240521_b:all_c:np_t:lookupproduct-243261",
        "aisleLocations": [
            {
                "bayNumber": "2",
                "description": "AISLE 25",
                "number": "25",
                "numberOfFacings": "1",
                "side": "L",
                "shelfNumber": "3",
                "shelfPositionInBay": "4"
            }
        ],
        "brand": "Always",
        "categories": [
            "Personal Care"
        ],
        "countryOrigin": "CANADA",
        "description": "Always Discreet Maximum Absorbency Size Larger Incontinence Underwear",
        "images": [
            {
                "perspective": "right",
                "sizes": [
                    {
                        "size": "xlarge",
                        "url": "https://www.kroger.com/product/images/xlarge/right/0003700088757"
                    },
                    {
                        "size": "large",
                        "url": "https://www.kroger.com/product/images/large/right/0003700088757"
                    },
                    {
                        "size": "medium",
                        "url": "https://www.kroger.com/product/images/medium/right/0003700088757"
                    },
                    {
                        "size": "small",
                        "url": "https://www.kroger.com/product/images/small/right/0003700088757"
                    },
                    {
                        "size": "thumbnail",
                        "url": "https://www.kroger.com/product/images/thumbnail/right/0003700088757"
                    }
                ]
            },
            {
                "perspective": "front",
                "featured": true,
                "sizes": [
                    {
                        "size": "xlarge",
                        "url": "https://www.kroger.com/product/images/xlarge/front/0003700088757"
                    },
                    {
                        "size": "large",
                        "url": "https://www.kroger.com/product/images/large/front/0003700088757"
                    },
                    {
                        "size": "medium",
                        "url": "https://www.kroger.com/product/images/medium/front/0003700088757"
                    },
                    {
                        "size": "small",
                        "url": "https://www.kroger.com/product/images/small/front/0003700088757"
                    },
                    {
                        "size": "thumbnail",
                        "url": "https://www.kroger.com/product/images/thumbnail/front/0003700088757"
                    }
                ]
            }
        ],
        "items": [
            {
                "itemId": "0003700088757",
                "inventory": {
                    "stockLevel": "HIGH"
                },
                "favorite": false,
                "fulfillment": {
                    "curbside": true,
                    "delivery": true,
                    "inStore": true,
                    "shipToHome": false
                },
                "price": {
                    "regular": 15.99,
                    "promo": 0
                },
                "size": "17 ct",
                "soldBy": "UNIT"
            }
        ],
        "itemInformation": {
            "depth": "5.91",
            "height": "8.35",
            "width": "11.22"
        },
        "temperature": {
            "indicator": "Ambient",
            "heatSensitive": false
        }
    },
    {
        "productId": "0003600047918",
        "upc": "0003600047918",
        "productPageURI": "/p/depend-night-defense-overnight-absorbency-size-medium-incontinence-underwear-for-women/0003600047918?cid=dis.api.tpi_products-api_20240521_b:all_c:np_t:lookupproduct-243261",
        "aisleLocations": [
            {
                "bayNumber": "3",
                "description": "AISLE 25",
                "number": "25",
                "numberOfFacings": "1",
                "side": "L",
                "shelfNumber": "4",
                "shelfPositionInBay": "2"
            }
        ],
        "brand": "Depend",
        "categories": [
            "Personal Care"
        ],
        "description": "Depend Night Defense Overnight Absorbency Size Medium Incontinence Underwear for Women",
        "images": [
            {
                "perspective": "left",
                "sizes": [
                    {
                        "size": "xlarge",
                        "url": "https://www.kroger.com/product/images/xlarge/left/0003600047918"
                    },
                    {
                        "size": "large",
                        "url": "https://www.kroger.com/product/images/large/left/0003600047918"
                    },
                    {
                        "size": "medium",
                        "url": "https://www.kroger.com/product/images/medium/left/0003600047918"
                    },
                    {
                        "size": "small",
                        "url": "https://www.kroger.com/product/images/small/left/0003600047918"
                    },
                    {
                        "size": "thumbnail",
                        "url": "https://www.kroger.com/product/images/thumbnail/left/0003600047918"
                    }
                ]
            },
            {
                "perspective": "front",
                "featured": true,
                "sizes": [
                    {
                        "size": "xlarge",
                        "url": "https://www.kroger.com/product/images/xlarge/front/0003600047918"
                    },
                    {
                        "size": "large",
                        "url": "https://www.kroger.com/product/images/large/front/0003600047918"
                    },
                    {
                        "size": "medium",
                        "url": "https://www.kroger.com/product/images/medium/front/0003600047918"
                    },
                    {
                        "size": "small",
                        "url": "https://www.kroger.com/product/images/small/front/0003600047918"
                    },
                    {
                        "size": "thumbnail",
                        "url": "https://www.kroger.com/product/images/thumbnail/front/0003600047918"
                    }
                ]
            },
            {
                "perspective": "right",
                "sizes": [
                    {
                        "size": "xlarge",
                        "url": "https://www.kroger.com/product/images/xlarge/right/0003600047918"
                    },
                    {
                        "size": "large",
                        "url": "https://www.kroger.com/product/images/large/right/0003600047918"
                    },
                    {
                        "size": "medium",
                        "url": "https://www.kroger.com/product/images/medium/right/0003600047918"
                    },
                    {
                        "size": "small",
                        "url": "https://www.kroger.com/product/images/small/right/0003600047918"
                    },
                    {
                        "size": "thumbnail",
                        "url": "https://www.kroger.com/product/images/thumbnail/right/0003600047918"
                    }
                ]
            }
        ],
        "items": [
            {
                "itemId": "0003600047918",
                "inventory": {
                    "stockLevel": "HIGH"
                },
                "favorite": false,
                "fulfillment": {
                    "curbside": true,
                    "delivery": true,
                    "inStore": true,
                    "shipToHome": false
                },
                "price": {
                    "regular": 15.99,
                    "promo": 0
                },
                "size": "15 ct",
                "soldBy": "UNIT"
            }
        ],
        "itemInformation": {},
        "temperature": {
            "indicator": "Ambient",
            "heatSensitive": false
        }
    },
    {
        "productId": "0004126001020",
        "upc": "0004126001020",
        "productPageURI": "/p/kroger-women-s-s-m-maximum-protection-underwear/0004126001020?cid=dis.api.tpi_products-api_20240521_b:all_c:np_t:lookupproduct-243261",
        "aisleLocations": [
            {
                "bayNumber": "3",
                "description": "AISLE 25",
                "number": "25",
                "numberOfFacings": "1",
                "side": "L",
                "shelfNumber": "3",
                "shelfPositionInBay": "1"
            }
        ],
        "brand": "Kroger",
        "categories": [
            "Personal Care"
        ],
        "countryOrigin": "UNITED STATES",
        "description": "Kroger\u00ae Women's S/M Maximum Protection Underwear",
        "images": [
            {
                "perspective": "front",
                "featured": true,
                "sizes": [
                    {
                        "size": "xlarge",
                        "url": "https://www.kroger.com/product/images/xlarge/front/0004126001020"
                    },
                    {
                        "size": "large",
                        "url": "https://www.kroger.com/product/images/large/front/0004126001020"
                    },
                    {
                        "size": "medium",
                        "url": "https://www.kroger.com/product/images/medium/front/0004126001020"
                    },
                    {
                        "size": "small",
                        "url": "https://www.kroger.com/product/images/small/front/0004126001020"
                    },
                    {
                        "size": "thumbnail",
                        "url": "https://www.kroger.com/product/images/thumbnail/front/0004126001020"
                    }
                ]
            },
            {
                "perspective": "back",
                "sizes": [
                    {
                        "size": "xlarge",
                        "url": "https://www.kroger.com/product/images/xlarge/back/0004126001020"
                    },
                    {
                        "size": "large",
                        "url": "https://www.kroger.com/product/images/large/back/0004126001020"
                    },
                    {
                        "size": "medium",
                        "url": "https://www.kroger.com/product/images/medium/back/0004126001020"
                    },
                    {
                        "size": "small",
                        "url": "https://www.kroger.com/product/images/small/back/0004126001020"
                    },
                    {
                        "size": "thumbnail",
                        "url": "https://www.kroger.com/product/images/thumbnail/back/0004126001020"
                    }
                ]
            },
            {
                "perspective": "bottom",
                "sizes": [
                    {
                        "size": "xlarge",
                        "url": "https://www.kroger.com/product/images/xlarge/bottom/0004126001020"
                    },
                    {
                        "size": "large",
                        "url": "https://www.kroger.com/product/images/large/bottom/0004126001020"
                    },
                    {
                        "size": "medium",
                        "url": "https://www.kroger.com/product/images/medium/bottom/0004126001020"
                    },
                    {
                        "size": "small",
                        "url": "https://www.kroger.com/product/images/small/bottom/0004126001020"
                    },
                    {
                        "size": "thumbnail",
                        "url": "https://www.kroger.com/product/images/thumbnail/bottom/0004126001020"
                    }
                ]
            },
            {
                "perspective": "left",
                "sizes": [
                    {
                        "size": "xlarge",
                        "url": "https://www.kroger.com/product/images/xlarge/left/0004126001020"
                    },
                    {
                        "size": "large",
                        "url": "https://www.kroger.com/product/images/large/left/0004126001020"
                    },
                    {
                        "size": "medium",
                        "url": "https://www.kroger.com/product/images/medium/left/0004126001020"
                    },
                    {
                        "size": "small",
                        "url": "https://www.kroger.com/product/images/small/left/0004126001020"
                    },
                    {
                        "size": "thumbnail",
                        "url": "https://www.kroger.com/product/images/thumbnail/left/0004126001020"
                    }
                ]
            },
            {
                "perspective": "top",
                "sizes": [
                    {
                        "size": "xlarge",
                        "url": "https://www.kroger.com/product/images/xlarge/top/0004126001020"
                    },
                    {
                        "size": "large",
                        "url": "https://www.kroger.com/product/images/large/top/0004126001020"
                    },
                    {
                        "size": "medium",
                        "url": "https://www.kroger.com/product/images/medium/top/0004126001020"
                    },
                    {
                        "size": "small",
                        "url": "https://www.kroger.com/product/images/small/top/0004126001020"
                    },
                    {
                        "size": "thumbnail",
                        "url": "https://www.kroger.com/product/images/thumbnail/top/0004126001020"
                    }
                ]
            }
        ],
        "items": [
            {
                "itemId": "0004126001020",
                "inventory": {
                    "stockLevel": "LOW"
                },
                "favorite": false,
                "fulfillment": {
                    "curbside": true,
                    "delivery": true,
                    "inStore": true,
                    "shipToHome": false
                },
                "price": {
                    "regular": 9.49,
                    "promo": 0
                },
                "size": "18 ct",
                "soldBy": "UNIT"
            }
        ],
        "itemInformation": {
            "depth": "5.63",
            "height": "8.75",
            "width": "11.25"
        },
        "temperature": {
            "indicator": "Ambient",
            "heatSensitive": false
        }
    },
    {
        "productId": "0003600051412",
        "upc": "0003600051412",
        "productPageURI": "/p/depend-silhouette-incontinence-underwear-for-women-maximum-absorbency-size-medium/0003600051412?cid=dis.api.tpi_products-api_20240521_b:all_c:np_t:lookupproduct-243261",
        "aisleLocations": [
            {
                "bayNumber": "2",
                "description": "AISLE 25",
                "number": "25",
                "numberOfFacings": "1",
                "side": "L",
                "shelfNumber": "4",
                "shelfPositionInBay": "6"
            }
        ],
        "brand": "Depend",
        "categories": [
            "Personal Care"
        ],
        "countryOrigin": "UNITED STATES",
        "description": "Depend Silhouette Incontinence Underwear for Women Maximum Absorbency Size Medium",
        "images": [
            {
                "perspective": "left",
                "sizes": [
                    {
                        "size": "xlarge",
                        "url": "https://www.kroger.com/product/images/xlarge/left/0003600051412"
                    },
                    {
                        "size": "large",
                        "url": "https://www.kroger.com/product/images/large/left/0003600051412"
                    },
                    {
                        "size": "medium",
                        "url": "https://www.kroger.com/product/images/medium/left/0003600051412"
                    },
                    {
                        "size": "small",
                        "url": "https://www.kroger.com/product/images/small/left/0003600051412"
                    },
                    {
                        "size": "thumbnail",
                        "url": "https://www.kroger.com/product/images/thumbnail/left/0003600051412"
                    }
                ]
            },
            {
                "perspective": "right",
                "sizes": [
                    {
                        "size": "xlarge",
                        "url": "https://www.kroger.com/product/images/xlarge/right/0003600051412"
                    },
                    {
                        "size": "large",
                        "url": "https://www.kroger.com/product/images/large/right/0003600051412"
                    },
                    {
                        "size": "medium",
                        "url": "https://www.kroger.com/product/images/medium/right/0003600051412"
                    },
                    {
                        "size": "small",
                        "url": "https://www.kroger.com/product/images/small/right/0003600051412"
                    },
                    {
                        "size": "thumbnail",
                        "url": "https://www.kroger.com/product/images/thumbnail/right/0003600051412"
                    }
                ]
            },
            {
                "perspective": "front",
                "featured": true,
                "sizes": [
                    {
                        "size": "xlarge",
                        "url": "https://www.kroger.com/product/images/xlarge/front/0003600051412"
                    },
                    {
                        "size": "large",
                        "url": "https://www.kroger.com/product/images/large/front/0003600051412"
                    },
                    {
                        "size": "medium",
                        "url": "https://www.kroger.com/product/images/medium/front/0003600051412"
                    },
                    {
                        "size": "small",
                        "url": "https://www.kroger.com/product/images/small/front/0003600051412"
                    },
                    {
                        "size": "thumbnail",
                        "url": "https://www.kroger.com/product/images/thumbnail/front/0003600051412"
                    }
                ]
            }
        ],
        "items": [
            {
                "itemId": "0003600051412",
                "inventory": {
                    "stockLevel": "HIGH"
                },
                "favorite": false,
                "fulfillment": {
                    "curbside": true,
                    "delivery": true,
                    "inStore": true,
                    "shipToHome": false
                },
                "price": {
                    "regular": 15.99,
                    "promo": 0
                },
                "size": "14 ct",
                "soldBy": "UNIT"
            }
        ],
        "itemInformation": {
            "depth": "5.5",
            "height": "9.88",
            "width": "8.15"
        },
        "temperature": {
            "indicator": "Ambient",
            "heatSensitive": false
        }
    },
    {
        "productId": "0003600050983",
        "upc": "0003600050983",
        "productPageURI": "/p/depend-real-fit-large-extra-large-maximum-absorbency-incontinence-briefs/0003600050983?cid=dis.api.tpi_products-api_20240521_b:all_c:np_t:lookupproduct-243261",
        "aisleLocations": [
            {
                "bayNumber": "3",
                "description": "AISLE 25",
                "number": "25",
                "numberOfFacings": "1",
                "side": "L",
                "shelfNumber": "4",
                "shelfPositionInBay": "4"
            }
        ],
        "brand": "Depend",
        "categories": [
            "Personal Care"
        ],
        "countryOrigin": "UNITED STATES",
        "description": "Depend Real Fit Large/Extra Large Maximum Absorbency Incontinence Briefs",
        "images": [
            {
                "perspective": "left",
                "sizes": [
                    {
                        "size": "xlarge",
                        "url": "https://www.kroger.com/product/images/xlarge/left/0003600050983"
                    },
                    {
                        "size": "large",
                        "url": "https://www.kroger.com/product/images/large/left/0003600050983"
                    },
                    {
                        "size": "medium",
                        "url": "https://www.kroger.com/product/images/medium/left/0003600050983"
                    },
                    {
                        "size": "small",
                        "url": "https://www.kroger.com/product/images/small/left/0003600050983"
                    },
                    {
                        "size": "thumbnail",
                        "url": "https://www.kroger.com/product/images/thumbnail/left/0003600050983"
                    }
                ]
            },
            {
                "perspective": "right",
                "sizes": [
                    {
                        "size": "xlarge",
                        "url": "https://www.kroger.com/product/images/xlarge/right/0003600050983"
                    },
                    {
                        "size": "large",
                        "url": "https://www.kroger.com/product/images/large/right/0003600050983"
                    },
                    {
                        "size": "medium",
                        "url": "https://www.kroger.com/product/images/medium/right/0003600050983"
                    },
                    {
                        "size": "small",
                        "url": "https://www.kroger.com/product/images/small/right/0003600050983"
                    },
                    {
                        "size": "thumbnail",
                        "url": "https://www.kroger.com/product/images/thumbnail/right/0003600050983"
                    }
                ]
            },
            {
                "perspective": "front",
                "featured": true,
                "sizes": [
                    {
                        "size": "xlarge",
                        "url": "https://www.kroger.com/product/images/xlarge/front/0003600050983"
                    },
                    {
                        "size": "large",
                        "url": "https://www.kroger.com/product/images/large/front/0003600050983"
                    },
                    {
                        "size": "medium",
                        "url": "https://www.kroger.com/product/images/medium/front/0003600050983"
                    },
                    {
                        "size": "small",
                        "url": "https://www.kroger.com/product/images/small/front/0003600050983"
                    },
                    {
                        "size": "thumbnail",
                        "url": "https://www.kroger.com/product/images/thumbnail/front/0003600050983"
                    }
                ]
            }
        ],
        "items": [
            {
                "itemId": "0003600050983",
                "favorite": false,
                "fulfillment": {
                    "curbside": true,
                    "delivery": true,
                    "inStore": true,
                    "shipToHome": false
                },
                "price": {
                    "regular": 15.99,
                    "promo": 0
                },
                "size": "12 ct",
                "soldBy": "UNIT"
            }
        ],
        "itemInformation": {
            "depth": "6.08",
            "height": "9.9",
            "width": "8.17"
        },
        "temperature": {
            "indicator": "Ambient",
            "heatSensitive": false
        }
    }
]