[
    {
        "productId": "0003160010211",
        "upc": "0003160010211",
        "productPageURI": "/p/kiwi-2-5-oz-paste-shoe-polish-in-black/0003160010211?cid=dis.api.tpi_products-api_20240521_b:all_c:np_t:lookupproduct-243261",
        "aisleLocations": [
            {
                "bayNumber": "999",
                "description": "FRONT-OTHER",
                "number": "150",
                "numberOfFacings": "1",
                "side": "R",
                "shelfNumber": "5",
                "shelfPositionInBay": "6"
            }
        ],
        "brand": "KIWI\u00ae",
        "categories": [
            "Apparel"
        ],
        "description": "Kiwi\ufffd 2.5 oz. Paste Shoe Polish in Black",
        "images": [
            {
                "perspective": "front",
                "featured": true,
                "sizes": [
                    {
                        "size": "xlarge",
                        "url": "https://www.kroger.com/product/images/xlarge/front/0003160010211"
                    },
                    {
                        "size": "large",
                        "url": "https://www.kroger.com/product/images/large/front/0003160010211"
                    },
                    {
                        "size": "medium",
                        "url": "https://www.kroger.com/product/images/medium/front/0003160010211"
                    },
                    {
                        "size": "small",
                        "url": "https://www.kroger.com/product/images/small/front/0003160010211"
                    },
                    {
                        "size": "thumbnail",
                        "url": "https://www.kroger.com/product/images/thumbnail/front/0003160010211"
                    }
                ]
            },
            {
                "perspective": "back",
                "sizes": [
                    {
                        "size": "xlarge",
                        "url": "https://www.kroger.com/product/images/xlarge/back/0003160010211"
                    },
                    {
                        "size": "large",
                        "url": "https://www.kroger.com/product/images/large/back/0003160010211"
                    },
                    {
                        "size": "medium",
                        "url": "https://www.kroger.com/product/images/medium/back/0003160010211"
                    },
                    {
                        "size": "small",
                        "url": "https://www.kroger.com/product/images/small/back/0003160010211"
                    },
                    {
                        "size": "thumbnail",
                        "url": "https://www.kroger.com/product/images/thumbnail/back/0003160010211"
                    }
                ]
            },
            {
                "perspective": "left",
                "sizes": [
                    {
                        "size": "large",
                        "url": "https://www.kroger.com/product/images/large/left/0003160010211"
                    },
                    {
                        "size": "medium",
                        "url": "https://www.kroger.com/product/images/medium/left/0003160010211"
                    },
                    {
                        "size": "small",
                        "url": "https://www.kroger.com/product/images/small/left/0003160010211"
                    },
                    {
                        "size": "thumbnail",
                        "url": "https://www.kroger.com/product/images/thumbnail/left/0003160010211"
                    }
                ]
            },
            {
                "perspective": "top",
                "sizes": [
                    {
                        "size": "large",
                        "url": "https://www.kroger.com/product/images/large/top/0003160010211"
                    },
                    {
                        "size": "medium",
                        "url": "https://www.kroger.com/product/images/medium/top/0003160010211"
                    },
                    {
                        "size": "small",
                        "url": "https://www.kroger.com/product/images/small/top/0003160010211"
                    },
                    {
                        "size": "thumbnail",
                        "url": "https://www.kroger.com/product/images/thumbnail/top/0003160010211"
                    }
                ]
            }
        ],
        "items": [
            {
                "itemId": "0003160010211",
                "inventory": {
                    "stockLevel": "HIGH"
                },
                "favorite": false,
                "fulfillment": {
                    "curbside": true,
                    "delivery": true,
                    "inStore": true,
                    "shipToHome": false
                },
                "size": "1"
            }
        ],
        "itemInformation": {
            "depth": "0.9",
            "height": "3.9",
            "width": "3.76"
        },
        "temperature": {
            "indicator": "Ambient",
            "heatSensitive": false
        }
    },
    {
        "productId": "0003160012800",
        "upc": "0003160012800",
        "productPageURI": "/p/kiwi-shoe-whitener/0003160012800?cid=dis.api.tpi_products-api_20240521_b:all_c:np_t:lookupproduct-243261",
        "aisleLocations": [],
        "brand": "KIWI\u00ae",
        "categories": [
            "Apparel"
        ],
        "description": "KIWI\u00ae Shoe Whitener",
        "images": [
            {
                "perspective": "back",
                "sizes": [
                    {
                        "size": "xlarge",
                        "url": "https://www.kroger.com/product/images/xlarge/back/0003160012800"
                    },
                    {
                        "size": "large",
                        "url": "https://www.kroger.com/product/images/large/back/0003160012800"
                    },
                    {
                        "size": "medium",
                        "url": "https://www.kroger.com/product/images/medium/back/0003160012800"
                    },
                    {
                        "size": "small",
                        "url": "https://www.kroger.com/product/images/small/back/0003160012800"
                    },
                    {
                        "size": "thumbnail",
                        "url": "https://www.kroger.com/product/images/thumbnail/back/0003160012800"
                    }
                ]
            },
            {
                "perspective": "right",
                "sizes": [
                    {
                        "size": "xlarge",
                        "url": "https://www.kroger.com/product/images/xlarge/right/0003160012800"
                    },
                    {
                        "size": "large",
                        "url": "https://www.kroger.com/product/images/large/right/0003160012800"
                    },
                    {
                        "size": "medium",
                        "url": "https://www.kroger.com/product/images/medium/right/0003160012800"
                    },
                    {
                        "size": "small",
                        "url": "https://www.kroger.com/product/images/small/right/0003160012800"
                    },
                    {
                        "size": "thumbnail",
                        "url": "https://www.kroger.com/product/images/thumbnail/right/0003160012800"
                    }
                ]
            },
            {
                "perspective": "front",
                "featured": true,
                "sizes": [
                    {
                        "size": "xlarge",
                        "url": "https://www.kroger.com/product/images/xlarge/front/0003160012800"
                    },
                    {
                        "size": "large",
                        "url": "https://www.kroger.com/product/images/large/front/0003160012800"
                    },
                    {
                        "size": "medium",
                        "url": "https://www.kroger.com/product/images/medium/front/0003160012800"
                    },
                    {
                        "size": "small",
                        "url": "https://www.kroger.com/product/images/small/front/0003160012800"
                    },
                    {
                        "size": "thumbnail",
                        "url": "https://www.kroger.com/product/images/thumbnail/front/0003160012800"
                    }
                ]
            },
            {
                "perspective": "left",
                "sizes": [
                    {
                        "size": "xlarge",
                        "url": "https://www.kroger.com/product/images/xlarge/left/0003160012800"
                    },
                    {
                        "size": "large",
                        "url": "https://www.kroger.com/product/images/large/left/0003160012800"
                    },
                    {
                        "size": "medium",
                        "url": "https://www.kroger.com/product/images/medium/left/0003160012800"
                    },
                    {
                        "size": "small",
                        "url": "https://www.kroger.com/product/images/small/left/0003160012800"
                    },
                    {
                        "size": "thumbnail",
                        "url": "https://www.kroger.com/product/images/thumbnail/left/0003160012800"
                    }
                ]
            }
        ],
        "items": [
            {
                "itemId": "0003160012800",
                "inventory": {
                    "stockLevel": "HIGH"
                },
                "favorite": false,
                "fulfillment": {
                    "curbside": true,
                    "delivery": true,
                    "inStore": true,
                    "shipToHome": false
                },
                "size": "4 oz"
            }
        ],
        "itemInformation": {},
        "temperature": {
            "indicator": "Ambient",
            "heatSensitive": false
        }
    },
    {
        "productId": "0003160019400",
        "upc": "0003160019400",
        "productPageURI": "/p/kiwi-horse-hair-shoe-shine-brush-natural/0003160019400?cid=dis.api.tpi_products-api_20240521_b:all_c:np_t:lookupproduct-243261",
        "aisleLocations": [],
        "brand": "KIWI\u00ae",
        "categories": [
            "Apparel"
        ],
        "description": "Kiwi Horse Hair Shoe Shine Brush - Natural",
        "images": [
            {
                "perspective": "front",
                "featured": true,
                "sizes": [
                    {
                        "size": "xlarge",
                        "url": "https://www.kroger.com/product/images/xlarge/front/0003160019400"
                    },
                    {
                        "size": "large",
                        "url": "https://www.kroger.com/product/images/large/front/0003160019400"
                    },
                    {
                        "size": "medium",
                        "url": "https://www.kroger.com/product/images/medium/front/0003160019400"
                    },
                    {
                        "size": "small",
                        "url": "https://www.kroger.com/product/images/small/front/0003160019400"
                    },
                    {
                        "size": "thumbnail",
                        "url": "https://www.kroger.com/product/images/thumbnail/front/0003160019400"
                    }
                ]
            },
            {
                "perspective": "back",
                "sizes": [
                    {
                        "size": "xlarge",
                        "url": "https://www.kroger.com/product/images/xlarge/back/0003160019400"
                    },
                    {
                        "size": "large",
                        "url": "https://www.kroger.com/product/images/large/back/0003160019400"
                    },
                    {
                        "size": "medium",
                        "url": "https://www.kroger.com/product/images/medium/back/0003160019400"
                    },
                    {
                        "size": "small",
                        "url": "https://www.kroger.com/product/images/small/back/0003160019400"
                    },
                    {
                        "size": "thumbnail",
                        "url": "https://www.kroger.com/product/images/thumbnail/back/0003160019400"
                    }
                ]
            },
            {
                "perspective": "bottom",
                "sizes": [
                    {
                        "size": "xlarge",
                        "url": "https://www.kroger.com/product/images/xlarge/bottom/0003160019400"
                    },
                    {
                        "size": "large",
                        "url": "https://www.kroger.com/product/images/large/bottom/0003160019400"
                    },
                    {
                        "size": "medium",
                        "url": "https://www.kroger.com/product/images/medium/bottom/0003160019400"
                    },
                    {
                        "size": "small",
                        "url": "https://www.kroger.com/product/images/small/bottom/0003160019400"
                    },
                    {
                        "size": "thumbnail",
                        "url": "https://www.kroger.com/product/images/thumbnail/bottom/0003160019400"
                    }
                ]
            }
        ],
        "items": [
            {
                "itemId": "0003160019400",
                "inventory": {
                    "stockLevel": "HIGH"
                },
                "favorite": false,
                "fulfillment": {
                    "curbside": true,
                    "delivery": true,
                    "inStore": true,
                    "shipToHome": false
                },
                "size": "1 ct"
            }
        ],
        "itemInformation": {},
        "temperature": {
            "indicator": "Ambient",
            "heatSensitive": false
        }
    },
    {
        "productId": "0003160066232",
        "upc": "0003160066232",
        "productPageURI": "/p/kiwi-black-hiking-boots-laces-pair-black-sandstone/0003160066232?cid=dis.api.tpi_products-api_20240521_b:all_c:np_t:lookupproduct-243261",
        "aisleLocations": [],
        "brand": "KIWI\u00ae",
        "categories": [
            "Apparel"
        ],
        "description": "KIWI\u00ae Black Hiking Boots Laces Pair - Black/Sandstone",
        "images": [
            {
                "perspective": "back",
                "sizes": [
                    {
                        "size": "xlarge",
                        "url": "https://www.kroger.com/product/images/xlarge/back/0003160066232"
                    },
                    {
                        "size": "large",
                        "url": "https://www.kroger.com/product/images/large/back/0003160066232"
                    },
                    {
                        "size": "medium",
                        "url": "https://www.kroger.com/product/images/medium/back/0003160066232"
                    },
                    {
                        "size": "small",
                        "url": "https://www.kroger.com/product/images/small/back/0003160066232"
                    },
                    {
                        "size": "thumbnail",
                        "url": "https://www.kroger.com/product/images/thumbnail/back/0003160066232"
                    }
                ]
            },
            {
                "perspective": "front",
                "featured": true,
                "sizes": [
                    {
                        "size": "xlarge",
                        "url": "https://www.kroger.com/product/images/xlarge/front/0003160066232"
                    },
                    {
                        "size": "large",
                        "url": "https://www.kroger.com/product/images/large/front/0003160066232"
                    },
                    {
                        "size": "medium",
                        "url": "https://www.kroger.com/product/images/medium/front/0003160066232"
                    },
                    {
                        "size": "small",
                        "url": "https://www.kroger.com/product/images/small/front/0003160066232"
                    },
                    {
                        "size": "thumbnail",
                        "url": "https://www.kroger.com/product/images/thumbnail/front/0003160066232"
                    }
                ]
            }
        ],
        "items": [
            {
                "itemId": "0003160066232",
                "inventory": {
                    "stockLevel": "HIGH"
                },
                "favorite": false,
                "fulfillment": {
                    "curbside": true,
                    "delivery": true,
                    "inStore": false,
                    "shipToHome": false
                },
                "size": "1 ct"
            }
        ],
        "itemInformation": {},
        "temperature": {
            "indicator": "Ambient",
            "heatSensitive": false
        }
    }
]