[
    {
        "productId": "0003600045130",
        "upc": "0003600045130",
        "productPageURI": "/p/pull-ups-learning-designs-girls-4t-5t-training-pants-56-count/0003600045130?cid=dis.api.tpi_products-api_20240521_b:all_c:np_t:lookupproduct-243261",
        "aisleLocations": [],
        "brand": "Pull-Ups",
        "categories": [
            "Baby"
        ],
        "description": "Pull-Ups Learning Designs Girls 4T-5T Training Pants 56 Count",
        "images": [
            {
                "perspective": "left",
                "sizes": [
                    {
                        "size": "xlarge",
                        "url": "https://www.kroger.com/product/images/xlarge/left/0003600045130"
                    },
                    {
                        "size": "large",
                        "url": "https://www.kroger.com/product/images/large/left/0003600045130"
                    },
                    {
                        "size": "medium",
                        "url": "https://www.kroger.com/product/images/medium/left/0003600045130"
                    },
                    {
                        "size": "small",
                        "url": "https://www.kroger.com/product/images/small/left/0003600045130"
                    },
                    {
                        "size": "thumbnail",
                        "url": "https://www.kroger.com/product/images/thumbnail/left/0003600045130"
                    }
                ]
            },
            {
                "perspective": "right",
                "sizes": [
                    {
                        "size": "xlarge",
                        "url": "https://www.kroger.com/product/images/xlarge/right/0003600045130"
                    },
                    {
                        "size": "large",
                        "url": "https://www.kroger.com/product/images/large/right/0003600045130"
                    },
                    {
                        "size": "medium",
                        "url": "https://www.kroger.com/product/images/medium/right/0003600045130"
                    },
                    {
                        "size": "small",
                        "url": "https://www.kroger.com/product/images/small/right/0003600045130"
                    },
                    {
                        "size": "thumbnail",
                        "url": "https://www.kroger.com/product/images/thumbnail/right/0003600045130"
                    }
                ]
            },
            {
                "perspective": "front",
                "featured": true,
                "sizes": [
                    {
                        "size": "xlarge",
                        "url": "https://www.kroger.com/product/images/xlarge/front/0003600045130"
                    },
                    {
                        "size": "large",
                        "url": "https://www.kroger.com/product/images/large/front/0003600045130"
                    },
                    {
                        "size": "medium",
                        "url": "https://www.kroger.com/product/images/medium/front/0003600045130"
                    },
                    {
                        "size": "small",
                        "url": "https://www.kroger.com/product/images/small/front/0003600045130"
                    },
                    {
                        "size": "thumbnail",
                        "url": "https://www.kroger.com/product/images/thumbnail/front/0003600045130"
                    }
                ]
            }
        ],
        "items": [
            {
                "itemId": "0003600045130",
                "favorite": false,
                "fulfillment": {
                    "curbside": false,
                    "delivery": false,
                    "inStore": false,
                    "shipToHome": false
                },
                "price": {
                    "regular": 31.99,
                    "promo": 0
                },
                "size": "56 ct",
                "soldBy": "UNIT"
            }
        ],
        "itemInformation": {},
        "temperature": {
            "indicator": "Ambient",
            "heatSensitive": false
        }
    },
    {
        "productId": "0003600051353",
        "upc": "0003600051353",
        "productPageURI": "/p/pull-ups-learning-designs-girls-training-pants-3t-4t/0003600051353?cid=dis.api.tpi_products-api_20240521_b:all_c:np_t:lookupproduct-243261",
        "aisleLocations": [
            {
                "bayNumber": "3",
                "description": "AISLE 12",
                "number": "12",
                "numberOfFacings": "1",
                "side": "R",
                "shelfNumber": "4",
                "shelfPositionInBay": "1"
            }
        ],
        "brand": "Pull-Ups",
        "categories": [
            "Baby"
        ],
        "description": "Pull-Ups Learning Designs Girls' Training Pants 3T-4T",
        "images": [
            {
                "perspective": "left",
                "sizes": [
                    {
                        "size": "xlarge",
                        "url": "https://www.kroger.com/product/images/xlarge/left/0003600051353"
                    },
                    {
                        "size": "large",
                        "url": "https://www.kroger.com/product/images/large/left/0003600051353"
                    },
                    {
                        "size": "medium",
                        "url": "https://www.kroger.com/product/images/medium/left/0003600051353"
                    },
                    {
                        "size": "small",
                        "url": "https://www.kroger.com/product/images/small/left/0003600051353"
                    },
                    {
                        "size": "thumbnail",
                        "url": "https://www.kroger.com/product/images/thumbnail/left/0003600051353"
                    }
                ]
            },
            {
                "perspective": "front",
                "featured": true,
                "sizes": [
                    {
                        "size": "xlarge",
                        "url": "https://www.kroger.com/product/images/xlarge/front/0003600051353"
                    },
                    {
                        "size": "large",
                        "url": "https://www.kroger.com/product/images/large/front/0003600051353"
                    },
                    {
                        "size": "medium",
                        "url": "https://www.kroger.com/product/images/medium/front/0003600051353"
                    },
                    {
                        "size": "small",
                        "url": "https://www.kroger.com/product/images/small/front/0003600051353"
                    },
                    {
                        "size": "thumbnail",
                        "url": "https://www.kroger.com/product/images/thumbnail/front/0003600051353"
                    }
                ]
            },
            {
                "perspective": "right",
                "sizes": [
                    {
                        "size": "xlarge",
                        "url": "https://www.kroger.com/product/images/xlarge/right/0003600051353"
                    },
                    {
                        "size": "large",
                        "url": "https://www.kroger.com/product/images/large/right/0003600051353"
                    },
                    {
                        "size": "medium",
                        "url": "https://www.kroger.com/product/images/medium/right/0003600051353"
                    },
                    {
                        "size": "small",
                        "url": "https://www.kroger.com/product/images/small/right/0003600051353"
                    },
                    {
                        "size": "thumbnail",
                        "url": "https://www.kroger.com/product/images/thumbnail/right/0003600051353"
                    }
                ]
            }
        ],
        "items": [
            {
                "itemId": "0003600051353",
                "inventory": {
                    "stockLevel": "HIGH"
                },
                "favorite": false,
                "fulfillment": {
                    "curbside": true,
                    "delivery": true,
                    "inStore": true,
                    "shipToHome": false
                },
                "price": {
                    "regular": 10.49,
                    "promo": 0
                },
                "size": "20 ct",
                "soldBy": "UNIT"
            }
        ],
        "itemInformation": {},
        "temperature": {
            "indicator": "Ambient",
            "heatSensitive": false
        }
    },
    {
        "productId": "0003600051334",
        "upc": "0003600051334",
        "productPageURI": "/p/pull-ups-learning-designs-boys-training-pants-2t-3t/0003600051334?cid=dis.api.tpi_products-api_20240521_b:all_c:np_t:lookupproduct-243261",
        "aisleLocations": [
            {
                "bayNumber": "4",
                "description": "AISLE 12",
                "number": "12",
                "numberOfFacings": "1",
                "side": "R",
                "shelfNumber": "4",
                "shelfPositionInBay": "2"
            }
        ],
        "brand": "Pull-Ups",
        "categories": [
            "Baby"
        ],
        "description": "Pull-Ups Learning Designs Boys' Training Pants 2T-3T",
        "images": [
            {
                "perspective": "front",
                "featured": true,
                "sizes": [
                    {
                        "size": "xlarge",
                        "url": "https://www.kroger.com/product/images/xlarge/front/0003600051334"
                    },
                    {
                        "size": "large",
                        "url": "https://www.kroger.com/product/images/large/front/0003600051334"
                    },
                    {
                        "size": "medium",
                        "url": "https://www.kroger.com/product/images/medium/front/0003600051334"
                    },
                    {
                        "size": "small",
                        "url": "https://www.kroger.com/product/images/small/front/0003600051334"
                    },
                    {
                        "size": "thumbnail",
                        "url": "https://www.kroger.com/product/images/thumbnail/front/0003600051334"
                    }
                ]
            }
        ],
        "items": [
            {
                "itemId": "0003600051334",
                "inventory": {
                    "stockLevel": "HIGH"
                },
                "favorite": false,
                "fulfillment": {
                    "curbside": true,
                    "delivery": true,
                    "inStore": true,
                    "shipToHome": false
                },
                "price": {
                    "regular": 10.49,
                    "promo": 0
                },
                "size": "23 ct",
                "soldBy": "UNIT"
            }
        ],
        "itemInformation": {},
        "temperature": {
            "indicator": "Ambient",
            "heatSensitive": false
        }
    },
    {
        "productId": "0003600051357",
        "upc": "0003600051357",
        "productPageURI": "/p/pull-ups-learning-designs-girls-training-pants-4t-5t/0003600051357?cid=dis.api.tpi_products-api_20240521_b:all_c:np_t:lookupproduct-243261",
        "aisleLocations": [
            {
                "bayNumber": "3",
                "description": "AISLE 12",
                "number": "12",
                "numberOfFacings": "1",
                "side": "R",
                "shelfNumber": "4",
                "shelfPositionInBay": "3"
            }
        ],
        "brand": "Pull-Ups",
        "categories": [
            "Baby"
        ],
        "description": "Pull-Ups Learning Designs Girls' Training Pants 4T-5T",
        "images": [
            {
                "perspective": "right",
                "sizes": [
                    {
                        "size": "xlarge",
                        "url": "https://www.kroger.com/product/images/xlarge/right/0003600051357"
                    },
                    {
                        "size": "large",
                        "url": "https://www.kroger.com/product/images/large/right/0003600051357"
                    },
                    {
                        "size": "medium",
                        "url": "https://www.kroger.com/product/images/medium/right/0003600051357"
                    },
                    {
                        "size": "small",
                        "url": "https://www.kroger.com/product/images/small/right/0003600051357"
                    },
                    {
                        "size": "thumbnail",
                        "url": "https://www.kroger.com/product/images/thumbnail/right/0003600051357"
                    }
                ]
            },
            {
                "perspective": "front",
                "featured": true,
                "sizes": [
                    {
                        "size": "xlarge",
                        "url": "https://www.kroger.com/product/images/xlarge/front/0003600051357"
                    },
                    {
                        "size": "large",
                        "url": "https://www.kroger.com/product/images/large/front/0003600051357"
                    },
                    {
                        "size": "medium",
                        "url": "https://www.kroger.com/product/images/medium/front/0003600051357"
                    },
                    {
                        "size": "small",
                        "url": "https://www.kroger.com/product/images/small/front/0003600051357"
                    },
                    {
                        "size": "thumbnail",
                        "url": "https://www.kroger.com/product/images/thumbnail/front/0003600051357"
                    }
                ]
            }
        ],
        "items": [
            {
                "itemId": "0003600051357",
                "inventory": {
                    "stockLevel": "HIGH"
                },
                "favorite": false,
                "fulfillment": {
                    "curbside": true,
                    "delivery": true,
                    "inStore": true,
                    "shipToHome": false
                },
                "price": {
                    "regular": 10.49,
                    "promo": 0
                },
                "size": "17 ct",
                "soldBy": "UNIT"
            }
        ],
        "itemInformation": {},
        "temperature": {
            "indicator": "Ambient",
            "heatSensitive": false
        }
    },
    {
        "productId": "0003600051335",
        "upc": "0003600051335",
        "productPageURI": "/p/pull-ups-learning-designs-girls-training-pants-2t-3t/0003600051335?cid=dis.api.tpi_products-api_20240521_b:all_c:np_t:lookupproduct-243261",
        "aisleLocations": [
            {
                "bayNumber": "4",
                "description": "AISLE 12",
                "number": "12",
                "numberOfFacings": "1",
                "side": "R",
                "shelfNumber": "4",
                "shelfPositionInBay": "7"
            }
        ],
        "brand": "Pull-Ups",
        "categories": [
            "Baby"
        ],
        "description": "Pull-Ups Learning Designs Girls' Training Pants 2T-3T",
        "images": [
            {
                "perspective": "right",
                "sizes": [
                    {
                        "size": "xlarge",
                        "url": "https://www.kroger.com/product/images/xlarge/right/0003600051335"
                    },
                    {
                        "size": "large",
                        "url": "https://www.kroger.com/product/images/large/right/0003600051335"
                    },
                    {
                        "size": "medium",
                        "url": "https://www.kroger.com/product/images/medium/right/0003600051335"
                    },
                    {
                        "size": "small",
                        "url": "https://www.kroger.com/product/images/small/right/0003600051335"
                    },
                    {
                        "size": "thumbnail",
                        "url": "https://www.kroger.com/product/images/thumbnail/right/0003600051335"
                    }
                ]
            },
            {
                "perspective": "front",
                "featured": true,
                "sizes": [
                    {
                        "size": "xlarge",
                        "url": "https://www.kroger.com/product/images/xlarge/front/0003600051335"
                    },
                    {
                        "size": "large",
                        "url": "https://www.kroger.com/product/images/large/front/0003600051335"
                    },
                    {
                        "size": "medium",
                        "url": "https://www.kroger.com/product/images/medium/front/0003600051335"
                    },
                    {
                        "size": "small",
                        "url": "https://www.kroger.com/product/images/small/front/0003600051335"
                    },
                    {
                        "size": "thumbnail",
                        "url": "https://www.kroger.com/product/images/thumbnail/front/0003600051335"
                    }
                ]
            }
        ],
        "items": [
            {
                "itemId": "0003600051335",
                "inventory": {
                    "stockLevel": "HIGH"
                },
                "favorite": false,
                "fulfillment": {
                    "curbside": true,
                    "delivery": true,
                    "inStore": true,
                    "shipToHome": false
                },
                "price": {
                    "regular": 10.49,
                    "promo": 0
                },
                "size": "23 ct",
                "soldBy": "UNIT"
            }
        ],
        "itemInformation": {},
        "temperature": {
            "indicator": "Ambient",
            "heatSensitive": false
        }
    },
    {
        "productId": "0003600051358",
        "upc": "0003600051358",
        "productPageURI": "/p/pull-ups-learning-designs-boys-training-pants-4t-5t/0003600051358?cid=dis.api.tpi_products-api_20240521_b:all_c:np_t:lookupproduct-243261",
        "aisleLocations": [
            {
                "bayNumber": "4",
                "description": "AISLE 12",
                "number": "12",
                "numberOfFacings": "1",
                "side": "R",
                "shelfNumber": "4",
                "shelfPositionInBay": "5"
            }
        ],
        "brand": "Pull-Ups",
        "categories": [
            "Baby"
        ],
        "description": "Pull-Ups Learning Designs Boys' Training Pants 4T-5T",
        "images": [
            {
                "perspective": "front",
                "featured": true,
                "sizes": [
                    {
                        "size": "xlarge",
                        "url": "https://www.kroger.com/product/images/xlarge/front/0003600051358"
                    },
                    {
                        "size": "large",
                        "url": "https://www.kroger.com/product/images/large/front/0003600051358"
                    },
                    {
                        "size": "medium",
                        "url": "https://www.kroger.com/product/images/medium/front/0003600051358"
                    },
                    {
                        "size": "small",
                        "url": "https://www.kroger.com/product/images/small/front/0003600051358"
                    },
                    {
                        "size": "thumbnail",
                        "url": "https://www.kroger.com/product/images/thumbnail/front/0003600051358"
                    }
                ]
            },
            {
                "perspective": "right",
                "sizes": [
                    {
                        "size": "xlarge",
                        "url": "https://www.kroger.com/product/images/xlarge/right/0003600051358"
                    },
                    {
                        "size": "large",
                        "url": "https://www.kroger.com/product/images/large/right/0003600051358"
                    },
                    {
                        "size": "medium",
                        "url": "https://www.kroger.com/product/images/medium/right/0003600051358"
                    },
                    {
                        "size": "small",
                        "url": "https://www.kroger.com/product/images/small/right/0003600051358"
                    },
                    {
                        "size": "thumbnail",
                        "url": "https://www.kroger.com/product/images/thumbnail/right/0003600051358"
                    }
                ]
            }
        ],
        "items": [
            {
                "itemId": "0003600051358",
                "inventory": {
                    "stockLevel": "HIGH"
                },
                "favorite": false,
                "fulfillment": {
                    "curbside": true,
                    "delivery": true,
                    "inStore": true,
                    "shipToHome": false
                },
                "price": {
                    "regular": 10.49,
                    "promo": 0
                },
                "size": "17 ct",
                "soldBy": "UNIT"
            }
        ],
        "itemInformation": {},
        "temperature": {
            "indicator": "Ambient",
            "heatSensitive": false
        }
    }
]